-- ============================================================================
-- SEED FILE - Sports Health Nexus
-- ============================================================================
-- This file contains all data from your local database
--
-- Usage:
--   1. Create a fresh database: npx supabase db reset
--   2. This seed file runs automatically after migrations
--
-- What's included:
--   - All users (auth.users)
--   - All profiles
--   - All clubs, packages, activities
--   - All club members and enrollments
--   - All transactions
--   - All children
--
-- Note: Disables triggers and RLS during seeding for performance
-- ============================================================================

SET session_replication_role = replica;

--
-- PostgreSQL database dump
--

-- \restrict 6qrd6LEb3kaVjudWS3ERBIyXDuCmUTw3qcLNBAvS1A3a5DUPQewUuzDJiqWn4wf

-- Dumped from database version 17.6
-- Dumped by pg_dump version 17.6

SET statement_timeout = 0;
SET lock_timeout = 0;
SET idle_in_transaction_session_timeout = 0;
SET transaction_timeout = 0;
SET client_encoding = 'UTF8';
SET standard_conforming_strings = on;
SELECT pg_catalog.set_config('search_path', '', false);
SET check_function_bodies = false;
SET xmloption = content;
SET client_min_messages = warning;
SET row_security = off;

--
-- Data for Name: audit_log_entries; Type: TABLE DATA; Schema: auth; Owner: supabase_auth_admin
--

INSERT INTO "auth"."audit_log_entries" ("instance_id", "id", "payload", "created_at", "ip_address") VALUES
	('00000000-0000-0000-0000-000000000000', '3163571b-8b22-4ea6-a91f-2e888aa128f7', '{"action":"user_signedup","actor_id":"621e3afd-2f52-4a86-a419-9d70be632530","actor_username":"yousiftest@ccn.com","actor_via_sso":false,"log_type":"team","traits":{"provider":"email"}}', '2025-10-29 12:16:48.899722+00', ''),
	('00000000-0000-0000-0000-000000000000', '5f3cc8ec-c464-4f76-8fc6-80f0634119a6', '{"action":"login","actor_id":"621e3afd-2f52-4a86-a419-9d70be632530","actor_username":"yousiftest@ccn.com","actor_via_sso":false,"log_type":"account","traits":{"provider":"email"}}', '2025-10-29 12:16:48.903006+00', ''),
	('00000000-0000-0000-0000-000000000000', '50c0926d-0e5c-4a9d-a3ef-e45a27c4fa03', '{"action":"logout","actor_id":"621e3afd-2f52-4a86-a419-9d70be632530","actor_username":"yousiftest@ccn.com","actor_via_sso":false,"log_type":"account"}', '2025-10-29 12:19:31.908003+00', ''),
	('00000000-0000-0000-0000-000000000000', 'fd395d5e-7056-489e-81e9-55e7bd89b18a', '{"action":"login","actor_id":"3f9a5abf-a9c8-46de-ad7f-0466a8c1e054","actor_username":"platformtakeone@gmail.com","actor_via_sso":false,"log_type":"account","traits":{"provider":"email"}}', '2025-10-30 06:51:06.70656+00', ''),
	('00000000-0000-0000-0000-000000000000', 'd17f1311-1ee6-4a1c-911a-36a5523b425b', '{"action":"logout","actor_id":"3f9a5abf-a9c8-46de-ad7f-0466a8c1e054","actor_username":"platformtakeone@gmail.com","actor_via_sso":false,"log_type":"account"}', '2025-10-30 06:56:38.790559+00', ''),
	('00000000-0000-0000-0000-000000000000', 'ffc37891-401b-4dd7-a3cc-32ed09317dea', '{"action":"user_signedup","actor_id":"2f7aaf17-cd15-43a5-b296-3f1ee3d0ab9f","actor_username":"testyousif@cnn.com","actor_via_sso":false,"log_type":"team","traits":{"provider":"email"}}', '2025-10-30 07:28:54.486762+00', ''),
	('00000000-0000-0000-0000-000000000000', 'df5c0322-43c4-4cee-af61-0eca3ed5dc38', '{"action":"login","actor_id":"2f7aaf17-cd15-43a5-b296-3f1ee3d0ab9f","actor_username":"testyousif@cnn.com","actor_via_sso":false,"log_type":"account","traits":{"provider":"email"}}', '2025-10-30 07:28:54.489643+00', ''),
	('00000000-0000-0000-0000-000000000000', '142d1a0f-026d-4554-b5cc-92c85e4d94ca', '{"action":"logout","actor_id":"2f7aaf17-cd15-43a5-b296-3f1ee3d0ab9f","actor_username":"testyousif@cnn.com","actor_via_sso":false,"log_type":"account"}', '2025-10-30 07:30:40.104713+00', ''),
	('00000000-0000-0000-0000-000000000000', 'e3d0618d-3588-491b-ae32-40155a7d5c41', '{"action":"login","actor_id":"3f9a5abf-a9c8-46de-ad7f-0466a8c1e054","actor_username":"platformtakeone@gmail.com","actor_via_sso":false,"log_type":"account","traits":{"provider":"email"}}', '2025-10-30 07:31:18.968953+00', ''),
	('00000000-0000-0000-0000-000000000000', '21ff2759-84c9-4a5a-88f1-18a7fbfe2b9c', '{"action":"token_refreshed","actor_id":"3f9a5abf-a9c8-46de-ad7f-0466a8c1e054","actor_username":"platformtakeone@gmail.com","actor_via_sso":false,"log_type":"token"}', '2025-10-30 08:29:58.892581+00', ''),
	('00000000-0000-0000-0000-000000000000', 'e512ff4e-a935-4773-b2c9-83870b850c0d', '{"action":"token_revoked","actor_id":"3f9a5abf-a9c8-46de-ad7f-0466a8c1e054","actor_username":"platformtakeone@gmail.com","actor_via_sso":false,"log_type":"token"}', '2025-10-30 08:29:58.893832+00', ''),
	('00000000-0000-0000-0000-000000000000', 'd1661aed-7a2d-4ff3-ac9d-9b01943a9489', '{"action":"token_refreshed","actor_id":"3f9a5abf-a9c8-46de-ad7f-0466a8c1e054","actor_username":"platformtakeone@gmail.com","actor_via_sso":false,"log_type":"token"}', '2025-10-30 09:28:52.490638+00', ''),
	('00000000-0000-0000-0000-000000000000', '72199095-323b-4016-9f7a-b413deb1f7a1', '{"action":"token_revoked","actor_id":"3f9a5abf-a9c8-46de-ad7f-0466a8c1e054","actor_username":"platformtakeone@gmail.com","actor_via_sso":false,"log_type":"token"}', '2025-10-30 09:28:52.491751+00', ''),
	('00000000-0000-0000-0000-000000000000', 'c61fd1d0-c7a8-45e4-ad92-91734693c762', '{"action":"token_refreshed","actor_id":"3f9a5abf-a9c8-46de-ad7f-0466a8c1e054","actor_username":"platformtakeone@gmail.com","actor_via_sso":false,"log_type":"token"}', '2025-10-30 10:27:35.16605+00', ''),
	('00000000-0000-0000-0000-000000000000', '56a45c2d-abde-48b2-bb4c-b218018ee751', '{"action":"token_revoked","actor_id":"3f9a5abf-a9c8-46de-ad7f-0466a8c1e054","actor_username":"platformtakeone@gmail.com","actor_via_sso":false,"log_type":"token"}', '2025-10-30 10:27:35.167346+00', ''),
	('00000000-0000-0000-0000-000000000000', '46457327-b1e0-462b-afbe-3c4d6268f2c6', '{"action":"logout","actor_id":"3f9a5abf-a9c8-46de-ad7f-0466a8c1e054","actor_username":"platformtakeone@gmail.com","actor_via_sso":false,"log_type":"account"}', '2025-10-30 11:07:28.451329+00', ''),
	('00000000-0000-0000-0000-000000000000', '4fe96882-5102-4ac0-a88e-bee4850ea01e', '{"action":"login","actor_id":"3f9a5abf-a9c8-46de-ad7f-0466a8c1e054","actor_username":"platformtakeone@gmail.com","actor_via_sso":false,"log_type":"account","traits":{"provider":"email"}}', '2025-10-30 11:09:59.677791+00', ''),
	('00000000-0000-0000-0000-000000000000', 'bc5a9b1b-3130-419f-9fb1-016d6e49dcbe', '{"action":"logout","actor_id":"3f9a5abf-a9c8-46de-ad7f-0466a8c1e054","actor_username":"platformtakeone@gmail.com","actor_via_sso":false,"log_type":"account"}', '2025-10-30 11:11:02.864991+00', ''),
	('00000000-0000-0000-0000-000000000000', '4ef15c13-fe0e-400d-bf23-a4190351f33c', '{"action":"login","actor_id":"3f9a5abf-a9c8-46de-ad7f-0466a8c1e054","actor_username":"platformtakeone@gmail.com","actor_via_sso":false,"log_type":"account","traits":{"provider":"email"}}', '2025-10-30 11:52:32.303238+00', ''),
	('00000000-0000-0000-0000-000000000000', '004ba1bb-dc5b-48dc-9f29-f03e667f7555', '{"action":"logout","actor_id":"3f9a5abf-a9c8-46de-ad7f-0466a8c1e054","actor_username":"platformtakeone@gmail.com","actor_via_sso":false,"log_type":"account"}', '2025-10-30 11:52:48.313621+00', ''),
	('00000000-0000-0000-0000-000000000000', 'e7ab3935-889d-466a-85a0-22e601d0a660', '{"action":"login","actor_id":"621e3afd-2f52-4a86-a419-9d70be632530","actor_username":"yousiftest@ccn.com","actor_via_sso":false,"log_type":"account","traits":{"provider":"email"}}', '2025-10-30 11:54:37.118756+00', ''),
	('00000000-0000-0000-0000-000000000000', '97a1d2a9-a7dc-4229-b81f-5c7b59ca3b5f', '{"action":"user_repeated_signup","actor_id":"621e3afd-2f52-4a86-a419-9d70be632530","actor_username":"yousiftest@ccn.com","actor_via_sso":false,"log_type":"user","traits":{"provider":"email"}}', '2025-10-30 12:03:49.72708+00', ''),
	('00000000-0000-0000-0000-000000000000', 'a3507c50-94b7-4e58-ba95-fdba234eccdb', '{"action":"user_repeated_signup","actor_id":"621e3afd-2f52-4a86-a419-9d70be632530","actor_username":"yousiftest@ccn.com","actor_via_sso":false,"log_type":"user","traits":{"provider":"email"}}', '2025-10-30 12:03:57.920323+00', ''),
	('00000000-0000-0000-0000-000000000000', '05ba2903-45f9-4e38-87dd-9e1280a4f991', '{"action":"user_repeated_signup","actor_id":"621e3afd-2f52-4a86-a419-9d70be632530","actor_username":"yousiftest@ccn.com","actor_via_sso":false,"log_type":"user","traits":{"provider":"email"}}', '2025-10-30 12:04:32.271488+00', ''),
	('00000000-0000-0000-0000-000000000000', '2321b49c-5a2b-4db8-8b11-83284fdda7ab', '{"action":"user_repeated_signup","actor_id":"621e3afd-2f52-4a86-a419-9d70be632530","actor_username":"yousiftest@ccn.com","actor_via_sso":false,"log_type":"user","traits":{"provider":"email"}}', '2025-10-30 12:07:45.168289+00', ''),
	('00000000-0000-0000-0000-000000000000', '0b55a365-bc31-4dc5-bc3c-31c9392a3d97', '{"action":"token_refreshed","actor_id":"621e3afd-2f52-4a86-a419-9d70be632530","actor_username":"yousiftest@ccn.com","actor_via_sso":false,"log_type":"token"}', '2025-10-30 12:53:02.19513+00', ''),
	('00000000-0000-0000-0000-000000000000', 'e28c06f8-49ff-426c-a2be-d5c026a2e3dc', '{"action":"token_revoked","actor_id":"621e3afd-2f52-4a86-a419-9d70be632530","actor_username":"yousiftest@ccn.com","actor_via_sso":false,"log_type":"token"}', '2025-10-30 12:53:02.195716+00', ''),
	('00000000-0000-0000-0000-000000000000', '80149067-b1c0-4b5f-8047-48c7d011e180', '{"action":"token_refreshed","actor_id":"621e3afd-2f52-4a86-a419-9d70be632530","actor_username":"yousiftest@ccn.com","actor_via_sso":false,"log_type":"token"}', '2025-10-30 13:36:32.554765+00', ''),
	('00000000-0000-0000-0000-000000000000', '9dbcc9c2-3086-4485-ba64-1e9c12da0c0c', '{"action":"token_revoked","actor_id":"621e3afd-2f52-4a86-a419-9d70be632530","actor_username":"yousiftest@ccn.com","actor_via_sso":false,"log_type":"token"}', '2025-10-30 13:36:32.555474+00', ''),
	('00000000-0000-0000-0000-000000000000', '3ebef126-bc8c-496b-9e70-80a41cb878be', '{"action":"token_refreshed","actor_id":"621e3afd-2f52-4a86-a419-9d70be632530","actor_username":"yousiftest@ccn.com","actor_via_sso":false,"log_type":"token"}', '2025-10-30 14:27:30.003752+00', ''),
	('00000000-0000-0000-0000-000000000000', 'a7d43fe3-115f-4611-a961-f685c71f983c', '{"action":"token_revoked","actor_id":"621e3afd-2f52-4a86-a419-9d70be632530","actor_username":"yousiftest@ccn.com","actor_via_sso":false,"log_type":"token"}', '2025-10-30 14:27:30.004729+00', ''),
	('00000000-0000-0000-0000-000000000000', 'ba78fae1-7a13-44c7-95f2-6820c844dac5', '{"action":"token_refreshed","actor_id":"621e3afd-2f52-4a86-a419-9d70be632530","actor_username":"yousiftest@ccn.com","actor_via_sso":false,"log_type":"token"}', '2025-10-30 15:26:32.346648+00', ''),
	('00000000-0000-0000-0000-000000000000', 'b828a8b0-58e5-4bfe-a598-e68ac5e9b32d', '{"action":"token_revoked","actor_id":"621e3afd-2f52-4a86-a419-9d70be632530","actor_username":"yousiftest@ccn.com","actor_via_sso":false,"log_type":"token"}', '2025-10-30 15:26:32.347868+00', ''),
	('00000000-0000-0000-0000-000000000000', '964c8166-77ae-4fb4-90b8-c5c0c4c01e66', '{"action":"token_refreshed","actor_id":"621e3afd-2f52-4a86-a419-9d70be632530","actor_username":"yousiftest@ccn.com","actor_via_sso":false,"log_type":"token"}', '2025-10-30 16:27:20.701376+00', ''),
	('00000000-0000-0000-0000-000000000000', '5bfc0d35-03af-4eac-ab12-c5142416ac65', '{"action":"token_revoked","actor_id":"621e3afd-2f52-4a86-a419-9d70be632530","actor_username":"yousiftest@ccn.com","actor_via_sso":false,"log_type":"token"}', '2025-10-30 16:27:20.702565+00', ''),
	('00000000-0000-0000-0000-000000000000', '3dbde9fc-e1a1-4799-ba22-d12c285e1f0b', '{"action":"token_refreshed","actor_id":"621e3afd-2f52-4a86-a419-9d70be632530","actor_username":"yousiftest@ccn.com","actor_via_sso":false,"log_type":"token"}', '2025-10-30 17:26:07.724848+00', ''),
	('00000000-0000-0000-0000-000000000000', 'b492ce7c-55b1-45ab-a13f-368a6517de31', '{"action":"token_revoked","actor_id":"621e3afd-2f52-4a86-a419-9d70be632530","actor_username":"yousiftest@ccn.com","actor_via_sso":false,"log_type":"token"}', '2025-10-30 17:26:07.725944+00', ''),
	('00000000-0000-0000-0000-000000000000', '31d6428b-ed5a-4194-8948-19762d688cff', '{"action":"token_refreshed","actor_id":"621e3afd-2f52-4a86-a419-9d70be632530","actor_username":"yousiftest@ccn.com","actor_via_sso":false,"log_type":"token"}', '2025-10-30 18:24:56.683504+00', ''),
	('00000000-0000-0000-0000-000000000000', '3f9a31bc-0b45-415a-804b-63bd0633c544', '{"action":"token_revoked","actor_id":"621e3afd-2f52-4a86-a419-9d70be632530","actor_username":"yousiftest@ccn.com","actor_via_sso":false,"log_type":"token"}', '2025-10-30 18:24:56.685077+00', ''),
	('00000000-0000-0000-0000-000000000000', '1bf8ec19-6a32-4b04-a611-8fb92ef58f76', '{"action":"token_refreshed","actor_id":"621e3afd-2f52-4a86-a419-9d70be632530","actor_username":"yousiftest@ccn.com","actor_via_sso":false,"log_type":"token"}', '2025-10-30 19:23:42.380829+00', ''),
	('00000000-0000-0000-0000-000000000000', '64e9721e-3f2d-474b-af8c-10249eab8ff8', '{"action":"token_revoked","actor_id":"621e3afd-2f52-4a86-a419-9d70be632530","actor_username":"yousiftest@ccn.com","actor_via_sso":false,"log_type":"token"}', '2025-10-30 19:23:42.381863+00', ''),
	('00000000-0000-0000-0000-000000000000', '6934d042-4145-4128-9263-e201163dba34', '{"action":"token_refreshed","actor_id":"621e3afd-2f52-4a86-a419-9d70be632530","actor_username":"yousiftest@ccn.com","actor_via_sso":false,"log_type":"token"}', '2025-10-30 20:22:32.701724+00', ''),
	('00000000-0000-0000-0000-000000000000', 'f0ebe589-d462-497b-b720-0e0b4db223ca', '{"action":"token_revoked","actor_id":"621e3afd-2f52-4a86-a419-9d70be632530","actor_username":"yousiftest@ccn.com","actor_via_sso":false,"log_type":"token"}', '2025-10-30 20:22:32.702783+00', ''),
	('00000000-0000-0000-0000-000000000000', '6e994dc4-ef40-420d-971a-0b7c92b6ce1f', '{"action":"token_refreshed","actor_id":"621e3afd-2f52-4a86-a419-9d70be632530","actor_username":"yousiftest@ccn.com","actor_via_sso":false,"log_type":"token"}', '2025-10-30 21:21:21.356333+00', ''),
	('00000000-0000-0000-0000-000000000000', '563ffa39-55c4-48ff-8780-6032b25fe43d', '{"action":"token_revoked","actor_id":"621e3afd-2f52-4a86-a419-9d70be632530","actor_username":"yousiftest@ccn.com","actor_via_sso":false,"log_type":"token"}', '2025-10-30 21:21:21.358324+00', ''),
	('00000000-0000-0000-0000-000000000000', '232eb81d-909e-49b0-8d65-bc7e706ef21f', '{"action":"token_refreshed","actor_id":"621e3afd-2f52-4a86-a419-9d70be632530","actor_username":"yousiftest@ccn.com","actor_via_sso":false,"log_type":"token"}', '2025-10-30 22:20:05.798983+00', ''),
	('00000000-0000-0000-0000-000000000000', 'd1fdd9ad-a1f0-45ce-b054-495a7e75a989', '{"action":"token_revoked","actor_id":"621e3afd-2f52-4a86-a419-9d70be632530","actor_username":"yousiftest@ccn.com","actor_via_sso":false,"log_type":"token"}', '2025-10-30 22:20:05.800244+00', ''),
	('00000000-0000-0000-0000-000000000000', '7344b3b0-1f3c-4355-958a-d1b62449014e', '{"action":"token_refreshed","actor_id":"621e3afd-2f52-4a86-a419-9d70be632530","actor_username":"yousiftest@ccn.com","actor_via_sso":false,"log_type":"token"}', '2025-10-30 23:27:03.535224+00', ''),
	('00000000-0000-0000-0000-000000000000', 'a3dc3938-f663-45bb-bd8a-6424a3421c42', '{"action":"token_revoked","actor_id":"621e3afd-2f52-4a86-a419-9d70be632530","actor_username":"yousiftest@ccn.com","actor_via_sso":false,"log_type":"token"}', '2025-10-30 23:27:03.536526+00', ''),
	('00000000-0000-0000-0000-000000000000', '97ea5657-fd7c-477e-944f-fce3bc402c0d', '{"action":"token_refreshed","actor_id":"621e3afd-2f52-4a86-a419-9d70be632530","actor_username":"yousiftest@ccn.com","actor_via_sso":false,"log_type":"token"}', '2025-10-31 00:14:59.756353+00', ''),
	('00000000-0000-0000-0000-000000000000', '240f94a5-6459-436b-90e2-58e5bc714c0a', '{"action":"token_revoked","actor_id":"621e3afd-2f52-4a86-a419-9d70be632530","actor_username":"yousiftest@ccn.com","actor_via_sso":false,"log_type":"token"}', '2025-10-31 00:14:59.757075+00', ''),
	('00000000-0000-0000-0000-000000000000', 'ecb34764-03e4-4f61-bef0-c0781c9bb5e2', '{"action":"token_refreshed","actor_id":"621e3afd-2f52-4a86-a419-9d70be632530","actor_username":"yousiftest@ccn.com","actor_via_sso":false,"log_type":"token"}', '2025-10-31 01:17:32.16019+00', ''),
	('00000000-0000-0000-0000-000000000000', 'ea1b5535-64ce-4320-bf53-f4d8f602fbc7', '{"action":"token_revoked","actor_id":"621e3afd-2f52-4a86-a419-9d70be632530","actor_username":"yousiftest@ccn.com","actor_via_sso":false,"log_type":"token"}', '2025-10-31 01:17:32.162316+00', ''),
	('00000000-0000-0000-0000-000000000000', '36b50d5f-c2ac-402e-8ac8-f54d164cb415', '{"action":"token_refreshed","actor_id":"621e3afd-2f52-4a86-a419-9d70be632530","actor_username":"yousiftest@ccn.com","actor_via_sso":false,"log_type":"token"}', '2025-10-31 02:05:29.313885+00', ''),
	('00000000-0000-0000-0000-000000000000', 'acb70b85-0227-4bc5-84da-1d6718372323', '{"action":"token_revoked","actor_id":"621e3afd-2f52-4a86-a419-9d70be632530","actor_username":"yousiftest@ccn.com","actor_via_sso":false,"log_type":"token"}', '2025-10-31 02:05:29.315249+00', ''),
	('00000000-0000-0000-0000-000000000000', 'b0245c77-4c3d-4ab3-85bb-bd9352f2a7a8', '{"action":"token_refreshed","actor_id":"621e3afd-2f52-4a86-a419-9d70be632530","actor_username":"yousiftest@ccn.com","actor_via_sso":false,"log_type":"token"}', '2025-10-31 03:08:01.452693+00', ''),
	('00000000-0000-0000-0000-000000000000', '7cd767df-2190-4804-a017-38065e0c2649', '{"action":"token_revoked","actor_id":"621e3afd-2f52-4a86-a419-9d70be632530","actor_username":"yousiftest@ccn.com","actor_via_sso":false,"log_type":"token"}', '2025-10-31 03:08:01.453885+00', ''),
	('00000000-0000-0000-0000-000000000000', '17a6024c-db51-4e6e-9c47-84536aadf15b', '{"action":"token_refreshed","actor_id":"621e3afd-2f52-4a86-a419-9d70be632530","actor_username":"yousiftest@ccn.com","actor_via_sso":false,"log_type":"token"}', '2025-10-31 04:10:59.138806+00', ''),
	('00000000-0000-0000-0000-000000000000', 'ad2d6aad-bc28-4540-9f8b-3c3b99245f6d', '{"action":"token_revoked","actor_id":"621e3afd-2f52-4a86-a419-9d70be632530","actor_username":"yousiftest@ccn.com","actor_via_sso":false,"log_type":"token"}', '2025-10-31 04:10:59.139989+00', ''),
	('00000000-0000-0000-0000-000000000000', 'd4c2da93-ebc0-4cd8-b08d-4955e4a7b96b', '{"action":"token_refreshed","actor_id":"621e3afd-2f52-4a86-a419-9d70be632530","actor_username":"yousiftest@ccn.com","actor_via_sso":false,"log_type":"token"}', '2025-10-31 04:58:56.439936+00', ''),
	('00000000-0000-0000-0000-000000000000', 'bb44bfc5-0ade-4a5f-8a7d-dd68a6dde66f', '{"action":"token_revoked","actor_id":"621e3afd-2f52-4a86-a419-9d70be632530","actor_username":"yousiftest@ccn.com","actor_via_sso":false,"log_type":"token"}', '2025-10-31 04:58:56.441117+00', ''),
	('00000000-0000-0000-0000-000000000000', 'f58dc898-1832-4060-956b-616e26386f19', '{"action":"token_refreshed","actor_id":"621e3afd-2f52-4a86-a419-9d70be632530","actor_username":"yousiftest@ccn.com","actor_via_sso":false,"log_type":"token"}', '2025-10-31 06:11:58.948216+00', ''),
	('00000000-0000-0000-0000-000000000000', '9cd9681f-2e0a-4f9d-87ca-3ebcf2d96874', '{"action":"token_revoked","actor_id":"621e3afd-2f52-4a86-a419-9d70be632530","actor_username":"yousiftest@ccn.com","actor_via_sso":false,"log_type":"token"}', '2025-10-31 06:11:58.949499+00', ''),
	('00000000-0000-0000-0000-000000000000', 'fd7f470f-e3a3-4457-aa53-732f124dc360', '{"action":"token_refreshed","actor_id":"621e3afd-2f52-4a86-a419-9d70be632530","actor_username":"yousiftest@ccn.com","actor_via_sso":false,"log_type":"token"}', '2025-10-31 07:23:03.585062+00', ''),
	('00000000-0000-0000-0000-000000000000', 'bc8d7b5d-8dfc-4952-a25f-3ebe779b1455', '{"action":"token_revoked","actor_id":"621e3afd-2f52-4a86-a419-9d70be632530","actor_username":"yousiftest@ccn.com","actor_via_sso":false,"log_type":"token"}', '2025-10-31 07:23:03.586465+00', ''),
	('00000000-0000-0000-0000-000000000000', '54e90571-607f-4696-a1a1-d736ea7ac6ea', '{"action":"token_refreshed","actor_id":"621e3afd-2f52-4a86-a419-9d70be632530","actor_username":"yousiftest@ccn.com","actor_via_sso":false,"log_type":"token"}', '2025-10-31 08:14:27.977703+00', ''),
	('00000000-0000-0000-0000-000000000000', '2800184b-fd58-4c49-a237-0a3fb8f22a86', '{"action":"token_revoked","actor_id":"621e3afd-2f52-4a86-a419-9d70be632530","actor_username":"yousiftest@ccn.com","actor_via_sso":false,"log_type":"token"}', '2025-10-31 08:14:27.978484+00', ''),
	('00000000-0000-0000-0000-000000000000', '371555fb-dd3d-4a42-a53f-5858a9c7a446', '{"action":"token_refreshed","actor_id":"621e3afd-2f52-4a86-a419-9d70be632530","actor_username":"yousiftest@ccn.com","actor_via_sso":false,"log_type":"token"}', '2025-10-31 08:59:51.340852+00', ''),
	('00000000-0000-0000-0000-000000000000', '336f1d29-6ec5-4ced-b443-250dc6c74211', '{"action":"token_revoked","actor_id":"621e3afd-2f52-4a86-a419-9d70be632530","actor_username":"yousiftest@ccn.com","actor_via_sso":false,"log_type":"token"}', '2025-10-31 08:59:51.342756+00', ''),
	('00000000-0000-0000-0000-000000000000', '6e419ed1-8ee3-418f-9f07-fb3e6e83becb', '{"action":"token_refreshed","actor_id":"621e3afd-2f52-4a86-a419-9d70be632530","actor_username":"yousiftest@ccn.com","actor_via_sso":false,"log_type":"token"}', '2025-10-31 10:00:13.269933+00', ''),
	('00000000-0000-0000-0000-000000000000', '31896337-8511-4e2e-8969-e7c11ce3fb95', '{"action":"token_revoked","actor_id":"621e3afd-2f52-4a86-a419-9d70be632530","actor_username":"yousiftest@ccn.com","actor_via_sso":false,"log_type":"token"}', '2025-10-31 10:00:13.270622+00', ''),
	('00000000-0000-0000-0000-000000000000', '58ca3e77-9f6c-4795-b9e0-948304fa19cf', '{"action":"token_refreshed","actor_id":"621e3afd-2f52-4a86-a419-9d70be632530","actor_username":"yousiftest@ccn.com","actor_via_sso":false,"log_type":"token"}', '2025-10-31 10:45:59.948338+00', ''),
	('00000000-0000-0000-0000-000000000000', '715cd635-b5bd-44b8-bc11-16a7e1e69655', '{"action":"token_revoked","actor_id":"621e3afd-2f52-4a86-a419-9d70be632530","actor_username":"yousiftest@ccn.com","actor_via_sso":false,"log_type":"token"}', '2025-10-31 10:45:59.949212+00', ''),
	('00000000-0000-0000-0000-000000000000', '7cb3bc87-30d2-4d3a-80ff-efc929706216', '{"action":"token_refreshed","actor_id":"621e3afd-2f52-4a86-a419-9d70be632530","actor_username":"yousiftest@ccn.com","actor_via_sso":false,"log_type":"token"}', '2025-10-31 11:46:20.665471+00', ''),
	('00000000-0000-0000-0000-000000000000', '2393db0a-bbd6-4fad-bfe6-fe0033dd558e', '{"action":"token_revoked","actor_id":"621e3afd-2f52-4a86-a419-9d70be632530","actor_username":"yousiftest@ccn.com","actor_via_sso":false,"log_type":"token"}', '2025-10-31 11:46:20.668025+00', ''),
	('00000000-0000-0000-0000-000000000000', '059337da-475f-486e-a5cb-fa56aff89a96', '{"action":"token_refreshed","actor_id":"621e3afd-2f52-4a86-a419-9d70be632530","actor_username":"yousiftest@ccn.com","actor_via_sso":false,"log_type":"token"}', '2025-10-31 12:32:07.954906+00', ''),
	('00000000-0000-0000-0000-000000000000', '4777b197-3a53-4388-93c7-7d8dfa143773', '{"action":"token_revoked","actor_id":"621e3afd-2f52-4a86-a419-9d70be632530","actor_username":"yousiftest@ccn.com","actor_via_sso":false,"log_type":"token"}', '2025-10-31 12:32:07.957727+00', ''),
	('00000000-0000-0000-0000-000000000000', '2346c8e7-c306-46be-b88d-4d13188c3a56', '{"action":"token_refreshed","actor_id":"621e3afd-2f52-4a86-a419-9d70be632530","actor_username":"yousiftest@ccn.com","actor_via_sso":false,"log_type":"token"}', '2025-10-31 13:32:32.950202+00', ''),
	('00000000-0000-0000-0000-000000000000', '9a53ad92-9c6e-4741-90d1-6933752bbde3', '{"action":"token_revoked","actor_id":"621e3afd-2f52-4a86-a419-9d70be632530","actor_username":"yousiftest@ccn.com","actor_via_sso":false,"log_type":"token"}', '2025-10-31 13:32:32.951425+00', ''),
	('00000000-0000-0000-0000-000000000000', 'adfe8486-b1b6-4c7d-b3aa-c4c6c8dfdaf4', '{"action":"token_refreshed","actor_id":"621e3afd-2f52-4a86-a419-9d70be632530","actor_username":"yousiftest@ccn.com","actor_via_sso":false,"log_type":"token"}', '2025-10-31 14:33:32.058481+00', ''),
	('00000000-0000-0000-0000-000000000000', '9d9f757c-85b1-4b53-adc6-2a2aa1094630', '{"action":"token_revoked","actor_id":"621e3afd-2f52-4a86-a419-9d70be632530","actor_username":"yousiftest@ccn.com","actor_via_sso":false,"log_type":"token"}', '2025-10-31 14:33:32.059847+00', ''),
	('00000000-0000-0000-0000-000000000000', '73fc77a4-31a7-4b41-a129-b7cf2eea3e5c', '{"action":"token_refreshed","actor_id":"621e3afd-2f52-4a86-a419-9d70be632530","actor_username":"yousiftest@ccn.com","actor_via_sso":false,"log_type":"token"}', '2025-10-31 15:23:05.405131+00', ''),
	('00000000-0000-0000-0000-000000000000', 'f075a7c4-c111-400a-8264-654d1b68ecaf', '{"action":"token_revoked","actor_id":"621e3afd-2f52-4a86-a419-9d70be632530","actor_username":"yousiftest@ccn.com","actor_via_sso":false,"log_type":"token"}', '2025-10-31 15:23:05.407484+00', ''),
	('00000000-0000-0000-0000-000000000000', '930b7a5d-ecdc-4c4c-a166-13316fe2fb61', '{"action":"token_refreshed","actor_id":"621e3afd-2f52-4a86-a419-9d70be632530","actor_username":"yousiftest@ccn.com","actor_via_sso":false,"log_type":"token"}', '2025-10-31 16:25:53.797473+00', ''),
	('00000000-0000-0000-0000-000000000000', '0c1fcbfd-d9d6-4e62-8c67-3aeb40451b7c', '{"action":"token_revoked","actor_id":"621e3afd-2f52-4a86-a419-9d70be632530","actor_username":"yousiftest@ccn.com","actor_via_sso":false,"log_type":"token"}', '2025-10-31 16:25:53.79826+00', ''),
	('00000000-0000-0000-0000-000000000000', 'db394a5b-10fb-4835-b82b-1251cf5a055e', '{"action":"token_refreshed","actor_id":"621e3afd-2f52-4a86-a419-9d70be632530","actor_username":"yousiftest@ccn.com","actor_via_sso":false,"log_type":"token"}', '2025-10-31 17:09:28.566776+00', ''),
	('00000000-0000-0000-0000-000000000000', '5d38880b-7dda-4a0a-9db5-041fd315fa60', '{"action":"token_revoked","actor_id":"621e3afd-2f52-4a86-a419-9d70be632530","actor_username":"yousiftest@ccn.com","actor_via_sso":false,"log_type":"token"}', '2025-10-31 17:09:28.56797+00', ''),
	('00000000-0000-0000-0000-000000000000', 'dd088e7f-954e-4054-b4c8-b233589c0746', '{"action":"token_refreshed","actor_id":"621e3afd-2f52-4a86-a419-9d70be632530","actor_username":"yousiftest@ccn.com","actor_via_sso":false,"log_type":"token"}', '2025-10-31 18:35:20.14408+00', ''),
	('00000000-0000-0000-0000-000000000000', '6a145e21-653f-49b9-ad7a-22a2ca81cd02', '{"action":"token_revoked","actor_id":"621e3afd-2f52-4a86-a419-9d70be632530","actor_username":"yousiftest@ccn.com","actor_via_sso":false,"log_type":"token"}', '2025-10-31 18:35:20.144992+00', ''),
	('00000000-0000-0000-0000-000000000000', '9aa466ed-219f-4738-820a-6a0bb118a775', '{"action":"token_refreshed","actor_id":"621e3afd-2f52-4a86-a419-9d70be632530","actor_username":"yousiftest@ccn.com","actor_via_sso":false,"log_type":"token"}', '2025-10-31 18:58:01.080032+00', ''),
	('00000000-0000-0000-0000-000000000000', '169b17e2-e918-481a-9da0-ab4ed53aed56', '{"action":"token_revoked","actor_id":"621e3afd-2f52-4a86-a419-9d70be632530","actor_username":"yousiftest@ccn.com","actor_via_sso":false,"log_type":"token"}', '2025-10-31 18:58:01.081263+00', ''),
	('00000000-0000-0000-0000-000000000000', '7b7a2414-7930-4b62-b0e9-5c6228e5ee9c', '{"action":"token_refreshed","actor_id":"621e3afd-2f52-4a86-a419-9d70be632530","actor_username":"yousiftest@ccn.com","actor_via_sso":false,"log_type":"token"}', '2025-10-31 19:39:10.913376+00', ''),
	('00000000-0000-0000-0000-000000000000', 'd767344f-c6cc-4707-b825-153408d42c96', '{"action":"token_revoked","actor_id":"621e3afd-2f52-4a86-a419-9d70be632530","actor_username":"yousiftest@ccn.com","actor_via_sso":false,"log_type":"token"}', '2025-10-31 19:39:10.914468+00', ''),
	('00000000-0000-0000-0000-000000000000', '6410c3f1-afad-488b-afac-90599d812673', '{"action":"token_refreshed","actor_id":"621e3afd-2f52-4a86-a419-9d70be632530","actor_username":"yousiftest@ccn.com","actor_via_sso":false,"log_type":"token"}', '2025-10-31 20:39:34.33476+00', ''),
	('00000000-0000-0000-0000-000000000000', 'bf153ea8-81ca-4477-945b-d837fc5ea733', '{"action":"token_revoked","actor_id":"621e3afd-2f52-4a86-a419-9d70be632530","actor_username":"yousiftest@ccn.com","actor_via_sso":false,"log_type":"token"}', '2025-10-31 20:39:34.336936+00', ''),
	('00000000-0000-0000-0000-000000000000', '161ec7d3-0211-4048-9c68-ff495f56be39', '{"action":"token_refreshed","actor_id":"621e3afd-2f52-4a86-a419-9d70be632530","actor_username":"yousiftest@ccn.com","actor_via_sso":false,"log_type":"token"}', '2025-10-31 21:40:23.133393+00', ''),
	('00000000-0000-0000-0000-000000000000', 'bb2e7bd8-a227-45a5-ab9a-46b54518ba8e', '{"action":"token_revoked","actor_id":"621e3afd-2f52-4a86-a419-9d70be632530","actor_username":"yousiftest@ccn.com","actor_via_sso":false,"log_type":"token"}', '2025-10-31 21:40:23.134544+00', ''),
	('00000000-0000-0000-0000-000000000000', '290dbe81-5384-49fb-8320-ac36f2640893', '{"action":"token_refreshed","actor_id":"621e3afd-2f52-4a86-a419-9d70be632530","actor_username":"yousiftest@ccn.com","actor_via_sso":false,"log_type":"token"}', '2025-10-31 22:28:46.138928+00', ''),
	('00000000-0000-0000-0000-000000000000', '0ac479dd-1a08-4c9f-b6dd-83147951d551', '{"action":"token_revoked","actor_id":"621e3afd-2f52-4a86-a419-9d70be632530","actor_username":"yousiftest@ccn.com","actor_via_sso":false,"log_type":"token"}', '2025-10-31 22:28:46.140521+00', ''),
	('00000000-0000-0000-0000-000000000000', 'f667fc2f-b149-41bf-a351-803d5e98bd5d', '{"action":"token_refreshed","actor_id":"621e3afd-2f52-4a86-a419-9d70be632530","actor_username":"yousiftest@ccn.com","actor_via_sso":false,"log_type":"token"}', '2025-10-31 23:33:09.381811+00', ''),
	('00000000-0000-0000-0000-000000000000', 'e68e0ac7-4488-4749-99d5-cb26728f3e43', '{"action":"token_revoked","actor_id":"621e3afd-2f52-4a86-a419-9d70be632530","actor_username":"yousiftest@ccn.com","actor_via_sso":false,"log_type":"token"}', '2025-10-31 23:33:09.391845+00', ''),
	('00000000-0000-0000-0000-000000000000', '0fa57675-feef-41a9-bf34-cb0efa77eca6', '{"action":"token_refreshed","actor_id":"621e3afd-2f52-4a86-a419-9d70be632530","actor_username":"yousiftest@ccn.com","actor_via_sso":false,"log_type":"token"}', '2025-11-01 00:23:58.720027+00', ''),
	('00000000-0000-0000-0000-000000000000', '1827d4c1-ec82-4119-afa6-1d5a5d0ed60e', '{"action":"token_revoked","actor_id":"621e3afd-2f52-4a86-a419-9d70be632530","actor_username":"yousiftest@ccn.com","actor_via_sso":false,"log_type":"token"}', '2025-11-01 00:23:58.721211+00', ''),
	('00000000-0000-0000-0000-000000000000', '7c5106c8-abfd-418a-847d-1ab17c6738e4', '{"action":"token_refreshed","actor_id":"621e3afd-2f52-4a86-a419-9d70be632530","actor_username":"yousiftest@ccn.com","actor_via_sso":false,"log_type":"token"}', '2025-11-01 01:11:30.164591+00', ''),
	('00000000-0000-0000-0000-000000000000', 'cf474120-8820-47cb-b047-fc093c0b3fd7', '{"action":"token_revoked","actor_id":"621e3afd-2f52-4a86-a419-9d70be632530","actor_username":"yousiftest@ccn.com","actor_via_sso":false,"log_type":"token"}', '2025-11-01 01:11:30.166222+00', ''),
	('00000000-0000-0000-0000-000000000000', '023d66d3-5569-4620-a59e-c09ce938a73f', '{"action":"token_refreshed","actor_id":"621e3afd-2f52-4a86-a419-9d70be632530","actor_username":"yousiftest@ccn.com","actor_via_sso":false,"log_type":"token"}', '2025-11-01 01:57:30.43205+00', ''),
	('00000000-0000-0000-0000-000000000000', '08e37481-81f0-4f36-a134-a84362d15cd2', '{"action":"token_revoked","actor_id":"621e3afd-2f52-4a86-a419-9d70be632530","actor_username":"yousiftest@ccn.com","actor_via_sso":false,"log_type":"token"}', '2025-11-01 01:57:30.433191+00', ''),
	('00000000-0000-0000-0000-000000000000', 'fd755579-c5f0-47cd-8241-904150acdbd1', '{"action":"token_refreshed","actor_id":"621e3afd-2f52-4a86-a419-9d70be632530","actor_username":"yousiftest@ccn.com","actor_via_sso":false,"log_type":"token"}', '2025-11-01 02:45:02.699727+00', ''),
	('00000000-0000-0000-0000-000000000000', '821d7c8c-9440-464c-a835-b1585c18ae9a', '{"action":"token_revoked","actor_id":"621e3afd-2f52-4a86-a419-9d70be632530","actor_username":"yousiftest@ccn.com","actor_via_sso":false,"log_type":"token"}', '2025-11-01 02:45:02.700491+00', ''),
	('00000000-0000-0000-0000-000000000000', '5a2e2432-7357-4388-b8d8-2f477c78aedc', '{"action":"token_refreshed","actor_id":"621e3afd-2f52-4a86-a419-9d70be632530","actor_username":"yousiftest@ccn.com","actor_via_sso":false,"log_type":"token"}', '2025-11-01 03:30:24.14993+00', ''),
	('00000000-0000-0000-0000-000000000000', 'b0a85270-5749-4d6e-bc14-a00bef5a39e9', '{"action":"token_revoked","actor_id":"621e3afd-2f52-4a86-a419-9d70be632530","actor_username":"yousiftest@ccn.com","actor_via_sso":false,"log_type":"token"}', '2025-11-01 03:30:24.151154+00', ''),
	('00000000-0000-0000-0000-000000000000', 'dc7096b1-0b45-4e04-b9fe-8cdab2878ba0', '{"action":"token_refreshed","actor_id":"621e3afd-2f52-4a86-a419-9d70be632530","actor_username":"yousiftest@ccn.com","actor_via_sso":false,"log_type":"token"}', '2025-11-01 04:15:20.86893+00', ''),
	('00000000-0000-0000-0000-000000000000', '04d99134-9163-414f-b836-8a95f614b1d6', '{"action":"token_revoked","actor_id":"621e3afd-2f52-4a86-a419-9d70be632530","actor_username":"yousiftest@ccn.com","actor_via_sso":false,"log_type":"token"}', '2025-11-01 04:15:20.869971+00', ''),
	('00000000-0000-0000-0000-000000000000', '779aa055-a212-4bb5-b895-231f6d17c629', '{"action":"token_refreshed","actor_id":"621e3afd-2f52-4a86-a419-9d70be632530","actor_username":"yousiftest@ccn.com","actor_via_sso":false,"log_type":"token"}', '2025-11-01 05:15:43.275265+00', ''),
	('00000000-0000-0000-0000-000000000000', 'f4eabfd9-70c2-4dab-8b31-82fd4f16d53a', '{"action":"token_revoked","actor_id":"621e3afd-2f52-4a86-a419-9d70be632530","actor_username":"yousiftest@ccn.com","actor_via_sso":false,"log_type":"token"}', '2025-11-01 05:15:43.275824+00', ''),
	('00000000-0000-0000-0000-000000000000', 'ea55fbbe-9760-4df9-b0bb-dafc0128aee9', '{"action":"token_refreshed","actor_id":"621e3afd-2f52-4a86-a419-9d70be632530","actor_username":"yousiftest@ccn.com","actor_via_sso":false,"log_type":"token"}', '2025-11-01 06:16:30.972329+00', ''),
	('00000000-0000-0000-0000-000000000000', 'a4621e0b-71ea-4d84-aa49-9cd1b3db84d3', '{"action":"token_revoked","actor_id":"621e3afd-2f52-4a86-a419-9d70be632530","actor_username":"yousiftest@ccn.com","actor_via_sso":false,"log_type":"token"}', '2025-11-01 06:16:30.973075+00', ''),
	('00000000-0000-0000-0000-000000000000', '60694544-0f52-4f35-85d2-8d87ff25e597', '{"action":"token_refreshed","actor_id":"621e3afd-2f52-4a86-a419-9d70be632530","actor_username":"yousiftest@ccn.com","actor_via_sso":false,"log_type":"token"}', '2025-11-01 07:01:00.987069+00', ''),
	('00000000-0000-0000-0000-000000000000', '2366c4b0-b853-4da6-a558-464cfccaaa29', '{"action":"token_revoked","actor_id":"621e3afd-2f52-4a86-a419-9d70be632530","actor_username":"yousiftest@ccn.com","actor_via_sso":false,"log_type":"token"}', '2025-11-01 07:01:00.988179+00', ''),
	('00000000-0000-0000-0000-000000000000', '8b3ad4a1-f403-4efa-b563-8a740223c5f3', '{"action":"token_refreshed","actor_id":"621e3afd-2f52-4a86-a419-9d70be632530","actor_username":"yousiftest@ccn.com","actor_via_sso":false,"log_type":"token"}', '2025-11-01 08:02:05.272068+00', ''),
	('00000000-0000-0000-0000-000000000000', '3b3f9ae4-36a8-4e6f-87f5-c0c9b84fed60', '{"action":"token_revoked","actor_id":"621e3afd-2f52-4a86-a419-9d70be632530","actor_username":"yousiftest@ccn.com","actor_via_sso":false,"log_type":"token"}', '2025-11-01 08:02:05.273461+00', ''),
	('00000000-0000-0000-0000-000000000000', 'e4e057c2-6f21-438b-ad9e-7521e67a2269', '{"action":"token_refreshed","actor_id":"621e3afd-2f52-4a86-a419-9d70be632530","actor_username":"yousiftest@ccn.com","actor_via_sso":false,"log_type":"token"}', '2025-11-01 08:50:02.912145+00', ''),
	('00000000-0000-0000-0000-000000000000', '1d2f4135-352c-4b55-b831-58dc3e9ad51e', '{"action":"token_revoked","actor_id":"621e3afd-2f52-4a86-a419-9d70be632530","actor_username":"yousiftest@ccn.com","actor_via_sso":false,"log_type":"token"}', '2025-11-01 08:50:02.913483+00', ''),
	('00000000-0000-0000-0000-000000000000', 'f48e1f0f-3b2c-4535-8a89-e96e118a6326', '{"action":"token_refreshed","actor_id":"621e3afd-2f52-4a86-a419-9d70be632530","actor_username":"yousiftest@ccn.com","actor_via_sso":false,"log_type":"token"}', '2025-11-01 09:50:24.954949+00', ''),
	('00000000-0000-0000-0000-000000000000', '944a25c8-fc56-49b7-b248-af2e3feaafe4', '{"action":"token_revoked","actor_id":"621e3afd-2f52-4a86-a419-9d70be632530","actor_username":"yousiftest@ccn.com","actor_via_sso":false,"log_type":"token"}', '2025-11-01 09:50:24.956172+00', ''),
	('00000000-0000-0000-0000-000000000000', 'dfa3fa29-8d97-4b3c-867e-b7eea8a69434', '{"action":"token_refreshed","actor_id":"621e3afd-2f52-4a86-a419-9d70be632530","actor_username":"yousiftest@ccn.com","actor_via_sso":false,"log_type":"token"}', '2025-11-01 10:36:11.714176+00', ''),
	('00000000-0000-0000-0000-000000000000', 'a7f106bd-f403-4b63-b74b-ef043888e272', '{"action":"token_revoked","actor_id":"621e3afd-2f52-4a86-a419-9d70be632530","actor_username":"yousiftest@ccn.com","actor_via_sso":false,"log_type":"token"}', '2025-11-01 10:36:11.715322+00', ''),
	('00000000-0000-0000-0000-000000000000', '33cc8486-d303-40f4-9538-c77dda319605', '{"action":"token_refreshed","actor_id":"621e3afd-2f52-4a86-a419-9d70be632530","actor_username":"yousiftest@ccn.com","actor_via_sso":false,"log_type":"token"}', '2025-11-01 11:36:33.929695+00', ''),
	('00000000-0000-0000-0000-000000000000', 'fea91421-6d88-4fa5-aa82-a12d82736912', '{"action":"token_revoked","actor_id":"621e3afd-2f52-4a86-a419-9d70be632530","actor_username":"yousiftest@ccn.com","actor_via_sso":false,"log_type":"token"}', '2025-11-01 11:36:33.931472+00', ''),
	('00000000-0000-0000-0000-000000000000', '532732c2-bcb1-493f-b1a4-e89f7716c8bf', '{"action":"token_refreshed","actor_id":"621e3afd-2f52-4a86-a419-9d70be632530","actor_username":"yousiftest@ccn.com","actor_via_sso":false,"log_type":"token"}', '2025-11-01 12:22:20.750528+00', ''),
	('00000000-0000-0000-0000-000000000000', 'dbd8058c-13fb-45b4-b0f0-1850ec952594', '{"action":"token_revoked","actor_id":"621e3afd-2f52-4a86-a419-9d70be632530","actor_username":"yousiftest@ccn.com","actor_via_sso":false,"log_type":"token"}', '2025-11-01 12:22:20.751911+00', ''),
	('00000000-0000-0000-0000-000000000000', '988f140e-8516-4325-9dc5-443067b23f3c', '{"action":"token_refreshed","actor_id":"621e3afd-2f52-4a86-a419-9d70be632530","actor_username":"yousiftest@ccn.com","actor_via_sso":false,"log_type":"token"}', '2025-11-01 13:22:43.316069+00', ''),
	('00000000-0000-0000-0000-000000000000', '55949d76-9d35-43b8-bd73-d50cc67fa7f2', '{"action":"token_revoked","actor_id":"621e3afd-2f52-4a86-a419-9d70be632530","actor_username":"yousiftest@ccn.com","actor_via_sso":false,"log_type":"token"}', '2025-11-01 13:22:43.316761+00', ''),
	('00000000-0000-0000-0000-000000000000', 'f40a00ea-392b-4bb2-8ae2-bc43ec88c0ab', '{"action":"token_refreshed","actor_id":"621e3afd-2f52-4a86-a419-9d70be632530","actor_username":"yousiftest@ccn.com","actor_via_sso":false,"log_type":"token"}', '2025-11-01 14:08:29.895079+00', ''),
	('00000000-0000-0000-0000-000000000000', '21376d53-c8d9-4abd-9b2c-6aecaa399d99', '{"action":"token_revoked","actor_id":"621e3afd-2f52-4a86-a419-9d70be632530","actor_username":"yousiftest@ccn.com","actor_via_sso":false,"log_type":"token"}', '2025-11-01 14:08:29.896289+00', ''),
	('00000000-0000-0000-0000-000000000000', '8239b4e3-0d82-42be-9021-24dad5878df5', '{"action":"token_refreshed","actor_id":"621e3afd-2f52-4a86-a419-9d70be632530","actor_username":"yousiftest@ccn.com","actor_via_sso":false,"log_type":"token"}', '2025-11-01 15:08:52.177706+00', ''),
	('00000000-0000-0000-0000-000000000000', '18e3f158-7799-49c4-bd70-86aeda408085', '{"action":"token_revoked","actor_id":"621e3afd-2f52-4a86-a419-9d70be632530","actor_username":"yousiftest@ccn.com","actor_via_sso":false,"log_type":"token"}', '2025-11-01 15:08:52.179188+00', ''),
	('00000000-0000-0000-0000-000000000000', '541465e5-430d-4c57-acee-7ab6dfaf3d30', '{"action":"token_refreshed","actor_id":"621e3afd-2f52-4a86-a419-9d70be632530","actor_username":"yousiftest@ccn.com","actor_via_sso":false,"log_type":"token"}', '2025-11-01 16:00:29.520751+00', ''),
	('00000000-0000-0000-0000-000000000000', '7dcf2d71-e7bd-4692-a38f-719d8f2e1696', '{"action":"token_revoked","actor_id":"621e3afd-2f52-4a86-a419-9d70be632530","actor_username":"yousiftest@ccn.com","actor_via_sso":false,"log_type":"token"}', '2025-11-01 16:00:29.522145+00', ''),
	('00000000-0000-0000-0000-000000000000', '835845ac-75a3-41d7-9107-5c507adfbd9d', '{"action":"token_refreshed","actor_id":"621e3afd-2f52-4a86-a419-9d70be632530","actor_username":"yousiftest@ccn.com","actor_via_sso":false,"log_type":"token"}', '2025-11-01 16:49:37.714576+00', ''),
	('00000000-0000-0000-0000-000000000000', 'bede5d50-a93f-446f-9882-d2b8f2ed7523', '{"action":"token_revoked","actor_id":"621e3afd-2f52-4a86-a419-9d70be632530","actor_username":"yousiftest@ccn.com","actor_via_sso":false,"log_type":"token"}', '2025-11-01 16:49:37.715743+00', ''),
	('00000000-0000-0000-0000-000000000000', '549b6e80-0527-455f-8e56-990d1eafb972', '{"action":"token_refreshed","actor_id":"621e3afd-2f52-4a86-a419-9d70be632530","actor_username":"yousiftest@ccn.com","actor_via_sso":false,"log_type":"token"}', '2025-11-01 17:43:07.939057+00', ''),
	('00000000-0000-0000-0000-000000000000', 'a92560e0-bb24-4869-a14d-d28ca288eba1', '{"action":"token_revoked","actor_id":"621e3afd-2f52-4a86-a419-9d70be632530","actor_username":"yousiftest@ccn.com","actor_via_sso":false,"log_type":"token"}', '2025-11-01 17:43:07.940305+00', ''),
	('00000000-0000-0000-0000-000000000000', 'd0022c9c-7f44-46ac-9348-63ad6baf0d05', '{"action":"token_refreshed","actor_id":"621e3afd-2f52-4a86-a419-9d70be632530","actor_username":"yousiftest@ccn.com","actor_via_sso":false,"log_type":"token"}', '2025-11-01 18:28:29.607546+00', ''),
	('00000000-0000-0000-0000-000000000000', '2f167326-4dd7-4cd2-b059-3a08f70f4f38', '{"action":"token_revoked","actor_id":"621e3afd-2f52-4a86-a419-9d70be632530","actor_username":"yousiftest@ccn.com","actor_via_sso":false,"log_type":"token"}', '2025-11-01 18:28:29.608864+00', ''),
	('00000000-0000-0000-0000-000000000000', '6850b7ee-5b60-4631-b2d7-ceedebfb56f1', '{"action":"token_refreshed","actor_id":"621e3afd-2f52-4a86-a419-9d70be632530","actor_username":"yousiftest@ccn.com","actor_via_sso":false,"log_type":"token"}', '2025-11-01 19:13:51.254545+00', ''),
	('00000000-0000-0000-0000-000000000000', 'ae841d38-4fee-472e-8894-754678a9cbc5', '{"action":"token_revoked","actor_id":"621e3afd-2f52-4a86-a419-9d70be632530","actor_username":"yousiftest@ccn.com","actor_via_sso":false,"log_type":"token"}', '2025-11-01 19:13:51.255919+00', ''),
	('00000000-0000-0000-0000-000000000000', 'a2feb5cc-e0bf-4dd2-bab5-5787349d8c27', '{"action":"token_refreshed","actor_id":"621e3afd-2f52-4a86-a419-9d70be632530","actor_username":"yousiftest@ccn.com","actor_via_sso":false,"log_type":"token"}', '2025-11-01 20:13:49.162541+00', ''),
	('00000000-0000-0000-0000-000000000000', 'c6ba9792-a21e-4942-a00d-7a575b532448', '{"action":"token_revoked","actor_id":"621e3afd-2f52-4a86-a419-9d70be632530","actor_username":"yousiftest@ccn.com","actor_via_sso":false,"log_type":"token"}', '2025-11-01 20:13:49.164338+00', ''),
	('00000000-0000-0000-0000-000000000000', '79c25274-ccbd-4c08-b94b-0f9842242ea9', '{"action":"token_refreshed","actor_id":"621e3afd-2f52-4a86-a419-9d70be632530","actor_username":"yousiftest@ccn.com","actor_via_sso":false,"log_type":"token"}', '2025-11-01 21:15:04.21702+00', ''),
	('00000000-0000-0000-0000-000000000000', 'f4f47ee6-b453-4b3e-82f3-8e4594806283', '{"action":"token_revoked","actor_id":"621e3afd-2f52-4a86-a419-9d70be632530","actor_username":"yousiftest@ccn.com","actor_via_sso":false,"log_type":"token"}', '2025-11-01 21:15:04.218142+00', ''),
	('00000000-0000-0000-0000-000000000000', 'a2bb00cc-3ca9-40bb-9146-b55707698a36', '{"action":"token_refreshed","actor_id":"621e3afd-2f52-4a86-a419-9d70be632530","actor_username":"yousiftest@ccn.com","actor_via_sso":false,"log_type":"token"}', '2025-11-01 22:13:27.595777+00', ''),
	('00000000-0000-0000-0000-000000000000', '862477ed-378c-469a-8587-4dc5593c091a', '{"action":"token_revoked","actor_id":"621e3afd-2f52-4a86-a419-9d70be632530","actor_username":"yousiftest@ccn.com","actor_via_sso":false,"log_type":"token"}', '2025-11-01 22:13:27.597072+00', ''),
	('00000000-0000-0000-0000-000000000000', 'e8bfa23f-c3a6-4067-aafc-68c776fe3c10', '{"action":"token_refreshed","actor_id":"621e3afd-2f52-4a86-a419-9d70be632530","actor_username":"yousiftest@ccn.com","actor_via_sso":false,"log_type":"token"}', '2025-11-01 23:04:12.482651+00', ''),
	('00000000-0000-0000-0000-000000000000', '57ab92ab-5844-49e2-926b-4ca732f3727b', '{"action":"token_revoked","actor_id":"621e3afd-2f52-4a86-a419-9d70be632530","actor_username":"yousiftest@ccn.com","actor_via_sso":false,"log_type":"token"}', '2025-11-01 23:04:12.484675+00', ''),
	('00000000-0000-0000-0000-000000000000', '05afc4d1-75bf-4a20-8c42-d109fc7853de', '{"action":"token_refreshed","actor_id":"621e3afd-2f52-4a86-a419-9d70be632530","actor_username":"yousiftest@ccn.com","actor_via_sso":false,"log_type":"token"}', '2025-11-01 23:51:44.583039+00', ''),
	('00000000-0000-0000-0000-000000000000', 'cf374c97-0ce4-460e-ba37-ae1554952c6c', '{"action":"token_revoked","actor_id":"621e3afd-2f52-4a86-a419-9d70be632530","actor_username":"yousiftest@ccn.com","actor_via_sso":false,"log_type":"token"}', '2025-11-01 23:51:44.584439+00', ''),
	('00000000-0000-0000-0000-000000000000', '6595a64e-65b4-4959-a311-bfb15d1899d9', '{"action":"token_refreshed","actor_id":"621e3afd-2f52-4a86-a419-9d70be632530","actor_username":"yousiftest@ccn.com","actor_via_sso":false,"log_type":"token"}', '2025-11-02 01:00:09.328147+00', ''),
	('00000000-0000-0000-0000-000000000000', '8c60a965-4c38-4ff6-8ad0-31a539b13823', '{"action":"token_revoked","actor_id":"621e3afd-2f52-4a86-a419-9d70be632530","actor_username":"yousiftest@ccn.com","actor_via_sso":false,"log_type":"token"}', '2025-11-02 01:00:09.32935+00', ''),
	('00000000-0000-0000-0000-000000000000', 'fc424de6-5189-4e32-83dd-63e2d8d67b33', '{"action":"token_refreshed","actor_id":"621e3afd-2f52-4a86-a419-9d70be632530","actor_username":"yousiftest@ccn.com","actor_via_sso":false,"log_type":"token"}', '2025-11-02 02:03:07.626507+00', ''),
	('00000000-0000-0000-0000-000000000000', '1458a690-ccc7-4c9c-bb97-215c1f2ca911', '{"action":"token_revoked","actor_id":"621e3afd-2f52-4a86-a419-9d70be632530","actor_username":"yousiftest@ccn.com","actor_via_sso":false,"log_type":"token"}', '2025-11-02 02:03:07.627653+00', ''),
	('00000000-0000-0000-0000-000000000000', '00ebe57d-ea4b-49b5-a81a-68745f9e2482', '{"action":"token_refreshed","actor_id":"621e3afd-2f52-4a86-a419-9d70be632530","actor_username":"yousiftest@ccn.com","actor_via_sso":false,"log_type":"token"}', '2025-11-02 03:04:54.082458+00', ''),
	('00000000-0000-0000-0000-000000000000', '9a1c135f-8a1c-4f4d-8df4-df76db49a5c6', '{"action":"token_revoked","actor_id":"621e3afd-2f52-4a86-a419-9d70be632530","actor_username":"yousiftest@ccn.com","actor_via_sso":false,"log_type":"token"}', '2025-11-02 03:04:54.083851+00', ''),
	('00000000-0000-0000-0000-000000000000', '3ca62a10-5449-4ae4-872e-f765ac92af4e', '{"action":"token_refreshed","actor_id":"621e3afd-2f52-4a86-a419-9d70be632530","actor_username":"yousiftest@ccn.com","actor_via_sso":false,"log_type":"token"}', '2025-11-02 03:50:40.640241+00', ''),
	('00000000-0000-0000-0000-000000000000', '3502e2c7-56cf-4f45-a09a-e3819eef514c', '{"action":"token_revoked","actor_id":"621e3afd-2f52-4a86-a419-9d70be632530","actor_username":"yousiftest@ccn.com","actor_via_sso":false,"log_type":"token"}', '2025-11-02 03:50:40.641258+00', ''),
	('00000000-0000-0000-0000-000000000000', '9c64b842-1d00-4e02-a58b-a0863eb0112a', '{"action":"token_refreshed","actor_id":"621e3afd-2f52-4a86-a419-9d70be632530","actor_username":"yousiftest@ccn.com","actor_via_sso":false,"log_type":"token"}', '2025-11-02 04:51:02.983175+00', ''),
	('00000000-0000-0000-0000-000000000000', '2c8336ee-31a1-44cb-8acd-0ff7a7aadbc7', '{"action":"token_revoked","actor_id":"621e3afd-2f52-4a86-a419-9d70be632530","actor_username":"yousiftest@ccn.com","actor_via_sso":false,"log_type":"token"}', '2025-11-02 04:51:02.98386+00', ''),
	('00000000-0000-0000-0000-000000000000', 'f7f08df0-e657-403a-be6f-0269b4eace44', '{"action":"token_refreshed","actor_id":"621e3afd-2f52-4a86-a419-9d70be632530","actor_username":"yousiftest@ccn.com","actor_via_sso":false,"log_type":"token"}', '2025-11-02 05:36:49.010254+00', ''),
	('00000000-0000-0000-0000-000000000000', 'a674281c-3239-4460-82ac-706d2ac8418c', '{"action":"token_revoked","actor_id":"621e3afd-2f52-4a86-a419-9d70be632530","actor_username":"yousiftest@ccn.com","actor_via_sso":false,"log_type":"token"}', '2025-11-02 05:36:49.011497+00', ''),
	('00000000-0000-0000-0000-000000000000', '7250bde6-981d-4f01-a3a3-f670753af200', '{"action":"token_refreshed","actor_id":"621e3afd-2f52-4a86-a419-9d70be632530","actor_username":"yousiftest@ccn.com","actor_via_sso":false,"log_type":"token"}', '2025-11-02 06:41:26.744318+00', ''),
	('00000000-0000-0000-0000-000000000000', 'c72a47af-a571-4e6c-bd99-b7747f4d6f50', '{"action":"token_revoked","actor_id":"621e3afd-2f52-4a86-a419-9d70be632530","actor_username":"yousiftest@ccn.com","actor_via_sso":false,"log_type":"token"}', '2025-11-02 06:41:26.746848+00', ''),
	('00000000-0000-0000-0000-000000000000', 'f7ad41e3-533d-4dcd-ac66-bf8bf788a42e', '{"action":"token_refreshed","actor_id":"621e3afd-2f52-4a86-a419-9d70be632530","actor_username":"yousiftest@ccn.com","actor_via_sso":false,"log_type":"token"}', '2025-11-02 07:39:59.782198+00', ''),
	('00000000-0000-0000-0000-000000000000', '790a5e39-f01b-4ace-83e6-33a64392411a', '{"action":"token_revoked","actor_id":"621e3afd-2f52-4a86-a419-9d70be632530","actor_username":"yousiftest@ccn.com","actor_via_sso":false,"log_type":"token"}', '2025-11-02 07:39:59.783338+00', ''),
	('00000000-0000-0000-0000-000000000000', 'a58e8c45-ba07-4e90-9f57-09fa0b2eba23', '{"action":"logout","actor_id":"621e3afd-2f52-4a86-a419-9d70be632530","actor_username":"yousiftest@ccn.com","actor_via_sso":false,"log_type":"account"}', '2025-11-02 07:53:57.919216+00', ''),
	('00000000-0000-0000-0000-000000000000', '992867dc-10e3-4d40-9270-e9d5fea3aa48', '{"action":"login","actor_id":"621e3afd-2f52-4a86-a419-9d70be632530","actor_username":"yousiftest@ccn.com","actor_via_sso":false,"log_type":"account","traits":{"provider":"email"}}', '2025-11-02 07:54:33.849392+00', ''),
	('00000000-0000-0000-0000-000000000000', 'c40b78bb-bad3-49c3-8240-56eff9a1a06d', '{"action":"logout","actor_id":"621e3afd-2f52-4a86-a419-9d70be632530","actor_username":"yousiftest@ccn.com","actor_via_sso":false,"log_type":"account"}', '2025-11-02 07:59:32.893225+00', ''),
	('00000000-0000-0000-0000-000000000000', '1e94331c-8ec0-4769-b0c0-4c949d334f7e', '{"action":"login","actor_id":"621e3afd-2f52-4a86-a419-9d70be632530","actor_username":"yousiftest@ccn.com","actor_via_sso":false,"log_type":"account","traits":{"provider":"email"}}', '2025-11-02 07:59:50.773419+00', ''),
	('00000000-0000-0000-0000-000000000000', '039e5ff5-d263-462b-b5f2-4e80855d11c1', '{"action":"logout","actor_id":"621e3afd-2f52-4a86-a419-9d70be632530","actor_username":"yousiftest@ccn.com","actor_via_sso":false,"log_type":"account"}', '2025-11-02 08:42:43.254414+00', ''),
	('00000000-0000-0000-0000-000000000000', '32f168ec-9525-42fb-bce7-7d22904c0903', '{"action":"user_signedup","actor_id":"97423a6f-8c7f-4009-bc9d-56d4382f41c7","actor_username":"member1@ccn.com","actor_via_sso":false,"log_type":"team","traits":{"provider":"email"}}', '2025-11-02 09:43:31.466525+00', ''),
	('00000000-0000-0000-0000-000000000000', '8184c494-e70c-4794-8187-c2c50b34445e', '{"action":"login","actor_id":"97423a6f-8c7f-4009-bc9d-56d4382f41c7","actor_username":"member1@ccn.com","actor_via_sso":false,"log_type":"account","traits":{"provider":"email"}}', '2025-11-02 09:43:31.476203+00', ''),
	('00000000-0000-0000-0000-000000000000', 'f56e3c38-adb3-43ff-9a90-dee1f679ed44', '{"action":"logout","actor_id":"97423a6f-8c7f-4009-bc9d-56d4382f41c7","actor_username":"member1@ccn.com","actor_via_sso":false,"log_type":"account"}', '2025-11-02 09:44:31.957888+00', ''),
	('00000000-0000-0000-0000-000000000000', '1f13caef-74bc-4fba-b049-e22b000be480', '{"action":"login","actor_id":"621e3afd-2f52-4a86-a419-9d70be632530","actor_username":"yousiftest@ccn.com","actor_via_sso":false,"log_type":"account","traits":{"provider":"email"}}', '2025-11-02 09:44:42.686787+00', ''),
	('00000000-0000-0000-0000-000000000000', '67daa961-6c18-49d5-b0ef-2b72cb5c61d3', '{"action":"logout","actor_id":"621e3afd-2f52-4a86-a419-9d70be632530","actor_username":"yousiftest@ccn.com","actor_via_sso":false,"log_type":"account"}', '2025-11-02 10:08:22.901693+00', ''),
	('00000000-0000-0000-0000-000000000000', 'f70a22d1-46ef-4e9f-a354-92cad77d79e8', '{"action":"login","actor_id":"3f9a5abf-a9c8-46de-ad7f-0466a8c1e054","actor_username":"platformtakeone@gmail.com","actor_via_sso":false,"log_type":"account","traits":{"provider":"email"}}', '2025-11-02 10:08:47.959321+00', ''),
	('00000000-0000-0000-0000-000000000000', '4bb4671a-84e5-4e0c-b355-20f8907c3c03', '{"action":"logout","actor_id":"3f9a5abf-a9c8-46de-ad7f-0466a8c1e054","actor_username":"platformtakeone@gmail.com","actor_via_sso":false,"log_type":"account"}', '2025-11-02 10:32:58.242598+00', ''),
	('00000000-0000-0000-0000-000000000000', '0df7608d-2eac-4bfd-8056-e79bcba7388d', '{"action":"login","actor_id":"621e3afd-2f52-4a86-a419-9d70be632530","actor_username":"yousiftest@ccn.com","actor_via_sso":false,"log_type":"account","traits":{"provider":"email"}}', '2025-11-02 10:36:48.844561+00', ''),
	('00000000-0000-0000-0000-000000000000', 'a7355567-7833-4cee-b624-fc5fa2071209', '{"action":"logout","actor_id":"621e3afd-2f52-4a86-a419-9d70be632530","actor_username":"yousiftest@ccn.com","actor_via_sso":false,"log_type":"account"}', '2025-11-02 11:21:54.710096+00', ''),
	('00000000-0000-0000-0000-000000000000', '6cdbb022-93d4-4fa8-990b-38767fb88e12', '{"action":"login","actor_id":"3f9a5abf-a9c8-46de-ad7f-0466a8c1e054","actor_username":"platformtakeone@gmail.com","actor_via_sso":false,"log_type":"account","traits":{"provider":"email"}}', '2025-11-02 11:22:11.38722+00', ''),
	('00000000-0000-0000-0000-000000000000', 'ed9d3a79-cb26-4bae-b5a2-f9dfb1a93002', '{"action":"logout","actor_id":"3f9a5abf-a9c8-46de-ad7f-0466a8c1e054","actor_username":"platformtakeone@gmail.com","actor_via_sso":false,"log_type":"account"}', '2025-11-02 11:39:32.623179+00', ''),
	('00000000-0000-0000-0000-000000000000', '64a44df5-ebcb-40ad-bbf2-39c3f056e5da', '{"action":"login","actor_id":"3f9a5abf-a9c8-46de-ad7f-0466a8c1e054","actor_username":"platformtakeone@gmail.com","actor_via_sso":false,"log_type":"account","traits":{"provider":"email"}}', '2025-11-02 11:42:04.640317+00', ''),
	('00000000-0000-0000-0000-000000000000', '9c6a82bc-d7b2-4e64-85b8-f455ad4100db', '{"action":"token_refreshed","actor_id":"3f9a5abf-a9c8-46de-ad7f-0466a8c1e054","actor_username":"platformtakeone@gmail.com","actor_via_sso":false,"log_type":"token"}', '2025-11-02 12:40:43.982177+00', ''),
	('00000000-0000-0000-0000-000000000000', '7791cf54-b78d-465e-9e33-c80a0e93e484', '{"action":"token_revoked","actor_id":"3f9a5abf-a9c8-46de-ad7f-0466a8c1e054","actor_username":"platformtakeone@gmail.com","actor_via_sso":false,"log_type":"token"}', '2025-11-02 12:40:43.984166+00', ''),
	('00000000-0000-0000-0000-000000000000', '9eb63ab0-644f-4e05-b856-21db84b448db', '{"action":"token_refreshed","actor_id":"3f9a5abf-a9c8-46de-ad7f-0466a8c1e054","actor_username":"platformtakeone@gmail.com","actor_via_sso":false,"log_type":"token"}', '2025-11-02 13:32:46.587079+00', ''),
	('00000000-0000-0000-0000-000000000000', '502aafba-3708-4522-b162-26e9ee9f9f5b', '{"action":"token_revoked","actor_id":"3f9a5abf-a9c8-46de-ad7f-0466a8c1e054","actor_username":"platformtakeone@gmail.com","actor_via_sso":false,"log_type":"token"}', '2025-11-02 13:32:46.588251+00', ''),
	('00000000-0000-0000-0000-000000000000', '9bbb3119-212e-4f6f-a6d8-a6bb7c0dae8f', '{"action":"token_refreshed","actor_id":"3f9a5abf-a9c8-46de-ad7f-0466a8c1e054","actor_username":"platformtakeone@gmail.com","actor_via_sso":false,"log_type":"token"}', '2025-11-02 14:26:36.294782+00', ''),
	('00000000-0000-0000-0000-000000000000', '313910c1-5031-4682-9624-e4a43b46f16a', '{"action":"token_revoked","actor_id":"3f9a5abf-a9c8-46de-ad7f-0466a8c1e054","actor_username":"platformtakeone@gmail.com","actor_via_sso":false,"log_type":"token"}', '2025-11-02 14:26:36.295478+00', ''),
	('00000000-0000-0000-0000-000000000000', '0f3e3c76-591e-4ec2-8416-3a78ad91a69e', '{"action":"token_refreshed","actor_id":"3f9a5abf-a9c8-46de-ad7f-0466a8c1e054","actor_username":"platformtakeone@gmail.com","actor_via_sso":false,"log_type":"token"}', '2025-11-02 15:28:30.163618+00', ''),
	('00000000-0000-0000-0000-000000000000', '86310ec6-2534-48e5-9305-449fb0bab40b', '{"action":"token_revoked","actor_id":"3f9a5abf-a9c8-46de-ad7f-0466a8c1e054","actor_username":"platformtakeone@gmail.com","actor_via_sso":false,"log_type":"token"}', '2025-11-02 15:28:30.164671+00', ''),
	('00000000-0000-0000-0000-000000000000', 'd5175c44-eec6-48c7-8e10-5429e6a6da4f', '{"action":"token_refreshed","actor_id":"3f9a5abf-a9c8-46de-ad7f-0466a8c1e054","actor_username":"platformtakeone@gmail.com","actor_via_sso":false,"log_type":"token"}', '2025-11-02 16:16:33.378929+00', ''),
	('00000000-0000-0000-0000-000000000000', '6eaa1ee2-23bb-47d3-b530-c7d16926c14b', '{"action":"token_revoked","actor_id":"3f9a5abf-a9c8-46de-ad7f-0466a8c1e054","actor_username":"platformtakeone@gmail.com","actor_via_sso":false,"log_type":"token"}', '2025-11-02 16:16:33.379711+00', ''),
	('00000000-0000-0000-0000-000000000000', 'e1e2168d-9107-4428-9a2c-ba550a4eed3f', '{"action":"token_refreshed","actor_id":"3f9a5abf-a9c8-46de-ad7f-0466a8c1e054","actor_username":"platformtakeone@gmail.com","actor_via_sso":false,"log_type":"token"}', '2025-11-02 17:06:06.882142+00', ''),
	('00000000-0000-0000-0000-000000000000', 'cae8b964-e6f5-4bcb-9756-c3171a2b1edc', '{"action":"token_revoked","actor_id":"3f9a5abf-a9c8-46de-ad7f-0466a8c1e054","actor_username":"platformtakeone@gmail.com","actor_via_sso":false,"log_type":"token"}', '2025-11-02 17:06:06.883873+00', ''),
	('00000000-0000-0000-0000-000000000000', '6862341a-6bd2-4b19-9a59-c0fdb6a43d46', '{"action":"token_refreshed","actor_id":"3f9a5abf-a9c8-46de-ad7f-0466a8c1e054","actor_username":"platformtakeone@gmail.com","actor_via_sso":false,"log_type":"token"}', '2025-11-02 18:02:49.218789+00', ''),
	('00000000-0000-0000-0000-000000000000', '8959ae4f-7dbf-4f64-b01e-48385f6fb27f', '{"action":"token_revoked","actor_id":"3f9a5abf-a9c8-46de-ad7f-0466a8c1e054","actor_username":"platformtakeone@gmail.com","actor_via_sso":false,"log_type":"token"}', '2025-11-02 18:02:49.219989+00', ''),
	('00000000-0000-0000-0000-000000000000', 'daca3611-170e-469e-966e-5031fcb56d90', '{"action":"token_refreshed","actor_id":"3f9a5abf-a9c8-46de-ad7f-0466a8c1e054","actor_username":"platformtakeone@gmail.com","actor_via_sso":false,"log_type":"token"}', '2025-11-02 19:03:08.621376+00', ''),
	('00000000-0000-0000-0000-000000000000', 'b3bc9e7e-d65a-4b43-90e7-f67be3bca8dd', '{"action":"token_revoked","actor_id":"3f9a5abf-a9c8-46de-ad7f-0466a8c1e054","actor_username":"platformtakeone@gmail.com","actor_via_sso":false,"log_type":"token"}', '2025-11-02 19:03:08.623313+00', ''),
	('00000000-0000-0000-0000-000000000000', '48bdef12-822c-414b-9e0c-e89de1d946c3', '{"action":"token_refreshed","actor_id":"3f9a5abf-a9c8-46de-ad7f-0466a8c1e054","actor_username":"platformtakeone@gmail.com","actor_via_sso":false,"log_type":"token"}', '2025-11-02 19:48:38.570146+00', ''),
	('00000000-0000-0000-0000-000000000000', '62344491-3b72-4bb5-a780-b3e90301faa6', '{"action":"token_revoked","actor_id":"3f9a5abf-a9c8-46de-ad7f-0466a8c1e054","actor_username":"platformtakeone@gmail.com","actor_via_sso":false,"log_type":"token"}', '2025-11-02 19:48:38.57117+00', ''),
	('00000000-0000-0000-0000-000000000000', 'efb508dc-7b81-4cf0-a51e-af0a0283eb43', '{"action":"token_refreshed","actor_id":"3f9a5abf-a9c8-46de-ad7f-0466a8c1e054","actor_username":"platformtakeone@gmail.com","actor_via_sso":false,"log_type":"token"}', '2025-11-02 20:34:16.399851+00', ''),
	('00000000-0000-0000-0000-000000000000', '17f27a85-7bd9-4266-bf03-25d376f20c39', '{"action":"token_revoked","actor_id":"3f9a5abf-a9c8-46de-ad7f-0466a8c1e054","actor_username":"platformtakeone@gmail.com","actor_via_sso":false,"log_type":"token"}', '2025-11-02 20:34:16.401322+00', ''),
	('00000000-0000-0000-0000-000000000000', 'c87fa168-da47-47b6-b208-7dbd263a01de', '{"action":"token_refreshed","actor_id":"3f9a5abf-a9c8-46de-ad7f-0466a8c1e054","actor_username":"platformtakeone@gmail.com","actor_via_sso":false,"log_type":"token"}', '2025-11-02 21:20:58.581809+00', ''),
	('00000000-0000-0000-0000-000000000000', '5ccfbfc1-c093-406b-9455-54aa87e903e6', '{"action":"token_revoked","actor_id":"3f9a5abf-a9c8-46de-ad7f-0466a8c1e054","actor_username":"platformtakeone@gmail.com","actor_via_sso":false,"log_type":"token"}', '2025-11-02 21:20:58.584116+00', ''),
	('00000000-0000-0000-0000-000000000000', '53a88915-6099-4086-bba9-a2f62667f9dd', '{"action":"token_refreshed","actor_id":"3f9a5abf-a9c8-46de-ad7f-0466a8c1e054","actor_username":"platformtakeone@gmail.com","actor_via_sso":false,"log_type":"token"}', '2025-11-02 22:06:46.202864+00', ''),
	('00000000-0000-0000-0000-000000000000', 'eeb53c3f-864d-4a9c-a9a2-aeafee8de787', '{"action":"token_revoked","actor_id":"3f9a5abf-a9c8-46de-ad7f-0466a8c1e054","actor_username":"platformtakeone@gmail.com","actor_via_sso":false,"log_type":"token"}', '2025-11-02 22:06:46.204041+00', ''),
	('00000000-0000-0000-0000-000000000000', '293ce0b7-64d2-4d5d-b261-0aac1f958c43', '{"action":"token_refreshed","actor_id":"3f9a5abf-a9c8-46de-ad7f-0466a8c1e054","actor_username":"platformtakeone@gmail.com","actor_via_sso":false,"log_type":"token"}', '2025-11-02 22:52:08.443641+00', ''),
	('00000000-0000-0000-0000-000000000000', '03dedeef-2193-4f43-97ca-6487c2cdc597', '{"action":"token_revoked","actor_id":"3f9a5abf-a9c8-46de-ad7f-0466a8c1e054","actor_username":"platformtakeone@gmail.com","actor_via_sso":false,"log_type":"token"}', '2025-11-02 22:52:08.444718+00', ''),
	('00000000-0000-0000-0000-000000000000', '0ee9c809-7688-46bd-8476-97aab1e7c1a6', '{"action":"token_refreshed","actor_id":"3f9a5abf-a9c8-46de-ad7f-0466a8c1e054","actor_username":"platformtakeone@gmail.com","actor_via_sso":false,"log_type":"token"}', '2025-11-02 23:54:26.648884+00', ''),
	('00000000-0000-0000-0000-000000000000', '12c2e826-ba7a-4a77-ab22-438e90a2436f', '{"action":"token_revoked","actor_id":"3f9a5abf-a9c8-46de-ad7f-0466a8c1e054","actor_username":"platformtakeone@gmail.com","actor_via_sso":false,"log_type":"token"}', '2025-11-02 23:54:26.650272+00', ''),
	('00000000-0000-0000-0000-000000000000', 'c262cd0f-dd89-480f-aba0-4c3f5c7ab319', '{"action":"token_refreshed","actor_id":"3f9a5abf-a9c8-46de-ad7f-0466a8c1e054","actor_username":"platformtakeone@gmail.com","actor_via_sso":false,"log_type":"token"}', '2025-11-03 00:42:39.810633+00', ''),
	('00000000-0000-0000-0000-000000000000', '687af6a6-9197-4603-98b3-ea202bd5d51b', '{"action":"token_revoked","actor_id":"3f9a5abf-a9c8-46de-ad7f-0466a8c1e054","actor_username":"platformtakeone@gmail.com","actor_via_sso":false,"log_type":"token"}', '2025-11-03 00:42:39.811552+00', ''),
	('00000000-0000-0000-0000-000000000000', '4ef5ad4a-e750-471d-b8c4-eba7bfa80321', '{"action":"token_refreshed","actor_id":"3f9a5abf-a9c8-46de-ad7f-0466a8c1e054","actor_username":"platformtakeone@gmail.com","actor_via_sso":false,"log_type":"token"}', '2025-11-03 01:44:59.51083+00', ''),
	('00000000-0000-0000-0000-000000000000', '1474657f-d629-4e11-9a0f-cabec124a40c', '{"action":"token_revoked","actor_id":"3f9a5abf-a9c8-46de-ad7f-0466a8c1e054","actor_username":"platformtakeone@gmail.com","actor_via_sso":false,"log_type":"token"}', '2025-11-03 01:44:59.514684+00', ''),
	('00000000-0000-0000-0000-000000000000', '3ccf5c8c-7963-47bc-bcc7-4308445eae7f', '{"action":"token_refreshed","actor_id":"3f9a5abf-a9c8-46de-ad7f-0466a8c1e054","actor_username":"platformtakeone@gmail.com","actor_via_sso":false,"log_type":"token"}', '2025-11-03 02:57:13.723193+00', ''),
	('00000000-0000-0000-0000-000000000000', '88dfcd2f-4117-40ed-9adf-b643c561eb2a', '{"action":"token_revoked","actor_id":"3f9a5abf-a9c8-46de-ad7f-0466a8c1e054","actor_username":"platformtakeone@gmail.com","actor_via_sso":false,"log_type":"token"}', '2025-11-03 02:57:13.724311+00', ''),
	('00000000-0000-0000-0000-000000000000', 'b81d94bf-2843-4120-81c8-5e1f10992f09', '{"action":"token_refreshed","actor_id":"3f9a5abf-a9c8-46de-ad7f-0466a8c1e054","actor_username":"platformtakeone@gmail.com","actor_via_sso":false,"log_type":"token"}', '2025-11-03 03:45:13.182661+00', ''),
	('00000000-0000-0000-0000-000000000000', '89b717a0-a051-4815-a061-57f0cdabe7fd', '{"action":"token_revoked","actor_id":"3f9a5abf-a9c8-46de-ad7f-0466a8c1e054","actor_username":"platformtakeone@gmail.com","actor_via_sso":false,"log_type":"token"}', '2025-11-03 03:45:13.183743+00', ''),
	('00000000-0000-0000-0000-000000000000', '5c3e4aff-a60b-43d5-829f-bbf3b3eaef01', '{"action":"token_refreshed","actor_id":"3f9a5abf-a9c8-46de-ad7f-0466a8c1e054","actor_username":"platformtakeone@gmail.com","actor_via_sso":false,"log_type":"token"}', '2025-11-03 04:44:41.419215+00', ''),
	('00000000-0000-0000-0000-000000000000', '00db13f9-1c6e-4568-a4d2-d72eda151af4', '{"action":"token_revoked","actor_id":"3f9a5abf-a9c8-46de-ad7f-0466a8c1e054","actor_username":"platformtakeone@gmail.com","actor_via_sso":false,"log_type":"token"}', '2025-11-03 04:44:41.420542+00', ''),
	('00000000-0000-0000-0000-000000000000', 'fc4e17b7-70eb-4613-bcc3-bfb724d17a0c', '{"action":"token_refreshed","actor_id":"3f9a5abf-a9c8-46de-ad7f-0466a8c1e054","actor_username":"platformtakeone@gmail.com","actor_via_sso":false,"log_type":"token"}', '2025-11-03 05:43:22.829918+00', ''),
	('00000000-0000-0000-0000-000000000000', '77060022-a7cf-42a2-95cb-ac872b7e3636', '{"action":"token_revoked","actor_id":"3f9a5abf-a9c8-46de-ad7f-0466a8c1e054","actor_username":"platformtakeone@gmail.com","actor_via_sso":false,"log_type":"token"}', '2025-11-03 05:43:22.830982+00', ''),
	('00000000-0000-0000-0000-000000000000', '0f2452ca-a6dd-424a-b660-f888a407ccd5', '{"action":"logout","actor_id":"3f9a5abf-a9c8-46de-ad7f-0466a8c1e054","actor_username":"platformtakeone@gmail.com","actor_via_sso":false,"log_type":"account"}', '2025-11-03 06:22:04.86494+00', ''),
	('00000000-0000-0000-0000-000000000000', '443aee41-3a2a-4a11-b793-520a8c7aca42', '{"action":"login","actor_id":"621e3afd-2f52-4a86-a419-9d70be632530","actor_username":"yousiftest@ccn.com","actor_via_sso":false,"log_type":"account","traits":{"provider":"email"}}', '2025-11-03 06:22:38.628781+00', ''),
	('00000000-0000-0000-0000-000000000000', '4cd52fcb-a4e3-44c3-8596-be7d5e7dd0ae', '{"action":"token_refreshed","actor_id":"621e3afd-2f52-4a86-a419-9d70be632530","actor_username":"yousiftest@ccn.com","actor_via_sso":false,"log_type":"token"}', '2025-11-03 07:21:13.984842+00', ''),
	('00000000-0000-0000-0000-000000000000', '4b1d2ac2-b6f2-45c4-aeb0-a21cc43b0452', '{"action":"token_revoked","actor_id":"621e3afd-2f52-4a86-a419-9d70be632530","actor_username":"yousiftest@ccn.com","actor_via_sso":false,"log_type":"token"}', '2025-11-03 07:21:13.986197+00', ''),
	('00000000-0000-0000-0000-000000000000', '3b793f5d-ea20-441f-9480-41f4e958286e', '{"action":"logout","actor_id":"621e3afd-2f52-4a86-a419-9d70be632530","actor_username":"yousiftest@ccn.com","actor_via_sso":false,"log_type":"account"}', '2025-11-03 08:17:03.9765+00', ''),
	('00000000-0000-0000-0000-000000000000', 'df1dfd16-d68a-44ac-a15f-88e864977bb1', '{"action":"login","actor_id":"621e3afd-2f52-4a86-a419-9d70be632530","actor_username":"yousiftest@ccn.com","actor_via_sso":false,"log_type":"account","traits":{"provider":"email"}}', '2025-11-03 08:17:46.46325+00', ''),
	('00000000-0000-0000-0000-000000000000', '29d942b4-cabb-4d1f-9946-2cec56b53480', '{"action":"logout","actor_id":"621e3afd-2f52-4a86-a419-9d70be632530","actor_username":"yousiftest@ccn.com","actor_via_sso":false,"log_type":"account"}', '2025-11-03 08:23:03.957116+00', ''),
	('00000000-0000-0000-0000-000000000000', '2caa485b-a29d-4f2e-8c95-8827c3e88f96', '{"action":"login","actor_id":"3f9a5abf-a9c8-46de-ad7f-0466a8c1e054","actor_username":"platformtakeone@gmail.com","actor_via_sso":false,"log_type":"account","traits":{"provider":"email"}}', '2025-11-03 08:23:27.921938+00', ''),
	('00000000-0000-0000-0000-000000000000', '8ca00dc0-3bde-4a9d-a46b-1c1640f117a6', '{"action":"token_refreshed","actor_id":"3f9a5abf-a9c8-46de-ad7f-0466a8c1e054","actor_username":"platformtakeone@gmail.com","actor_via_sso":false,"log_type":"token"}', '2025-11-03 09:22:04.19258+00', ''),
	('00000000-0000-0000-0000-000000000000', '1f58af35-b9de-4072-97c4-dc67d05207a3', '{"action":"token_revoked","actor_id":"3f9a5abf-a9c8-46de-ad7f-0466a8c1e054","actor_username":"platformtakeone@gmail.com","actor_via_sso":false,"log_type":"token"}', '2025-11-03 09:22:04.194311+00', ''),
	('00000000-0000-0000-0000-000000000000', 'bfe3f697-5ecf-4dba-92c1-984724cedfdb', '{"action":"logout","actor_id":"3f9a5abf-a9c8-46de-ad7f-0466a8c1e054","actor_username":"platformtakeone@gmail.com","actor_via_sso":false,"log_type":"account"}', '2025-11-03 10:01:03.503644+00', ''),
	('00000000-0000-0000-0000-000000000000', 'ed40375e-7c75-4b88-bc8b-10fabe6966e0', '{"action":"login","actor_id":"621e3afd-2f52-4a86-a419-9d70be632530","actor_username":"yousiftest@ccn.com","actor_via_sso":false,"log_type":"account","traits":{"provider":"email"}}', '2025-11-03 10:01:19.424971+00', ''),
	('00000000-0000-0000-0000-000000000000', '3bbd8954-e830-4e17-a17c-e68a12738c8d', '{"action":"logout","actor_id":"621e3afd-2f52-4a86-a419-9d70be632530","actor_username":"yousiftest@ccn.com","actor_via_sso":false,"log_type":"account"}', '2025-11-03 10:36:44.199677+00', ''),
	('00000000-0000-0000-0000-000000000000', '7e2e708d-d74f-4d66-b683-20f7428241d6', '{"action":"login","actor_id":"621e3afd-2f52-4a86-a419-9d70be632530","actor_username":"yousiftest@ccn.com","actor_via_sso":false,"log_type":"account","traits":{"provider":"email"}}', '2025-11-03 10:37:09.755105+00', ''),
	('00000000-0000-0000-0000-000000000000', 'eef62ea9-51f6-4cad-b1bb-a0f92bd67630', '{"action":"token_refreshed","actor_id":"621e3afd-2f52-4a86-a419-9d70be632530","actor_username":"yousiftest@ccn.com","actor_via_sso":false,"log_type":"token"}', '2025-11-03 11:35:55.305807+00', ''),
	('00000000-0000-0000-0000-000000000000', '838ef2c3-e7e3-427b-b3bb-83626f33ca90', '{"action":"token_revoked","actor_id":"621e3afd-2f52-4a86-a419-9d70be632530","actor_username":"yousiftest@ccn.com","actor_via_sso":false,"log_type":"token"}', '2025-11-03 11:35:55.310276+00', ''),
	('00000000-0000-0000-0000-000000000000', '033ab329-cec4-445d-85a1-9e8326bc2dd2', '{"action":"token_refreshed","actor_id":"621e3afd-2f52-4a86-a419-9d70be632530","actor_username":"yousiftest@ccn.com","actor_via_sso":false,"log_type":"token"}', '2025-11-03 12:34:15.23745+00', ''),
	('00000000-0000-0000-0000-000000000000', 'c205d2c3-b7c6-4d2e-9a39-92ebe24a7773', '{"action":"token_revoked","actor_id":"621e3afd-2f52-4a86-a419-9d70be632530","actor_username":"yousiftest@ccn.com","actor_via_sso":false,"log_type":"token"}', '2025-11-03 12:34:15.239335+00', ''),
	('00000000-0000-0000-0000-000000000000', '7e2faabc-7bf7-46e3-b32e-7752f5362ff1', '{"action":"token_refreshed","actor_id":"621e3afd-2f52-4a86-a419-9d70be632530","actor_username":"yousiftest@ccn.com","actor_via_sso":false,"log_type":"token"}', '2025-11-03 13:32:47.362924+00', ''),
	('00000000-0000-0000-0000-000000000000', '8a7dae7c-0fe5-406b-8b4e-d77770a287b1', '{"action":"token_revoked","actor_id":"621e3afd-2f52-4a86-a419-9d70be632530","actor_username":"yousiftest@ccn.com","actor_via_sso":false,"log_type":"token"}', '2025-11-03 13:32:47.364634+00', ''),
	('00000000-0000-0000-0000-000000000000', 'c5202b3f-2cfe-4ad3-a32c-1da653cb0986', '{"action":"token_refreshed","actor_id":"621e3afd-2f52-4a86-a419-9d70be632530","actor_username":"yousiftest@ccn.com","actor_via_sso":false,"log_type":"token"}', '2025-11-03 14:25:18.791627+00', ''),
	('00000000-0000-0000-0000-000000000000', '94df473f-4670-4d26-9c95-6c929b072387', '{"action":"token_revoked","actor_id":"621e3afd-2f52-4a86-a419-9d70be632530","actor_username":"yousiftest@ccn.com","actor_via_sso":false,"log_type":"token"}', '2025-11-03 14:25:18.792465+00', ''),
	('00000000-0000-0000-0000-000000000000', '68f584d6-ed62-42b9-82a4-1d98eb66c22d', '{"action":"token_refreshed","actor_id":"621e3afd-2f52-4a86-a419-9d70be632530","actor_username":"yousiftest@ccn.com","actor_via_sso":false,"log_type":"token"}', '2025-11-03 15:16:36.240117+00', ''),
	('00000000-0000-0000-0000-000000000000', '8626e19e-40de-4a62-9ebf-d267bf81071f', '{"action":"token_revoked","actor_id":"621e3afd-2f52-4a86-a419-9d70be632530","actor_username":"yousiftest@ccn.com","actor_via_sso":false,"log_type":"token"}', '2025-11-03 15:16:36.240948+00', ''),
	('00000000-0000-0000-0000-000000000000', '362817c7-dee8-4392-805e-cc51bdf19a08', '{"action":"token_refreshed","actor_id":"621e3afd-2f52-4a86-a419-9d70be632530","actor_username":"yousiftest@ccn.com","actor_via_sso":false,"log_type":"token"}', '2025-11-03 16:05:53.075849+00', ''),
	('00000000-0000-0000-0000-000000000000', '4776260b-6d58-4c99-a4c0-ece146f4e147', '{"action":"token_revoked","actor_id":"621e3afd-2f52-4a86-a419-9d70be632530","actor_username":"yousiftest@ccn.com","actor_via_sso":false,"log_type":"token"}', '2025-11-03 16:05:53.076716+00', ''),
	('00000000-0000-0000-0000-000000000000', '1b7ee6b1-4bf1-4e32-ae89-b51747496d7d', '{"action":"token_refreshed","actor_id":"621e3afd-2f52-4a86-a419-9d70be632530","actor_username":"yousiftest@ccn.com","actor_via_sso":false,"log_type":"token"}', '2025-11-03 16:51:15.930386+00', ''),
	('00000000-0000-0000-0000-000000000000', '7bd7939d-46b6-4e98-a34a-09d522ff2100', '{"action":"token_revoked","actor_id":"621e3afd-2f52-4a86-a419-9d70be632530","actor_username":"yousiftest@ccn.com","actor_via_sso":false,"log_type":"token"}', '2025-11-03 16:51:15.931398+00', ''),
	('00000000-0000-0000-0000-000000000000', '79fa5b5d-21a7-432e-995a-7fb35790d80c', '{"action":"logout","actor_id":"621e3afd-2f52-4a86-a419-9d70be632530","actor_username":"yousiftest@ccn.com","actor_via_sso":false,"log_type":"account"}', '2025-11-03 17:36:07.359969+00', ''),
	('00000000-0000-0000-0000-000000000000', 'e7f135f2-d645-4f40-b265-4d807638639f', '{"action":"login","actor_id":"3f9a5abf-a9c8-46de-ad7f-0466a8c1e054","actor_username":"platformtakeone@gmail.com","actor_via_sso":false,"log_type":"account","traits":{"provider":"email"}}', '2025-11-03 17:36:31.545127+00', ''),
	('00000000-0000-0000-0000-000000000000', 'd301ac0d-f0f2-415f-bbd6-5b041f85e8e0', '{"action":"logout","actor_id":"3f9a5abf-a9c8-46de-ad7f-0466a8c1e054","actor_username":"platformtakeone@gmail.com","actor_via_sso":false,"log_type":"account"}', '2025-11-03 18:01:08.783905+00', ''),
	('00000000-0000-0000-0000-000000000000', '1a262fd6-1b5e-4ee0-873b-d474260c0c57', '{"action":"login","actor_id":"621e3afd-2f52-4a86-a419-9d70be632530","actor_username":"yousiftest@ccn.com","actor_via_sso":false,"log_type":"account","traits":{"provider":"email"}}', '2025-11-03 18:01:42.149881+00', ''),
	('00000000-0000-0000-0000-000000000000', 'fc5741ef-4709-4d93-9e52-698709558b08', '{"action":"logout","actor_id":"621e3afd-2f52-4a86-a419-9d70be632530","actor_username":"yousiftest@ccn.com","actor_via_sso":false,"log_type":"account"}', '2025-11-03 18:04:08.749413+00', ''),
	('00000000-0000-0000-0000-000000000000', 'f5982802-5a7d-4364-9131-96641e4dc0d4', '{"action":"user_signedup","actor_id":"5b96f0b1-bd3f-4fbb-b8ef-239b10a14ecf","actor_username":"yousif@example.co","actor_via_sso":false,"log_type":"team","traits":{"provider":"email"}}', '2025-11-03 18:06:59.953351+00', ''),
	('00000000-0000-0000-0000-000000000000', '0b35ec61-d855-4a54-b040-c430c0d9daa0', '{"action":"login","actor_id":"5b96f0b1-bd3f-4fbb-b8ef-239b10a14ecf","actor_username":"yousif@example.co","actor_via_sso":false,"log_type":"account","traits":{"provider":"email"}}', '2025-11-03 18:06:59.956222+00', ''),
	('00000000-0000-0000-0000-000000000000', '6b5f1d60-845b-461e-87d1-7c3dac3a2197', '{"action":"logout","actor_id":"5b96f0b1-bd3f-4fbb-b8ef-239b10a14ecf","actor_username":"yousif@example.co","actor_via_sso":false,"log_type":"account"}', '2025-11-03 18:13:34.762589+00', ''),
	('00000000-0000-0000-0000-000000000000', '9b0d2c96-8acd-42bd-b7cf-6a67ea14a9fd', '{"action":"login","actor_id":"3f9a5abf-a9c8-46de-ad7f-0466a8c1e054","actor_username":"platformtakeone@gmail.com","actor_via_sso":false,"log_type":"account","traits":{"provider":"email"}}', '2025-11-03 18:16:33.481856+00', ''),
	('00000000-0000-0000-0000-000000000000', 'aae1c3b3-e8bb-4f0e-b1f9-6414e168513e', '{"action":"logout","actor_id":"3f9a5abf-a9c8-46de-ad7f-0466a8c1e054","actor_username":"platformtakeone@gmail.com","actor_via_sso":false,"log_type":"account"}', '2025-11-03 18:52:58.268362+00', ''),
	('00000000-0000-0000-0000-000000000000', 'dd7cf9f0-82c6-4013-b85c-628185fd42eb', '{"action":"login","actor_id":"621e3afd-2f52-4a86-a419-9d70be632530","actor_username":"yousiftest@ccn.com","actor_via_sso":false,"log_type":"account","traits":{"provider":"email"}}', '2025-11-03 18:53:23.601093+00', ''),
	('00000000-0000-0000-0000-000000000000', '8b5bd197-bc09-42f1-99a4-3ada6d91810e', '{"action":"logout","actor_id":"621e3afd-2f52-4a86-a419-9d70be632530","actor_username":"yousiftest@ccn.com","actor_via_sso":false,"log_type":"account"}', '2025-11-03 18:56:04.851355+00', ''),
	('00000000-0000-0000-0000-000000000000', 'b5134fbe-61d7-4033-b071-577ad79c8170', '{"action":"login","actor_id":"5b96f0b1-bd3f-4fbb-b8ef-239b10a14ecf","actor_username":"yousif@example.co","actor_via_sso":false,"log_type":"account","traits":{"provider":"email"}}', '2025-11-03 18:57:12.127156+00', ''),
	('00000000-0000-0000-0000-000000000000', '967066aa-85df-4944-8965-d85a602a5979', '{"action":"token_refreshed","actor_id":"5b96f0b1-bd3f-4fbb-b8ef-239b10a14ecf","actor_username":"yousif@example.co","actor_via_sso":false,"log_type":"token"}', '2025-11-03 19:34:00.808136+00', ''),
	('00000000-0000-0000-0000-000000000000', 'a329a813-fe75-489a-bb4a-55e05c1bae21', '{"action":"token_revoked","actor_id":"5b96f0b1-bd3f-4fbb-b8ef-239b10a14ecf","actor_username":"yousif@example.co","actor_via_sso":false,"log_type":"token"}', '2025-11-03 19:34:00.809745+00', ''),
	('00000000-0000-0000-0000-000000000000', '61ff85e0-20cc-4ab0-b68d-61fb5ad21d63', '{"action":"token_refreshed","actor_id":"5b96f0b1-bd3f-4fbb-b8ef-239b10a14ecf","actor_username":"yousif@example.co","actor_via_sso":false,"log_type":"token"}', '2025-11-03 20:28:56.165336+00', ''),
	('00000000-0000-0000-0000-000000000000', 'f1253a58-58d2-4c26-9c9c-6a362bd6d343', '{"action":"token_revoked","actor_id":"5b96f0b1-bd3f-4fbb-b8ef-239b10a14ecf","actor_username":"yousif@example.co","actor_via_sso":false,"log_type":"token"}', '2025-11-03 20:28:56.166214+00', ''),
	('00000000-0000-0000-0000-000000000000', '012a5a6a-14bc-4cde-a9de-fac1223b43e6', '{"action":"token_refreshed","actor_id":"5b96f0b1-bd3f-4fbb-b8ef-239b10a14ecf","actor_username":"yousif@example.co","actor_via_sso":false,"log_type":"token"}', '2025-11-03 21:31:21.469557+00', ''),
	('00000000-0000-0000-0000-000000000000', '6f460b39-0770-4140-a228-da840f4e1e01', '{"action":"token_revoked","actor_id":"5b96f0b1-bd3f-4fbb-b8ef-239b10a14ecf","actor_username":"yousif@example.co","actor_via_sso":false,"log_type":"token"}', '2025-11-03 21:31:21.470422+00', ''),
	('00000000-0000-0000-0000-000000000000', 'dceab3a1-0b56-4430-9369-92baecc3b9d9', '{"action":"token_refreshed","actor_id":"5b96f0b1-bd3f-4fbb-b8ef-239b10a14ecf","actor_username":"yousif@example.co","actor_via_sso":false,"log_type":"token"}', '2025-11-03 22:17:19.133199+00', ''),
	('00000000-0000-0000-0000-000000000000', '20e50b53-d2bc-4663-931f-e3aa14a13dfc', '{"action":"token_revoked","actor_id":"5b96f0b1-bd3f-4fbb-b8ef-239b10a14ecf","actor_username":"yousif@example.co","actor_via_sso":false,"log_type":"token"}', '2025-11-03 22:17:19.134759+00', ''),
	('00000000-0000-0000-0000-000000000000', '2553af7a-917a-4c74-922f-44aec01ca8a8', '{"action":"token_refreshed","actor_id":"5b96f0b1-bd3f-4fbb-b8ef-239b10a14ecf","actor_username":"yousif@example.co","actor_via_sso":false,"log_type":"token"}', '2025-11-03 23:05:17.349771+00', ''),
	('00000000-0000-0000-0000-000000000000', 'dea96a51-e4a3-45ad-a68b-e78972ee41c8', '{"action":"token_revoked","actor_id":"5b96f0b1-bd3f-4fbb-b8ef-239b10a14ecf","actor_username":"yousif@example.co","actor_via_sso":false,"log_type":"token"}', '2025-11-03 23:05:17.350569+00', ''),
	('00000000-0000-0000-0000-000000000000', '677f6d67-7f67-4105-beb7-69bb725169c5', '{"action":"token_refreshed","actor_id":"5b96f0b1-bd3f-4fbb-b8ef-239b10a14ecf","actor_username":"yousif@example.co","actor_via_sso":false,"log_type":"token"}', '2025-11-03 23:52:38.937315+00', ''),
	('00000000-0000-0000-0000-000000000000', '438da966-d0c9-435a-9a4a-62c1db836447', '{"action":"token_revoked","actor_id":"5b96f0b1-bd3f-4fbb-b8ef-239b10a14ecf","actor_username":"yousif@example.co","actor_via_sso":false,"log_type":"token"}', '2025-11-03 23:52:38.938093+00', ''),
	('00000000-0000-0000-0000-000000000000', '5440f393-4fd6-41d2-baa5-303e5fa100dc', '{"action":"token_refreshed","actor_id":"5b96f0b1-bd3f-4fbb-b8ef-239b10a14ecf","actor_username":"yousif@example.co","actor_via_sso":false,"log_type":"token"}', '2025-11-04 00:39:45.860649+00', ''),
	('00000000-0000-0000-0000-000000000000', 'a23f1d41-0656-47cb-96bc-445caabe563d', '{"action":"token_revoked","actor_id":"5b96f0b1-bd3f-4fbb-b8ef-239b10a14ecf","actor_username":"yousif@example.co","actor_via_sso":false,"log_type":"token"}', '2025-11-04 00:39:45.862013+00', ''),
	('00000000-0000-0000-0000-000000000000', 'e874638a-3ff4-42a6-86c9-18917e3fa9a4', '{"action":"token_refreshed","actor_id":"5b96f0b1-bd3f-4fbb-b8ef-239b10a14ecf","actor_username":"yousif@example.co","actor_via_sso":false,"log_type":"token"}', '2025-11-04 01:42:06.721506+00', ''),
	('00000000-0000-0000-0000-000000000000', '05b23029-5713-4bfb-9066-389335606b41', '{"action":"token_revoked","actor_id":"5b96f0b1-bd3f-4fbb-b8ef-239b10a14ecf","actor_username":"yousif@example.co","actor_via_sso":false,"log_type":"token"}', '2025-11-04 01:42:06.723012+00', ''),
	('00000000-0000-0000-0000-000000000000', '4ddc8ee5-f401-482b-9faa-11ab96057623', '{"action":"token_refreshed","actor_id":"5b96f0b1-bd3f-4fbb-b8ef-239b10a14ecf","actor_username":"yousif@example.co","actor_via_sso":false,"log_type":"token"}', '2025-11-04 02:39:01.582712+00', ''),
	('00000000-0000-0000-0000-000000000000', '5ac7e15f-2102-451c-8f84-389ef2e90d70', '{"action":"token_revoked","actor_id":"5b96f0b1-bd3f-4fbb-b8ef-239b10a14ecf","actor_username":"yousif@example.co","actor_via_sso":false,"log_type":"token"}', '2025-11-04 02:39:01.583614+00', ''),
	('00000000-0000-0000-0000-000000000000', '69134cc1-ad56-4f91-b2b5-77e4226950e6', '{"action":"token_refreshed","actor_id":"5b96f0b1-bd3f-4fbb-b8ef-239b10a14ecf","actor_username":"yousif@example.co","actor_via_sso":false,"log_type":"token"}', '2025-11-04 03:29:07.198428+00', ''),
	('00000000-0000-0000-0000-000000000000', '2105b3d0-ee30-4c4a-a57e-78ad46627698', '{"action":"token_revoked","actor_id":"5b96f0b1-bd3f-4fbb-b8ef-239b10a14ecf","actor_username":"yousif@example.co","actor_via_sso":false,"log_type":"token"}', '2025-11-04 03:29:07.200254+00', ''),
	('00000000-0000-0000-0000-000000000000', 'e336d5fb-c2c8-4a2f-8c7f-cb2b7925bc40', '{"action":"token_refreshed","actor_id":"5b96f0b1-bd3f-4fbb-b8ef-239b10a14ecf","actor_username":"yousif@example.co","actor_via_sso":false,"log_type":"token"}', '2025-11-04 04:26:07.992923+00', ''),
	('00000000-0000-0000-0000-000000000000', '140937e6-98cc-4877-8772-4f0c34777a93', '{"action":"token_revoked","actor_id":"5b96f0b1-bd3f-4fbb-b8ef-239b10a14ecf","actor_username":"yousif@example.co","actor_via_sso":false,"log_type":"token"}', '2025-11-04 04:26:07.994566+00', ''),
	('00000000-0000-0000-0000-000000000000', '5ac79e61-0c11-4557-84a4-7e7ab157ab9f', '{"action":"token_refreshed","actor_id":"5b96f0b1-bd3f-4fbb-b8ef-239b10a14ecf","actor_username":"yousif@example.co","actor_via_sso":false,"log_type":"token"}', '2025-11-04 05:18:30.400396+00', ''),
	('00000000-0000-0000-0000-000000000000', 'd761ce90-15e9-4f06-81ce-6593eb108b8d', '{"action":"token_revoked","actor_id":"5b96f0b1-bd3f-4fbb-b8ef-239b10a14ecf","actor_username":"yousif@example.co","actor_via_sso":false,"log_type":"token"}', '2025-11-04 05:18:30.401364+00', ''),
	('00000000-0000-0000-0000-000000000000', 'b42d9f54-3264-4977-9de4-3e4f03582c98', '{"action":"token_refreshed","actor_id":"5b96f0b1-bd3f-4fbb-b8ef-239b10a14ecf","actor_username":"yousif@example.co","actor_via_sso":false,"log_type":"token"}', '2025-11-04 06:16:49.709648+00', ''),
	('00000000-0000-0000-0000-000000000000', 'e270c20d-16aa-487a-8e71-c383304573e0', '{"action":"token_revoked","actor_id":"5b96f0b1-bd3f-4fbb-b8ef-239b10a14ecf","actor_username":"yousif@example.co","actor_via_sso":false,"log_type":"token"}', '2025-11-04 06:16:49.710805+00', ''),
	('00000000-0000-0000-0000-000000000000', '9ab8aabe-9a05-407f-a249-90d36ba48229', '{"action":"logout","actor_id":"5b96f0b1-bd3f-4fbb-b8ef-239b10a14ecf","actor_username":"yousif@example.co","actor_via_sso":false,"log_type":"account"}', '2025-11-04 06:23:48.177859+00', ''),
	('00000000-0000-0000-0000-000000000000', '85f26552-2259-46e5-ae6a-db525e1fd0df', '{"action":"login","actor_id":"3f9a5abf-a9c8-46de-ad7f-0466a8c1e054","actor_username":"platformtakeone@gmail.com","actor_via_sso":false,"log_type":"account","traits":{"provider":"email"}}', '2025-11-04 06:24:09.938521+00', ''),
	('00000000-0000-0000-0000-000000000000', 'f3169c01-4440-450c-81cd-5a219ef44271', '{"action":"token_refreshed","actor_id":"3f9a5abf-a9c8-46de-ad7f-0466a8c1e054","actor_username":"platformtakeone@gmail.com","actor_via_sso":false,"log_type":"token"}', '2025-11-04 07:22:17.85954+00', ''),
	('00000000-0000-0000-0000-000000000000', '14779768-45bb-42e7-872d-2df603fc15aa', '{"action":"token_revoked","actor_id":"3f9a5abf-a9c8-46de-ad7f-0466a8c1e054","actor_username":"platformtakeone@gmail.com","actor_via_sso":false,"log_type":"token"}', '2025-11-04 07:22:17.860594+00', ''),
	('00000000-0000-0000-0000-000000000000', 'e7f6afa6-3208-4e27-835f-7833fc2b4f08', '{"action":"token_refreshed","actor_id":"3f9a5abf-a9c8-46de-ad7f-0466a8c1e054","actor_username":"platformtakeone@gmail.com","actor_via_sso":false,"log_type":"token"}', '2025-11-04 08:20:54.004379+00', ''),
	('00000000-0000-0000-0000-000000000000', '8bef1a34-10db-4eee-8470-7072de7b2b7a', '{"action":"token_revoked","actor_id":"3f9a5abf-a9c8-46de-ad7f-0466a8c1e054","actor_username":"platformtakeone@gmail.com","actor_via_sso":false,"log_type":"token"}', '2025-11-04 08:20:54.017273+00', ''),
	('00000000-0000-0000-0000-000000000000', '7e2bbe85-77ad-445a-9374-3c9c11291342', '{"action":"token_refreshed","actor_id":"3f9a5abf-a9c8-46de-ad7f-0466a8c1e054","actor_username":"platformtakeone@gmail.com","actor_via_sso":false,"log_type":"token"}', '2025-11-04 09:19:08.458277+00', ''),
	('00000000-0000-0000-0000-000000000000', 'b008cb75-310b-4387-b3c8-d5e7ed56b6b0', '{"action":"token_revoked","actor_id":"3f9a5abf-a9c8-46de-ad7f-0466a8c1e054","actor_username":"platformtakeone@gmail.com","actor_via_sso":false,"log_type":"token"}', '2025-11-04 09:19:08.461449+00', ''),
	('00000000-0000-0000-0000-000000000000', 'dc8188ad-ec86-449c-b95e-b1c31c5ae12c', '{"action":"token_refreshed","actor_id":"3f9a5abf-a9c8-46de-ad7f-0466a8c1e054","actor_username":"platformtakeone@gmail.com","actor_via_sso":false,"log_type":"token"}', '2025-11-04 10:17:52.421879+00', ''),
	('00000000-0000-0000-0000-000000000000', '644d145e-511c-49be-ba11-0662c30cb2b4', '{"action":"token_revoked","actor_id":"3f9a5abf-a9c8-46de-ad7f-0466a8c1e054","actor_username":"platformtakeone@gmail.com","actor_via_sso":false,"log_type":"token"}', '2025-11-04 10:17:52.423662+00', ''),
	('00000000-0000-0000-0000-000000000000', '1ad26e3e-cc0a-479d-86d6-d2b9e052bd52', '{"action":"token_refreshed","actor_id":"3f9a5abf-a9c8-46de-ad7f-0466a8c1e054","actor_username":"platformtakeone@gmail.com","actor_via_sso":false,"log_type":"token"}', '2025-11-04 11:16:06.299555+00', ''),
	('00000000-0000-0000-0000-000000000000', '0fc3eb30-7c46-4b88-8a33-c496160480e7', '{"action":"token_revoked","actor_id":"3f9a5abf-a9c8-46de-ad7f-0466a8c1e054","actor_username":"platformtakeone@gmail.com","actor_via_sso":false,"log_type":"token"}', '2025-11-04 11:16:06.300581+00', ''),
	('00000000-0000-0000-0000-000000000000', 'e6eac839-d693-4184-b9a6-1ff0c2e678bc', '{"action":"token_refreshed","actor_id":"3f9a5abf-a9c8-46de-ad7f-0466a8c1e054","actor_username":"platformtakeone@gmail.com","actor_via_sso":false,"log_type":"token"}', '2025-11-04 12:14:10.063154+00', ''),
	('00000000-0000-0000-0000-000000000000', '8d7d5675-a486-47da-9144-16d7f0de208d', '{"action":"token_revoked","actor_id":"3f9a5abf-a9c8-46de-ad7f-0466a8c1e054","actor_username":"platformtakeone@gmail.com","actor_via_sso":false,"log_type":"token"}', '2025-11-04 12:14:10.066011+00', ''),
	('00000000-0000-0000-0000-000000000000', 'a68f948f-c76d-470c-9dd7-30c6c4326ac1', '{"action":"logout","actor_id":"3f9a5abf-a9c8-46de-ad7f-0466a8c1e054","actor_username":"platformtakeone@gmail.com","actor_via_sso":false,"log_type":"account"}', '2025-11-04 12:37:33.72051+00', ''),
	('00000000-0000-0000-0000-000000000000', 'e954ca3d-e234-4d11-a6b7-9351400b6fff', '{"action":"login","actor_id":"621e3afd-2f52-4a86-a419-9d70be632530","actor_username":"yousiftest@ccn.com","actor_via_sso":false,"log_type":"account","traits":{"provider":"email"}}', '2025-11-04 12:37:48.975581+00', ''),
	('00000000-0000-0000-0000-000000000000', 'c820d1bc-cf11-446c-be9d-fe2a2466ad28', '{"action":"logout","actor_id":"621e3afd-2f52-4a86-a419-9d70be632530","actor_username":"yousiftest@ccn.com","actor_via_sso":false,"log_type":"account"}', '2025-11-04 12:51:21.799919+00', ''),
	('00000000-0000-0000-0000-000000000000', '1fe23ff7-bbc8-4752-8f1f-bb8730c6aeda', '{"action":"login","actor_id":"3f9a5abf-a9c8-46de-ad7f-0466a8c1e054","actor_username":"platformtakeone@gmail.com","actor_via_sso":false,"log_type":"account","traits":{"provider":"email"}}', '2025-11-04 12:51:50.671257+00', ''),
	('00000000-0000-0000-0000-000000000000', '7e4fc484-6973-4c74-acfe-5dd01cfc6938', '{"action":"logout","actor_id":"3f9a5abf-a9c8-46de-ad7f-0466a8c1e054","actor_username":"platformtakeone@gmail.com","actor_via_sso":false,"log_type":"account"}', '2025-11-04 12:52:35.82115+00', ''),
	('00000000-0000-0000-0000-000000000000', 'f6428d27-b770-455d-91bf-b26d53f958cc', '{"action":"login","actor_id":"3f9a5abf-a9c8-46de-ad7f-0466a8c1e054","actor_username":"platformtakeone@gmail.com","actor_via_sso":false,"log_type":"account","traits":{"provider":"email"}}', '2025-11-04 12:53:17.148887+00', ''),
	('00000000-0000-0000-0000-000000000000', 'e4d18c7e-52d9-430c-bc89-da48ccdd52c3', '{"action":"logout","actor_id":"3f9a5abf-a9c8-46de-ad7f-0466a8c1e054","actor_username":"platformtakeone@gmail.com","actor_via_sso":false,"log_type":"account"}', '2025-11-04 12:53:31.914093+00', ''),
	('00000000-0000-0000-0000-000000000000', 'e7f83225-5262-4f9a-a0a3-d86251493333', '{"action":"login","actor_id":"621e3afd-2f52-4a86-a419-9d70be632530","actor_username":"yousiftest@ccn.com","actor_via_sso":false,"log_type":"account","traits":{"provider":"email"}}', '2025-11-04 12:53:58.317973+00', ''),
	('00000000-0000-0000-0000-000000000000', '5eeb4210-8824-4b59-a05c-16281011d3ee', '{"action":"logout","actor_id":"621e3afd-2f52-4a86-a419-9d70be632530","actor_username":"yousiftest@ccn.com","actor_via_sso":false,"log_type":"account"}', '2025-11-04 13:09:01.903566+00', ''),
	('00000000-0000-0000-0000-000000000000', 'e975f720-09f4-4639-a39f-be23d7a1ae19', '{"action":"login","actor_id":"3f9a5abf-a9c8-46de-ad7f-0466a8c1e054","actor_username":"platformtakeone@gmail.com","actor_via_sso":false,"log_type":"account","traits":{"provider":"email"}}', '2025-11-04 13:09:13.930837+00', ''),
	('00000000-0000-0000-0000-000000000000', 'bce9311a-3e5d-47f5-b503-4b571f616c46', '{"action":"token_refreshed","actor_id":"3f9a5abf-a9c8-46de-ad7f-0466a8c1e054","actor_username":"platformtakeone@gmail.com","actor_via_sso":false,"log_type":"token"}', '2025-11-04 13:28:37.971316+00', ''),
	('00000000-0000-0000-0000-000000000000', 'c96d5972-a760-49aa-990c-3140060bead8', '{"action":"token_revoked","actor_id":"3f9a5abf-a9c8-46de-ad7f-0466a8c1e054","actor_username":"platformtakeone@gmail.com","actor_via_sso":false,"log_type":"token"}', '2025-11-04 13:28:37.972694+00', ''),
	('00000000-0000-0000-0000-000000000000', 'd4bc22bf-3cef-46a4-bfd6-9751df8dad62', '{"action":"token_refreshed","actor_id":"3f9a5abf-a9c8-46de-ad7f-0466a8c1e054","actor_username":"platformtakeone@gmail.com","actor_via_sso":false,"log_type":"token"}', '2025-11-04 14:16:20.049982+00', ''),
	('00000000-0000-0000-0000-000000000000', '41dda3dc-ab58-443c-8013-48bb26dfcf15', '{"action":"token_revoked","actor_id":"3f9a5abf-a9c8-46de-ad7f-0466a8c1e054","actor_username":"platformtakeone@gmail.com","actor_via_sso":false,"log_type":"token"}', '2025-11-04 14:16:20.051062+00', ''),
	('00000000-0000-0000-0000-000000000000', '3d054e07-6468-4f0e-969c-bd1cc0ca4d82', '{"action":"token_refreshed","actor_id":"3f9a5abf-a9c8-46de-ad7f-0466a8c1e054","actor_username":"platformtakeone@gmail.com","actor_via_sso":false,"log_type":"token"}', '2025-11-04 15:03:39.109585+00', ''),
	('00000000-0000-0000-0000-000000000000', '0331ea40-767e-4067-8016-c7b9f78a5dc6', '{"action":"token_revoked","actor_id":"3f9a5abf-a9c8-46de-ad7f-0466a8c1e054","actor_username":"platformtakeone@gmail.com","actor_via_sso":false,"log_type":"token"}', '2025-11-04 15:03:39.110886+00', ''),
	('00000000-0000-0000-0000-000000000000', '324bc976-311f-42c6-91f2-1a24b5fd0bd1', '{"action":"token_refreshed","actor_id":"3f9a5abf-a9c8-46de-ad7f-0466a8c1e054","actor_username":"platformtakeone@gmail.com","actor_via_sso":false,"log_type":"token"}', '2025-11-04 15:51:01.490292+00', ''),
	('00000000-0000-0000-0000-000000000000', '13270e95-ed0c-4041-90ab-632218897d9f', '{"action":"token_revoked","actor_id":"3f9a5abf-a9c8-46de-ad7f-0466a8c1e054","actor_username":"platformtakeone@gmail.com","actor_via_sso":false,"log_type":"token"}', '2025-11-04 15:51:01.490957+00', ''),
	('00000000-0000-0000-0000-000000000000', 'f405d535-9348-4bc0-b6d9-6440dbac04fd', '{"action":"token_refreshed","actor_id":"3f9a5abf-a9c8-46de-ad7f-0466a8c1e054","actor_username":"platformtakeone@gmail.com","actor_via_sso":false,"log_type":"token"}', '2025-11-04 16:49:18.023409+00', ''),
	('00000000-0000-0000-0000-000000000000', '6339c689-b83c-45b9-bbee-cb00d00939a2', '{"action":"token_revoked","actor_id":"3f9a5abf-a9c8-46de-ad7f-0466a8c1e054","actor_username":"platformtakeone@gmail.com","actor_via_sso":false,"log_type":"token"}', '2025-11-04 16:49:18.024447+00', ''),
	('00000000-0000-0000-0000-000000000000', '5a878b9e-b32c-4be7-9a4b-c6ffe4493e4a', '{"action":"logout","actor_id":"3f9a5abf-a9c8-46de-ad7f-0466a8c1e054","actor_username":"platformtakeone@gmail.com","actor_via_sso":false,"log_type":"account"}', '2025-11-04 16:57:41.057337+00', ''),
	('00000000-0000-0000-0000-000000000000', 'd6670fba-8e54-43bb-8c04-b5ea2633e719', '{"action":"login","actor_id":"621e3afd-2f52-4a86-a419-9d70be632530","actor_username":"yousiftest@ccn.com","actor_via_sso":false,"log_type":"account","traits":{"provider":"email"}}', '2025-11-04 16:58:11.813669+00', ''),
	('00000000-0000-0000-0000-000000000000', 'acae2af9-5f60-49e6-801b-c16808e0fded', '{"action":"logout","actor_id":"621e3afd-2f52-4a86-a419-9d70be632530","actor_username":"yousiftest@ccn.com","actor_via_sso":false,"log_type":"account"}', '2025-11-04 16:59:44.570735+00', ''),
	('00000000-0000-0000-0000-000000000000', '37a78147-1c2e-4334-93a3-504f1fae721e', '{"action":"login","actor_id":"3f9a5abf-a9c8-46de-ad7f-0466a8c1e054","actor_username":"platformtakeone@gmail.com","actor_via_sso":false,"log_type":"account","traits":{"provider":"email"}}', '2025-11-04 16:59:59.774193+00', ''),
	('00000000-0000-0000-0000-000000000000', 'f6155c6b-861a-48a5-be57-93e7f375e204', '{"action":"logout","actor_id":"3f9a5abf-a9c8-46de-ad7f-0466a8c1e054","actor_username":"platformtakeone@gmail.com","actor_via_sso":false,"log_type":"account"}', '2025-11-04 17:29:26.145497+00', ''),
	('00000000-0000-0000-0000-000000000000', '0a8e9af1-7e4a-45d0-a0b7-c756ff02ecd5', '{"action":"login","actor_id":"621e3afd-2f52-4a86-a419-9d70be632530","actor_username":"yousiftest@ccn.com","actor_via_sso":false,"log_type":"account","traits":{"provider":"email"}}', '2025-11-04 17:30:18.978339+00', ''),
	('00000000-0000-0000-0000-000000000000', 'a6905bb6-ec5c-4183-97dc-c454a76de901', '{"action":"logout","actor_id":"621e3afd-2f52-4a86-a419-9d70be632530","actor_username":"yousiftest@ccn.com","actor_via_sso":false,"log_type":"account"}', '2025-11-04 17:32:06.74073+00', ''),
	('00000000-0000-0000-0000-000000000000', 'be208a25-d894-4c15-8bf2-bcd98245095b', '{"action":"login","actor_id":"3f9a5abf-a9c8-46de-ad7f-0466a8c1e054","actor_username":"platformtakeone@gmail.com","actor_via_sso":false,"log_type":"account","traits":{"provider":"email"}}', '2025-11-04 17:32:59.621855+00', ''),
	('00000000-0000-0000-0000-000000000000', 'd00defc1-5508-4a2c-abc5-c9328ff93931', '{"action":"token_refreshed","actor_id":"3f9a5abf-a9c8-46de-ad7f-0466a8c1e054","actor_username":"platformtakeone@gmail.com","actor_via_sso":false,"log_type":"token"}', '2025-11-04 18:31:35.026639+00', ''),
	('00000000-0000-0000-0000-000000000000', 'c490571a-7bc5-4987-ab00-edbdc03b9d3f', '{"action":"token_revoked","actor_id":"3f9a5abf-a9c8-46de-ad7f-0466a8c1e054","actor_username":"platformtakeone@gmail.com","actor_via_sso":false,"log_type":"token"}', '2025-11-04 18:31:35.028126+00', ''),
	('00000000-0000-0000-0000-000000000000', 'cecf64e4-873b-4b23-b78b-6c2afa163d01', '{"action":"token_refreshed","actor_id":"3f9a5abf-a9c8-46de-ad7f-0466a8c1e054","actor_username":"platformtakeone@gmail.com","actor_via_sso":false,"log_type":"token"}', '2025-11-04 19:30:25.095132+00', ''),
	('00000000-0000-0000-0000-000000000000', '7f055b94-aaeb-4d99-9f6d-9b3954e6869e', '{"action":"token_revoked","actor_id":"3f9a5abf-a9c8-46de-ad7f-0466a8c1e054","actor_username":"platformtakeone@gmail.com","actor_via_sso":false,"log_type":"token"}', '2025-11-04 19:30:25.096182+00', ''),
	('00000000-0000-0000-0000-000000000000', 'e5692412-15d7-4bdd-b517-9e0a9347dae7', '{"action":"token_refreshed","actor_id":"3f9a5abf-a9c8-46de-ad7f-0466a8c1e054","actor_username":"platformtakeone@gmail.com","actor_via_sso":false,"log_type":"token"}', '2025-11-05 06:24:16.206037+00', ''),
	('00000000-0000-0000-0000-000000000000', '0c1878d7-21fd-478c-8e13-d247b4f55bce', '{"action":"token_revoked","actor_id":"3f9a5abf-a9c8-46de-ad7f-0466a8c1e054","actor_username":"platformtakeone@gmail.com","actor_via_sso":false,"log_type":"token"}', '2025-11-05 06:24:16.263986+00', ''),
	('00000000-0000-0000-0000-000000000000', '45af7762-5489-461f-ad24-55593f127151', '{"action":"token_refreshed","actor_id":"3f9a5abf-a9c8-46de-ad7f-0466a8c1e054","actor_username":"platformtakeone@gmail.com","actor_via_sso":false,"log_type":"token"}', '2025-11-05 07:22:50.770299+00', ''),
	('00000000-0000-0000-0000-000000000000', 'd7379766-1687-416d-b46b-b93e97214a3e', '{"action":"token_revoked","actor_id":"3f9a5abf-a9c8-46de-ad7f-0466a8c1e054","actor_username":"platformtakeone@gmail.com","actor_via_sso":false,"log_type":"token"}', '2025-11-05 07:22:50.821777+00', ''),
	('00000000-0000-0000-0000-000000000000', '56a71af2-095d-4198-ac11-e74d83109bf0', '{"action":"token_refreshed","actor_id":"3f9a5abf-a9c8-46de-ad7f-0466a8c1e054","actor_username":"platformtakeone@gmail.com","actor_via_sso":false,"log_type":"token"}', '2025-11-05 08:21:32.530194+00', ''),
	('00000000-0000-0000-0000-000000000000', '1a0672f8-6999-47d9-a107-5a65ba64cab5', '{"action":"token_revoked","actor_id":"3f9a5abf-a9c8-46de-ad7f-0466a8c1e054","actor_username":"platformtakeone@gmail.com","actor_via_sso":false,"log_type":"token"}', '2025-11-05 08:21:32.532542+00', ''),
	('00000000-0000-0000-0000-000000000000', 'e85b4c97-6881-4b39-a018-3487d1f4e135', '{"action":"token_refreshed","actor_id":"3f9a5abf-a9c8-46de-ad7f-0466a8c1e054","actor_username":"platformtakeone@gmail.com","actor_via_sso":false,"log_type":"token"}', '2025-11-05 09:20:13.964598+00', ''),
	('00000000-0000-0000-0000-000000000000', '89efc03a-7e1b-4d74-8c57-245e65028ed0', '{"action":"token_revoked","actor_id":"3f9a5abf-a9c8-46de-ad7f-0466a8c1e054","actor_username":"platformtakeone@gmail.com","actor_via_sso":false,"log_type":"token"}', '2025-11-05 09:20:13.965648+00', ''),
	('00000000-0000-0000-0000-000000000000', '8947e283-c143-4205-b4c1-eec9e6f16c72', '{"action":"token_refreshed","actor_id":"3f9a5abf-a9c8-46de-ad7f-0466a8c1e054","actor_username":"platformtakeone@gmail.com","actor_via_sso":false,"log_type":"token"}', '2025-11-05 10:18:51.49473+00', ''),
	('00000000-0000-0000-0000-000000000000', '3a62bcfd-7cee-48fd-bc7b-8dc921181c7c', '{"action":"token_revoked","actor_id":"3f9a5abf-a9c8-46de-ad7f-0466a8c1e054","actor_username":"platformtakeone@gmail.com","actor_via_sso":false,"log_type":"token"}', '2025-11-05 10:18:51.495913+00', ''),
	('00000000-0000-0000-0000-000000000000', '59b63ba3-197b-460b-95e4-5110450e0ff7', '{"action":"token_refreshed","actor_id":"3f9a5abf-a9c8-46de-ad7f-0466a8c1e054","actor_username":"platformtakeone@gmail.com","actor_via_sso":false,"log_type":"token"}', '2025-11-05 11:17:31.688366+00', ''),
	('00000000-0000-0000-0000-000000000000', 'dedbc0ba-b4e2-4520-8ac4-39c8a05a6e11', '{"action":"token_revoked","actor_id":"3f9a5abf-a9c8-46de-ad7f-0466a8c1e054","actor_username":"platformtakeone@gmail.com","actor_via_sso":false,"log_type":"token"}', '2025-11-05 11:17:31.688943+00', ''),
	('00000000-0000-0000-0000-000000000000', 'ad1be927-cdb5-420f-b8c4-d97350dd1d5b', '{"action":"token_refreshed","actor_id":"3f9a5abf-a9c8-46de-ad7f-0466a8c1e054","actor_username":"platformtakeone@gmail.com","actor_via_sso":false,"log_type":"token"}', '2025-11-05 12:16:04.437549+00', ''),
	('00000000-0000-0000-0000-000000000000', 'fd3de749-f265-453a-a951-0d5c4ae3a812', '{"action":"token_revoked","actor_id":"3f9a5abf-a9c8-46de-ad7f-0466a8c1e054","actor_username":"platformtakeone@gmail.com","actor_via_sso":false,"log_type":"token"}', '2025-11-05 12:16:04.441043+00', ''),
	('00000000-0000-0000-0000-000000000000', 'fc1dc19d-be33-48d1-8a25-04aca1f18cbc', '{"action":"token_refreshed","actor_id":"3f9a5abf-a9c8-46de-ad7f-0466a8c1e054","actor_username":"platformtakeone@gmail.com","actor_via_sso":false,"log_type":"token"}', '2025-11-05 13:14:49.798143+00', ''),
	('00000000-0000-0000-0000-000000000000', 'a213b54e-b0e5-410d-8d51-2d0c7c608840', '{"action":"token_revoked","actor_id":"3f9a5abf-a9c8-46de-ad7f-0466a8c1e054","actor_username":"platformtakeone@gmail.com","actor_via_sso":false,"log_type":"token"}', '2025-11-05 13:14:49.802539+00', ''),
	('00000000-0000-0000-0000-000000000000', '367d8e88-adab-42bc-9d95-c7136a82b407', '{"action":"token_refreshed","actor_id":"3f9a5abf-a9c8-46de-ad7f-0466a8c1e054","actor_username":"platformtakeone@gmail.com","actor_via_sso":false,"log_type":"token"}', '2025-11-05 14:27:45.377497+00', ''),
	('00000000-0000-0000-0000-000000000000', '15b827aa-092b-45fb-a6aa-4b1650d372b4', '{"action":"token_revoked","actor_id":"3f9a5abf-a9c8-46de-ad7f-0466a8c1e054","actor_username":"platformtakeone@gmail.com","actor_via_sso":false,"log_type":"token"}', '2025-11-05 14:27:45.380052+00', ''),
	('00000000-0000-0000-0000-000000000000', '62e61b47-4bf8-4b68-8a2b-5b26ecc28dc4', '{"action":"token_refreshed","actor_id":"3f9a5abf-a9c8-46de-ad7f-0466a8c1e054","actor_username":"platformtakeone@gmail.com","actor_via_sso":false,"log_type":"token"}', '2025-11-05 15:23:13.764571+00', ''),
	('00000000-0000-0000-0000-000000000000', '3fd5c8de-38f1-4137-8d07-82a1ff0271b7', '{"action":"token_revoked","actor_id":"3f9a5abf-a9c8-46de-ad7f-0466a8c1e054","actor_username":"platformtakeone@gmail.com","actor_via_sso":false,"log_type":"token"}', '2025-11-05 15:23:13.768554+00', ''),
	('00000000-0000-0000-0000-000000000000', 'e08c7279-6404-4529-b09a-6943a47e33ae', '{"action":"token_refreshed","actor_id":"3f9a5abf-a9c8-46de-ad7f-0466a8c1e054","actor_username":"platformtakeone@gmail.com","actor_via_sso":false,"log_type":"token"}', '2025-11-05 16:21:54.4268+00', ''),
	('00000000-0000-0000-0000-000000000000', 'ef2a2ca4-e62d-4be1-8fc7-b4b8eedf880a', '{"action":"token_revoked","actor_id":"3f9a5abf-a9c8-46de-ad7f-0466a8c1e054","actor_username":"platformtakeone@gmail.com","actor_via_sso":false,"log_type":"token"}', '2025-11-05 16:21:54.428728+00', ''),
	('00000000-0000-0000-0000-000000000000', 'bf137342-42cd-4081-a5b0-94360c240cb7', '{"action":"token_refreshed","actor_id":"3f9a5abf-a9c8-46de-ad7f-0466a8c1e054","actor_username":"platformtakeone@gmail.com","actor_via_sso":false,"log_type":"token"}', '2025-11-05 17:20:25.408665+00', ''),
	('00000000-0000-0000-0000-000000000000', '70829bd5-f3ec-4b14-8e02-3b4a4aa7e951', '{"action":"token_revoked","actor_id":"3f9a5abf-a9c8-46de-ad7f-0466a8c1e054","actor_username":"platformtakeone@gmail.com","actor_via_sso":false,"log_type":"token"}', '2025-11-05 17:20:25.409939+00', ''),
	('00000000-0000-0000-0000-000000000000', '4d041362-1e86-47cb-bcad-ce8fb873d2d7', '{"action":"token_refreshed","actor_id":"3f9a5abf-a9c8-46de-ad7f-0466a8c1e054","actor_username":"platformtakeone@gmail.com","actor_via_sso":false,"log_type":"token"}', '2025-11-05 18:18:55.458413+00', ''),
	('00000000-0000-0000-0000-000000000000', 'f8a12735-9de6-4521-8180-caa5fbc96794', '{"action":"token_revoked","actor_id":"3f9a5abf-a9c8-46de-ad7f-0466a8c1e054","actor_username":"platformtakeone@gmail.com","actor_via_sso":false,"log_type":"token"}', '2025-11-05 18:18:55.459505+00', ''),
	('00000000-0000-0000-0000-000000000000', '9075dc16-b96f-46bb-879a-3abeedfa819f', '{"action":"token_refreshed","actor_id":"3f9a5abf-a9c8-46de-ad7f-0466a8c1e054","actor_username":"platformtakeone@gmail.com","actor_via_sso":false,"log_type":"token"}', '2025-11-05 19:17:26.233029+00', ''),
	('00000000-0000-0000-0000-000000000000', 'b5d45232-a40e-455f-a4c4-7592f62c6e86', '{"action":"token_revoked","actor_id":"3f9a5abf-a9c8-46de-ad7f-0466a8c1e054","actor_username":"platformtakeone@gmail.com","actor_via_sso":false,"log_type":"token"}', '2025-11-05 19:17:26.234447+00', ''),
	('00000000-0000-0000-0000-000000000000', 'f1b6cf46-9f50-42ee-8b8b-9e54019faac5', '{"action":"token_refreshed","actor_id":"3f9a5abf-a9c8-46de-ad7f-0466a8c1e054","actor_username":"platformtakeone@gmail.com","actor_via_sso":false,"log_type":"token"}', '2025-11-05 20:16:04.291914+00', ''),
	('00000000-0000-0000-0000-000000000000', '53dda4f0-b75c-4bcc-8ff3-2b7404cbb3e5', '{"action":"token_revoked","actor_id":"3f9a5abf-a9c8-46de-ad7f-0466a8c1e054","actor_username":"platformtakeone@gmail.com","actor_via_sso":false,"log_type":"token"}', '2025-11-05 20:16:04.293234+00', ''),
	('00000000-0000-0000-0000-000000000000', '9c09c562-98ff-40e1-9ffe-f03a428c1fef', '{"action":"token_refreshed","actor_id":"3f9a5abf-a9c8-46de-ad7f-0466a8c1e054","actor_username":"platformtakeone@gmail.com","actor_via_sso":false,"log_type":"token"}', '2025-11-06 06:13:57.922601+00', ''),
	('00000000-0000-0000-0000-000000000000', '5beb4657-cba1-4b8b-b377-ab97e3d51990', '{"action":"token_revoked","actor_id":"3f9a5abf-a9c8-46de-ad7f-0466a8c1e054","actor_username":"platformtakeone@gmail.com","actor_via_sso":false,"log_type":"token"}', '2025-11-06 06:13:57.927926+00', ''),
	('00000000-0000-0000-0000-000000000000', '478bcd54-455c-4eed-8f98-0a83059dca90', '{"action":"token_refreshed","actor_id":"3f9a5abf-a9c8-46de-ad7f-0466a8c1e054","actor_username":"platformtakeone@gmail.com","actor_via_sso":false,"log_type":"token"}', '2025-11-06 07:45:09.832048+00', ''),
	('00000000-0000-0000-0000-000000000000', '19107c54-9aa5-48df-8a7c-9de65c1e617f', '{"action":"token_revoked","actor_id":"3f9a5abf-a9c8-46de-ad7f-0466a8c1e054","actor_username":"platformtakeone@gmail.com","actor_via_sso":false,"log_type":"token"}', '2025-11-06 07:45:09.854569+00', ''),
	('00000000-0000-0000-0000-000000000000', '2e8be7e3-0203-42f5-abae-116c8f11ea6a', '{"action":"logout","actor_id":"3f9a5abf-a9c8-46de-ad7f-0466a8c1e054","actor_username":"platformtakeone@gmail.com","actor_via_sso":false,"log_type":"account"}', '2025-11-06 07:45:59.790024+00', ''),
	('00000000-0000-0000-0000-000000000000', '29e18a85-8b3c-4418-94f6-9440ce0bd773', '{"action":"login","actor_id":"621e3afd-2f52-4a86-a419-9d70be632530","actor_username":"yousiftest@ccn.com","actor_via_sso":false,"log_type":"account","traits":{"provider":"email"}}', '2025-11-06 07:46:10.624853+00', ''),
	('00000000-0000-0000-0000-000000000000', 'dde32f76-34ed-496b-bea1-fa6986f4c526', '{"action":"token_refreshed","actor_id":"621e3afd-2f52-4a86-a419-9d70be632530","actor_username":"yousiftest@ccn.com","actor_via_sso":false,"log_type":"token"}', '2025-11-06 08:44:10.148085+00', ''),
	('00000000-0000-0000-0000-000000000000', 'a01e1c61-19b0-4755-ac09-1a09e28ce483', '{"action":"token_revoked","actor_id":"621e3afd-2f52-4a86-a419-9d70be632530","actor_username":"yousiftest@ccn.com","actor_via_sso":false,"log_type":"token"}', '2025-11-06 08:44:10.149929+00', ''),
	('00000000-0000-0000-0000-000000000000', '82598b62-6bed-49e6-9f24-6c370cf109dd', '{"action":"logout","actor_id":"621e3afd-2f52-4a86-a419-9d70be632530","actor_username":"yousiftest@ccn.com","actor_via_sso":false,"log_type":"account"}', '2025-11-06 09:16:36.52833+00', ''),
	('00000000-0000-0000-0000-000000000000', '7fdfb933-dd54-4e64-b5a2-5c297acb7c7a', '{"action":"login","actor_id":"621e3afd-2f52-4a86-a419-9d70be632530","actor_username":"yousiftest@ccn.com","actor_via_sso":false,"log_type":"account","traits":{"provider":"email"}}', '2025-11-06 09:17:07.364066+00', ''),
	('00000000-0000-0000-0000-000000000000', '2c01d117-c053-45d6-bf01-9b4bd4f6f6f1', '{"action":"logout","actor_id":"621e3afd-2f52-4a86-a419-9d70be632530","actor_username":"yousiftest@ccn.com","actor_via_sso":false,"log_type":"account"}', '2025-11-06 09:18:58.302635+00', ''),
	('00000000-0000-0000-0000-000000000000', '36d6867b-2109-44bd-a3ba-e47030471d43', '{"action":"login","actor_id":"3f9a5abf-a9c8-46de-ad7f-0466a8c1e054","actor_username":"platformtakeone@gmail.com","actor_via_sso":false,"log_type":"account","traits":{"provider":"email"}}', '2025-11-06 09:19:15.656567+00', ''),
	('00000000-0000-0000-0000-000000000000', 'c906b149-3a93-4f7c-92f6-4e87c83bc8e7', '{"action":"token_refreshed","actor_id":"3f9a5abf-a9c8-46de-ad7f-0466a8c1e054","actor_username":"platformtakeone@gmail.com","actor_via_sso":false,"log_type":"token"}', '2025-11-06 10:17:31.496275+00', ''),
	('00000000-0000-0000-0000-000000000000', '9e7fac38-0fbf-477e-b2a8-b0540868384c', '{"action":"token_revoked","actor_id":"3f9a5abf-a9c8-46de-ad7f-0466a8c1e054","actor_username":"platformtakeone@gmail.com","actor_via_sso":false,"log_type":"token"}', '2025-11-06 10:17:31.497068+00', ''),
	('00000000-0000-0000-0000-000000000000', '56825048-84a1-4d3f-b36f-2e1de47117fb', '{"action":"token_refreshed","actor_id":"3f9a5abf-a9c8-46de-ad7f-0466a8c1e054","actor_username":"platformtakeone@gmail.com","actor_via_sso":false,"log_type":"token"}', '2025-11-06 11:15:41.307097+00', ''),
	('00000000-0000-0000-0000-000000000000', '1e12176e-b214-4c43-8a0f-b463894a4d94', '{"action":"token_revoked","actor_id":"3f9a5abf-a9c8-46de-ad7f-0466a8c1e054","actor_username":"platformtakeone@gmail.com","actor_via_sso":false,"log_type":"token"}', '2025-11-06 11:15:41.313958+00', ''),
	('00000000-0000-0000-0000-000000000000', 'fa481001-9f53-4335-b5d9-b45816f0adc2', '{"action":"token_refreshed","actor_id":"3f9a5abf-a9c8-46de-ad7f-0466a8c1e054","actor_username":"platformtakeone@gmail.com","actor_via_sso":false,"log_type":"token"}', '2025-11-06 12:14:03.221057+00', ''),
	('00000000-0000-0000-0000-000000000000', '63ae3b52-eba3-418f-bb09-93ae073522f0', '{"action":"token_revoked","actor_id":"3f9a5abf-a9c8-46de-ad7f-0466a8c1e054","actor_username":"platformtakeone@gmail.com","actor_via_sso":false,"log_type":"token"}', '2025-11-06 12:14:03.222773+00', ''),
	('00000000-0000-0000-0000-000000000000', '8f398ab1-ab5f-4d16-916a-01c5f8d56fdc', '{"action":"logout","actor_id":"3f9a5abf-a9c8-46de-ad7f-0466a8c1e054","actor_username":"platformtakeone@gmail.com","actor_via_sso":false,"log_type":"account"}', '2025-11-06 12:54:00.164093+00', ''),
	('00000000-0000-0000-0000-000000000000', '34e5545e-c13b-4c9c-aa30-264a5733da26', '{"action":"login","actor_id":"3f9a5abf-a9c8-46de-ad7f-0466a8c1e054","actor_username":"platformtakeone@gmail.com","actor_via_sso":false,"log_type":"account","traits":{"provider":"email"}}', '2025-11-06 12:54:12.099169+00', ''),
	('00000000-0000-0000-0000-000000000000', 'e9ae8d5c-c729-40ba-a543-001ce83e99db', '{"action":"token_refreshed","actor_id":"3f9a5abf-a9c8-46de-ad7f-0466a8c1e054","actor_username":"platformtakeone@gmail.com","actor_via_sso":false,"log_type":"token"}', '2025-11-06 13:26:11.380742+00', ''),
	('00000000-0000-0000-0000-000000000000', '4ded89b9-d331-4644-b8f7-3e5448c18e08', '{"action":"token_revoked","actor_id":"3f9a5abf-a9c8-46de-ad7f-0466a8c1e054","actor_username":"platformtakeone@gmail.com","actor_via_sso":false,"log_type":"token"}', '2025-11-06 13:26:11.382489+00', ''),
	('00000000-0000-0000-0000-000000000000', '92c8245e-e6f3-4b70-ae9f-1ba42abbd189', '{"action":"token_refreshed","actor_id":"3f9a5abf-a9c8-46de-ad7f-0466a8c1e054","actor_username":"platformtakeone@gmail.com","actor_via_sso":false,"log_type":"token"}', '2025-11-06 14:18:53.479991+00', ''),
	('00000000-0000-0000-0000-000000000000', 'f2684eb8-0e1d-4c13-b5ec-89fe442543dc', '{"action":"token_revoked","actor_id":"3f9a5abf-a9c8-46de-ad7f-0466a8c1e054","actor_username":"platformtakeone@gmail.com","actor_via_sso":false,"log_type":"token"}', '2025-11-06 14:18:53.480774+00', ''),
	('00000000-0000-0000-0000-000000000000', '5044c98c-57d8-4aa8-b545-511901272beb', '{"action":"token_refreshed","actor_id":"3f9a5abf-a9c8-46de-ad7f-0466a8c1e054","actor_username":"platformtakeone@gmail.com","actor_via_sso":false,"log_type":"token"}', '2025-11-06 15:31:03.56593+00', ''),
	('00000000-0000-0000-0000-000000000000', 'a4fb6bbd-d48d-43f2-9a30-da51a519c720', '{"action":"token_revoked","actor_id":"3f9a5abf-a9c8-46de-ad7f-0466a8c1e054","actor_username":"platformtakeone@gmail.com","actor_via_sso":false,"log_type":"token"}', '2025-11-06 15:31:03.566732+00', ''),
	('00000000-0000-0000-0000-000000000000', '1c2d28a5-c081-4a77-b359-e976ef16bb8a', '{"action":"token_refreshed","actor_id":"3f9a5abf-a9c8-46de-ad7f-0466a8c1e054","actor_username":"platformtakeone@gmail.com","actor_via_sso":false,"log_type":"token"}', '2025-11-06 16:39:17.439729+00', ''),
	('00000000-0000-0000-0000-000000000000', 'dabeb3c8-e446-4545-9429-2528c45347b6', '{"action":"token_revoked","actor_id":"3f9a5abf-a9c8-46de-ad7f-0466a8c1e054","actor_username":"platformtakeone@gmail.com","actor_via_sso":false,"log_type":"token"}', '2025-11-06 16:39:17.442414+00', ''),
	('00000000-0000-0000-0000-000000000000', '234de0f2-8b78-4062-ba2c-b9ae0faecb78', '{"action":"token_refreshed","actor_id":"3f9a5abf-a9c8-46de-ad7f-0466a8c1e054","actor_username":"platformtakeone@gmail.com","actor_via_sso":false,"log_type":"token"}', '2025-11-06 17:27:16.566964+00', ''),
	('00000000-0000-0000-0000-000000000000', 'fcc1931a-ba22-45e1-bb63-99bfb8c10ff7', '{"action":"token_revoked","actor_id":"3f9a5abf-a9c8-46de-ad7f-0466a8c1e054","actor_username":"platformtakeone@gmail.com","actor_via_sso":false,"log_type":"token"}', '2025-11-06 17:27:16.568258+00', ''),
	('00000000-0000-0000-0000-000000000000', '82744134-f53f-44f6-a6e7-ba3daec37a04', '{"action":"token_refreshed","actor_id":"3f9a5abf-a9c8-46de-ad7f-0466a8c1e054","actor_username":"platformtakeone@gmail.com","actor_via_sso":false,"log_type":"token"}', '2025-11-06 18:38:15.786311+00', ''),
	('00000000-0000-0000-0000-000000000000', 'b28cda3e-4069-410c-8166-0f0aee0bb15c', '{"action":"token_revoked","actor_id":"3f9a5abf-a9c8-46de-ad7f-0466a8c1e054","actor_username":"platformtakeone@gmail.com","actor_via_sso":false,"log_type":"token"}', '2025-11-06 18:38:15.787396+00', ''),
	('00000000-0000-0000-0000-000000000000', '16516653-b0e4-40b6-a138-0e4b44da77f4', '{"action":"token_refreshed","actor_id":"3f9a5abf-a9c8-46de-ad7f-0466a8c1e054","actor_username":"platformtakeone@gmail.com","actor_via_sso":false,"log_type":"token"}', '2025-11-06 19:39:04.966492+00', ''),
	('00000000-0000-0000-0000-000000000000', '1f689c45-6210-46b3-b72e-f79875959102', '{"action":"token_revoked","actor_id":"3f9a5abf-a9c8-46de-ad7f-0466a8c1e054","actor_username":"platformtakeone@gmail.com","actor_via_sso":false,"log_type":"token"}', '2025-11-06 19:39:04.967938+00', ''),
	('00000000-0000-0000-0000-000000000000', '61dcfb0f-39d1-4f7d-87d5-6bc4cbeab754', '{"action":"token_refreshed","actor_id":"3f9a5abf-a9c8-46de-ad7f-0466a8c1e054","actor_username":"platformtakeone@gmail.com","actor_via_sso":false,"log_type":"token"}', '2025-11-06 20:25:18.354328+00', ''),
	('00000000-0000-0000-0000-000000000000', 'a2089804-0e10-426e-802e-c84f72518777', '{"action":"token_revoked","actor_id":"3f9a5abf-a9c8-46de-ad7f-0466a8c1e054","actor_username":"platformtakeone@gmail.com","actor_via_sso":false,"log_type":"token"}', '2025-11-06 20:25:18.355484+00', ''),
	('00000000-0000-0000-0000-000000000000', '9520376f-a57c-4cef-a883-aede1fb35e1f', '{"action":"token_refreshed","actor_id":"3f9a5abf-a9c8-46de-ad7f-0466a8c1e054","actor_username":"platformtakeone@gmail.com","actor_via_sso":false,"log_type":"token"}', '2025-11-06 21:12:26.321385+00', ''),
	('00000000-0000-0000-0000-000000000000', 'e7f3ec37-b5c1-4520-83b1-37e2244593fc', '{"action":"token_revoked","actor_id":"3f9a5abf-a9c8-46de-ad7f-0466a8c1e054","actor_username":"platformtakeone@gmail.com","actor_via_sso":false,"log_type":"token"}', '2025-11-06 21:12:26.322493+00', ''),
	('00000000-0000-0000-0000-000000000000', '80d4c6ae-63ed-43cb-8eea-868f8f5bab1c', '{"action":"token_refreshed","actor_id":"3f9a5abf-a9c8-46de-ad7f-0466a8c1e054","actor_username":"platformtakeone@gmail.com","actor_via_sso":false,"log_type":"token"}', '2025-11-06 22:12:49.617665+00', ''),
	('00000000-0000-0000-0000-000000000000', '735be520-f6ea-4624-8ca9-c14aed6f82a1', '{"action":"token_revoked","actor_id":"3f9a5abf-a9c8-46de-ad7f-0466a8c1e054","actor_username":"platformtakeone@gmail.com","actor_via_sso":false,"log_type":"token"}', '2025-11-06 22:12:49.619+00', ''),
	('00000000-0000-0000-0000-000000000000', '7dba12c6-3fed-4019-afd0-a3e54e55d13b', '{"action":"token_refreshed","actor_id":"3f9a5abf-a9c8-46de-ad7f-0466a8c1e054","actor_username":"platformtakeone@gmail.com","actor_via_sso":false,"log_type":"token"}', '2025-11-06 22:58:38.397959+00', ''),
	('00000000-0000-0000-0000-000000000000', 'e9f68f82-6e29-42b6-b9d4-747165423e47', '{"action":"token_revoked","actor_id":"3f9a5abf-a9c8-46de-ad7f-0466a8c1e054","actor_username":"platformtakeone@gmail.com","actor_via_sso":false,"log_type":"token"}', '2025-11-06 22:58:38.398787+00', ''),
	('00000000-0000-0000-0000-000000000000', '43c60bc1-b1da-49eb-8024-192ec634d54b', '{"action":"token_refreshed","actor_id":"3f9a5abf-a9c8-46de-ad7f-0466a8c1e054","actor_username":"platformtakeone@gmail.com","actor_via_sso":false,"log_type":"token"}', '2025-11-06 23:46:10.874459+00', ''),
	('00000000-0000-0000-0000-000000000000', '36b505e6-dd6c-451a-9bd5-cf45c3128a75', '{"action":"token_revoked","actor_id":"3f9a5abf-a9c8-46de-ad7f-0466a8c1e054","actor_username":"platformtakeone@gmail.com","actor_via_sso":false,"log_type":"token"}', '2025-11-06 23:46:10.875482+00', ''),
	('00000000-0000-0000-0000-000000000000', '1cb5d3c8-695d-49b2-a8ec-152a45d2a4d6', '{"action":"token_refreshed","actor_id":"3f9a5abf-a9c8-46de-ad7f-0466a8c1e054","actor_username":"platformtakeone@gmail.com","actor_via_sso":false,"log_type":"token"}', '2025-11-07 00:33:19.250389+00', ''),
	('00000000-0000-0000-0000-000000000000', '578adafd-50fc-4ed2-b886-c19eca213dfe', '{"action":"token_revoked","actor_id":"3f9a5abf-a9c8-46de-ad7f-0466a8c1e054","actor_username":"platformtakeone@gmail.com","actor_via_sso":false,"log_type":"token"}', '2025-11-07 00:33:19.251498+00', ''),
	('00000000-0000-0000-0000-000000000000', 'fe7f4931-e913-43de-8a2c-859c3bfc60fe', '{"action":"token_refreshed","actor_id":"3f9a5abf-a9c8-46de-ad7f-0466a8c1e054","actor_username":"platformtakeone@gmail.com","actor_via_sso":false,"log_type":"token"}', '2025-11-07 01:27:18.098256+00', ''),
	('00000000-0000-0000-0000-000000000000', '2e6e1a37-a7b6-4865-ac6f-096e4f255549', '{"action":"token_revoked","actor_id":"3f9a5abf-a9c8-46de-ad7f-0466a8c1e054","actor_username":"platformtakeone@gmail.com","actor_via_sso":false,"log_type":"token"}', '2025-11-07 01:27:18.09903+00', ''),
	('00000000-0000-0000-0000-000000000000', 'f9a25cc9-c5dc-43fd-a7be-e876b440f93a', '{"action":"token_refreshed","actor_id":"3f9a5abf-a9c8-46de-ad7f-0466a8c1e054","actor_username":"platformtakeone@gmail.com","actor_via_sso":false,"log_type":"token"}', '2025-11-07 02:22:15.3948+00', ''),
	('00000000-0000-0000-0000-000000000000', 'd4048355-64d9-41ee-9ecc-1e60aab67b4a', '{"action":"token_revoked","actor_id":"3f9a5abf-a9c8-46de-ad7f-0466a8c1e054","actor_username":"platformtakeone@gmail.com","actor_via_sso":false,"log_type":"token"}', '2025-11-07 02:22:15.395804+00', ''),
	('00000000-0000-0000-0000-000000000000', 'f1481ca4-d997-413b-b699-4f2f15335777', '{"action":"token_refreshed","actor_id":"3f9a5abf-a9c8-46de-ad7f-0466a8c1e054","actor_username":"platformtakeone@gmail.com","actor_via_sso":false,"log_type":"token"}', '2025-11-07 03:09:48.320711+00', ''),
	('00000000-0000-0000-0000-000000000000', 'f66b8c19-f463-4194-bada-7744ac2c7fd1', '{"action":"token_revoked","actor_id":"3f9a5abf-a9c8-46de-ad7f-0466a8c1e054","actor_username":"platformtakeone@gmail.com","actor_via_sso":false,"log_type":"token"}', '2025-11-07 03:09:48.323098+00', ''),
	('00000000-0000-0000-0000-000000000000', '3f08114e-55bf-48d1-a45b-6d5414e06c8a', '{"action":"token_refreshed","actor_id":"3f9a5abf-a9c8-46de-ad7f-0466a8c1e054","actor_username":"platformtakeone@gmail.com","actor_via_sso":false,"log_type":"token"}', '2025-11-07 04:12:22.537389+00', ''),
	('00000000-0000-0000-0000-000000000000', 'ac0d89f3-d4cf-425d-9270-e75b5e687e0a', '{"action":"token_revoked","actor_id":"3f9a5abf-a9c8-46de-ad7f-0466a8c1e054","actor_username":"platformtakeone@gmail.com","actor_via_sso":false,"log_type":"token"}', '2025-11-07 04:12:22.538616+00', ''),
	('00000000-0000-0000-0000-000000000000', '69a8d3a9-7108-4520-aafd-bdb43c8e88d3', '{"action":"token_refreshed","actor_id":"3f9a5abf-a9c8-46de-ad7f-0466a8c1e054","actor_username":"platformtakeone@gmail.com","actor_via_sso":false,"log_type":"token"}', '2025-11-07 05:23:41.80363+00', ''),
	('00000000-0000-0000-0000-000000000000', 'dabced60-1610-4fb5-b162-7aacadd7b8c0', '{"action":"token_revoked","actor_id":"3f9a5abf-a9c8-46de-ad7f-0466a8c1e054","actor_username":"platformtakeone@gmail.com","actor_via_sso":false,"log_type":"token"}', '2025-11-07 05:23:41.804793+00', ''),
	('00000000-0000-0000-0000-000000000000', '7e01d51c-5371-4ccf-ba6c-808c8a1efab0', '{"action":"token_refreshed","actor_id":"3f9a5abf-a9c8-46de-ad7f-0466a8c1e054","actor_username":"platformtakeone@gmail.com","actor_via_sso":false,"log_type":"token"}', '2025-11-07 06:24:31.481524+00', ''),
	('00000000-0000-0000-0000-000000000000', 'edd5c5e7-20df-4dcc-ab5e-8c81a7d6a0e6', '{"action":"token_revoked","actor_id":"3f9a5abf-a9c8-46de-ad7f-0466a8c1e054","actor_username":"platformtakeone@gmail.com","actor_via_sso":false,"log_type":"token"}', '2025-11-07 06:24:31.484167+00', ''),
	('00000000-0000-0000-0000-000000000000', '2db70676-bddc-4c31-b7a5-5ddd233b8a97', '{"action":"token_refreshed","actor_id":"3f9a5abf-a9c8-46de-ad7f-0466a8c1e054","actor_username":"platformtakeone@gmail.com","actor_via_sso":false,"log_type":"token"}', '2025-11-09 06:03:32.799032+00', ''),
	('00000000-0000-0000-0000-000000000000', '5eb71f74-0206-42af-9323-f51d93f83c91', '{"action":"token_revoked","actor_id":"3f9a5abf-a9c8-46de-ad7f-0466a8c1e054","actor_username":"platformtakeone@gmail.com","actor_via_sso":false,"log_type":"token"}', '2025-11-09 06:03:32.802218+00', ''),
	('00000000-0000-0000-0000-000000000000', 'ee8eb339-f5ed-4a49-9b14-32bb32834df5', '{"action":"token_refreshed","actor_id":"3f9a5abf-a9c8-46de-ad7f-0466a8c1e054","actor_username":"platformtakeone@gmail.com","actor_via_sso":false,"log_type":"token"}', '2025-11-09 07:01:43.074458+00', ''),
	('00000000-0000-0000-0000-000000000000', '16790561-b970-4761-8394-39b6b7422447', '{"action":"token_revoked","actor_id":"3f9a5abf-a9c8-46de-ad7f-0466a8c1e054","actor_username":"platformtakeone@gmail.com","actor_via_sso":false,"log_type":"token"}', '2025-11-09 07:01:43.078108+00', ''),
	('00000000-0000-0000-0000-000000000000', 'd637753d-5cbc-41a8-afd6-05f60b8cea04', '{"action":"token_refreshed","actor_id":"3f9a5abf-a9c8-46de-ad7f-0466a8c1e054","actor_username":"platformtakeone@gmail.com","actor_via_sso":false,"log_type":"token"}', '2025-11-09 07:59:45.634261+00', ''),
	('00000000-0000-0000-0000-000000000000', 'ad6f4f41-c518-48cd-8015-408622f8962e', '{"action":"token_revoked","actor_id":"3f9a5abf-a9c8-46de-ad7f-0466a8c1e054","actor_username":"platformtakeone@gmail.com","actor_via_sso":false,"log_type":"token"}', '2025-11-09 07:59:45.63758+00', ''),
	('00000000-0000-0000-0000-000000000000', 'fb6f7a98-fba9-45aa-8c3b-bee60b02f228', '{"action":"logout","actor_id":"3f9a5abf-a9c8-46de-ad7f-0466a8c1e054","actor_username":"platformtakeone@gmail.com","actor_via_sso":false,"log_type":"account"}', '2025-11-09 08:21:18.973146+00', ''),
	('00000000-0000-0000-0000-000000000000', 'dcd27f3e-b91d-41dc-89de-26bca5aa8a41', '{"action":"login","actor_id":"621e3afd-2f52-4a86-a419-9d70be632530","actor_username":"yousiftest@ccn.com","actor_via_sso":false,"log_type":"account","traits":{"provider":"email"}}', '2025-11-09 08:21:33.015234+00', ''),
	('00000000-0000-0000-0000-000000000000', 'dca9b071-3014-4d9b-b709-74e9ec41ba1c', '{"action":"logout","actor_id":"621e3afd-2f52-4a86-a419-9d70be632530","actor_username":"yousiftest@ccn.com","actor_via_sso":false,"log_type":"account"}', '2025-11-09 08:22:19.887446+00', ''),
	('00000000-0000-0000-0000-000000000000', '8ac34ba1-4478-4d9a-804d-ea07c61a2a58', '{"action":"login","actor_id":"3f9a5abf-a9c8-46de-ad7f-0466a8c1e054","actor_username":"platformtakeone@gmail.com","actor_via_sso":false,"log_type":"account","traits":{"provider":"email"}}', '2025-11-09 08:22:36.367927+00', ''),
	('00000000-0000-0000-0000-000000000000', 'f94f653a-556f-435d-a923-e6dfd2c43267', '{"action":"logout","actor_id":"3f9a5abf-a9c8-46de-ad7f-0466a8c1e054","actor_username":"platformtakeone@gmail.com","actor_via_sso":false,"log_type":"account"}', '2025-11-09 09:15:03.22084+00', ''),
	('00000000-0000-0000-0000-000000000000', 'dc5f9a9a-0958-4be9-8d71-a14cc646d83b', '{"action":"login","actor_id":"621e3afd-2f52-4a86-a419-9d70be632530","actor_username":"yousiftest@ccn.com","actor_via_sso":false,"log_type":"account","traits":{"provider":"email"}}', '2025-11-09 09:15:24.105729+00', ''),
	('00000000-0000-0000-0000-000000000000', 'dbcfef07-563f-4898-91fd-34a0dde07b72', '{"action":"logout","actor_id":"621e3afd-2f52-4a86-a419-9d70be632530","actor_username":"yousiftest@ccn.com","actor_via_sso":false,"log_type":"account"}', '2025-11-09 09:15:44.450355+00', ''),
	('00000000-0000-0000-0000-000000000000', '4cda195c-6cbf-4ae7-a319-0445bb2f1ef7', '{"action":"login","actor_id":"3f9a5abf-a9c8-46de-ad7f-0466a8c1e054","actor_username":"platformtakeone@gmail.com","actor_via_sso":false,"log_type":"account","traits":{"provider":"email"}}', '2025-11-09 09:16:01.441107+00', ''),
	('00000000-0000-0000-0000-000000000000', 'c774f533-8040-4c3a-b2d8-61203fd8a707', '{"action":"logout","actor_id":"3f9a5abf-a9c8-46de-ad7f-0466a8c1e054","actor_username":"platformtakeone@gmail.com","actor_via_sso":false,"log_type":"account"}', '2025-11-09 09:20:02.529452+00', ''),
	('00000000-0000-0000-0000-000000000000', '5bd6b1aa-5f0c-40f8-9df9-abe98280407d', '{"action":"login","actor_id":"621e3afd-2f52-4a86-a419-9d70be632530","actor_username":"yousiftest@ccn.com","actor_via_sso":false,"log_type":"account","traits":{"provider":"email"}}', '2025-11-09 09:20:11.112431+00', ''),
	('00000000-0000-0000-0000-000000000000', '9d0afc31-44db-4aee-8fc1-0cca9a4894ac', '{"action":"logout","actor_id":"621e3afd-2f52-4a86-a419-9d70be632530","actor_username":"yousiftest@ccn.com","actor_via_sso":false,"log_type":"account"}', '2025-11-09 10:12:50.471326+00', ''),
	('00000000-0000-0000-0000-000000000000', '3362a254-3201-4f39-82d4-9633427f4202', '{"action":"login","actor_id":"3f9a5abf-a9c8-46de-ad7f-0466a8c1e054","actor_username":"platformtakeone@gmail.com","actor_via_sso":false,"log_type":"account","traits":{"provider":"email"}}', '2025-11-09 10:13:44.298142+00', ''),
	('00000000-0000-0000-0000-000000000000', 'f5ee63bf-cd13-4b41-ac79-183e6dc18e05', '{"action":"token_refreshed","actor_id":"3f9a5abf-a9c8-46de-ad7f-0466a8c1e054","actor_username":"platformtakeone@gmail.com","actor_via_sso":false,"log_type":"token"}', '2025-11-09 11:12:36.475983+00', ''),
	('00000000-0000-0000-0000-000000000000', 'e9a9846e-7e4f-4058-a2de-6ae36dad1cee', '{"action":"token_revoked","actor_id":"3f9a5abf-a9c8-46de-ad7f-0466a8c1e054","actor_username":"platformtakeone@gmail.com","actor_via_sso":false,"log_type":"token"}', '2025-11-09 11:12:36.477846+00', ''),
	('00000000-0000-0000-0000-000000000000', 'dfb0a101-9c6d-4eba-adbc-00e453a93f4d', '{"action":"token_refreshed","actor_id":"3f9a5abf-a9c8-46de-ad7f-0466a8c1e054","actor_username":"platformtakeone@gmail.com","actor_via_sso":false,"log_type":"token"}', '2025-11-09 12:11:18.986644+00', ''),
	('00000000-0000-0000-0000-000000000000', '92d0544f-96f1-47a2-8a0c-1c0df9b165e6', '{"action":"token_revoked","actor_id":"3f9a5abf-a9c8-46de-ad7f-0466a8c1e054","actor_username":"platformtakeone@gmail.com","actor_via_sso":false,"log_type":"token"}', '2025-11-09 12:11:18.989138+00', ''),
	('00000000-0000-0000-0000-000000000000', 'e5442503-38d4-4b0b-a448-89e82e1099bc', '{"action":"token_refreshed","actor_id":"3f9a5abf-a9c8-46de-ad7f-0466a8c1e054","actor_username":"platformtakeone@gmail.com","actor_via_sso":false,"log_type":"token"}', '2025-11-09 13:09:19.404094+00', ''),
	('00000000-0000-0000-0000-000000000000', '3c5d3608-9c69-45c1-b3a9-f3afb6b0aa8f', '{"action":"token_revoked","actor_id":"3f9a5abf-a9c8-46de-ad7f-0466a8c1e054","actor_username":"platformtakeone@gmail.com","actor_via_sso":false,"log_type":"token"}', '2025-11-09 13:09:19.407826+00', ''),
	('00000000-0000-0000-0000-000000000000', 'bcc0e8de-24c2-4f73-bcc9-ba4a7c285621', '{"action":"token_refreshed","actor_id":"3f9a5abf-a9c8-46de-ad7f-0466a8c1e054","actor_username":"platformtakeone@gmail.com","actor_via_sso":false,"log_type":"token"}', '2025-11-09 14:23:18.541838+00', ''),
	('00000000-0000-0000-0000-000000000000', 'f1b66226-ef74-4ef0-b11d-03ff5ee5ba40', '{"action":"token_revoked","actor_id":"3f9a5abf-a9c8-46de-ad7f-0466a8c1e054","actor_username":"platformtakeone@gmail.com","actor_via_sso":false,"log_type":"token"}', '2025-11-09 14:23:18.546858+00', ''),
	('00000000-0000-0000-0000-000000000000', '4e79211f-3b28-4930-bf5c-cf2e08336a89', '{"action":"logout","actor_id":"3f9a5abf-a9c8-46de-ad7f-0466a8c1e054","actor_username":"platformtakeone@gmail.com","actor_via_sso":false,"log_type":"account"}', '2025-11-09 14:57:05.399981+00', ''),
	('00000000-0000-0000-0000-000000000000', '4dd14cf2-5155-4db7-baaa-09578c30fbd4', '{"action":"login","actor_id":"3f9a5abf-a9c8-46de-ad7f-0466a8c1e054","actor_username":"platformtakeone@gmail.com","actor_via_sso":false,"log_type":"account","traits":{"provider":"email"}}', '2025-11-11 09:49:37.714695+00', ''),
	('00000000-0000-0000-0000-000000000000', '1c45b133-cb84-4b1a-b2f9-c65105b1be6e', '{"action":"token_refreshed","actor_id":"3f9a5abf-a9c8-46de-ad7f-0466a8c1e054","actor_username":"platformtakeone@gmail.com","actor_via_sso":false,"log_type":"token"}', '2025-11-11 10:48:24.320453+00', ''),
	('00000000-0000-0000-0000-000000000000', 'c7566e2d-f23a-4e93-83f1-0ab1cca3ff19', '{"action":"token_revoked","actor_id":"3f9a5abf-a9c8-46de-ad7f-0466a8c1e054","actor_username":"platformtakeone@gmail.com","actor_via_sso":false,"log_type":"token"}', '2025-11-11 10:48:24.329266+00', ''),
	('00000000-0000-0000-0000-000000000000', '7febea99-82f7-4c5f-9ef6-17c9333459cb', '{"action":"token_refreshed","actor_id":"3f9a5abf-a9c8-46de-ad7f-0466a8c1e054","actor_username":"platformtakeone@gmail.com","actor_via_sso":false,"log_type":"token"}', '2025-11-11 11:47:11.912715+00', ''),
	('00000000-0000-0000-0000-000000000000', '4f6643c8-eea1-4820-9b4a-1306b1abd657', '{"action":"token_revoked","actor_id":"3f9a5abf-a9c8-46de-ad7f-0466a8c1e054","actor_username":"platformtakeone@gmail.com","actor_via_sso":false,"log_type":"token"}', '2025-11-11 11:47:11.922002+00', ''),
	('00000000-0000-0000-0000-000000000000', '60a12c6b-afe7-42b9-86e8-9463ef16f91e', '{"action":"token_refreshed","actor_id":"3f9a5abf-a9c8-46de-ad7f-0466a8c1e054","actor_username":"platformtakeone@gmail.com","actor_via_sso":false,"log_type":"token"}', '2025-11-11 12:46:06.059433+00', ''),
	('00000000-0000-0000-0000-000000000000', '6d052d14-7f0a-40e0-b18b-be99a63fbf8f', '{"action":"token_revoked","actor_id":"3f9a5abf-a9c8-46de-ad7f-0466a8c1e054","actor_username":"platformtakeone@gmail.com","actor_via_sso":false,"log_type":"token"}', '2025-11-11 12:46:06.066713+00', ''),
	('00000000-0000-0000-0000-000000000000', '17a11003-1d5d-401a-853b-a6dbc41f460a', '{"action":"token_refreshed","actor_id":"3f9a5abf-a9c8-46de-ad7f-0466a8c1e054","actor_username":"platformtakeone@gmail.com","actor_via_sso":false,"log_type":"token"}', '2025-11-11 13:22:02.673318+00', ''),
	('00000000-0000-0000-0000-000000000000', 'df39c8ea-c376-4d1a-8cc4-d567d4efa966', '{"action":"token_revoked","actor_id":"3f9a5abf-a9c8-46de-ad7f-0466a8c1e054","actor_username":"platformtakeone@gmail.com","actor_via_sso":false,"log_type":"token"}', '2025-11-11 13:22:02.683855+00', ''),
	('00000000-0000-0000-0000-000000000000', 'c8cbca5f-2877-4f0f-8ed4-f68aa9518f7e', '{"action":"token_refreshed","actor_id":"3f9a5abf-a9c8-46de-ad7f-0466a8c1e054","actor_username":"platformtakeone@gmail.com","actor_via_sso":false,"log_type":"token"}', '2025-11-11 15:03:40.157807+00', ''),
	('00000000-0000-0000-0000-000000000000', '757c410e-5e16-482f-aee2-7be3ffbd5533', '{"action":"token_revoked","actor_id":"3f9a5abf-a9c8-46de-ad7f-0466a8c1e054","actor_username":"platformtakeone@gmail.com","actor_via_sso":false,"log_type":"token"}', '2025-11-11 15:03:40.165604+00', ''),
	('00000000-0000-0000-0000-000000000000', '12bc945d-9cbe-4791-a574-ec3220633b97', '{"action":"token_refreshed","actor_id":"3f9a5abf-a9c8-46de-ad7f-0466a8c1e054","actor_username":"platformtakeone@gmail.com","actor_via_sso":false,"log_type":"token"}', '2025-11-11 16:14:14.507457+00', ''),
	('00000000-0000-0000-0000-000000000000', '89e8bbcb-662e-421f-a475-17501e78026a', '{"action":"token_revoked","actor_id":"3f9a5abf-a9c8-46de-ad7f-0466a8c1e054","actor_username":"platformtakeone@gmail.com","actor_via_sso":false,"log_type":"token"}', '2025-11-11 16:14:14.515073+00', ''),
	('00000000-0000-0000-0000-000000000000', 'a9657657-7135-4504-b5d4-8e6746290c53', '{"action":"token_refreshed","actor_id":"3f9a5abf-a9c8-46de-ad7f-0466a8c1e054","actor_username":"platformtakeone@gmail.com","actor_via_sso":false,"log_type":"token"}', '2025-11-11 17:13:09.061607+00', ''),
	('00000000-0000-0000-0000-000000000000', 'bdd751fe-da2a-446d-9d67-0ef1eae076a7', '{"action":"token_revoked","actor_id":"3f9a5abf-a9c8-46de-ad7f-0466a8c1e054","actor_username":"platformtakeone@gmail.com","actor_via_sso":false,"log_type":"token"}', '2025-11-11 17:13:09.063913+00', ''),
	('00000000-0000-0000-0000-000000000000', 'defae7b6-248f-4b87-b51c-7bd754bd02f5', '{"action":"token_refreshed","actor_id":"3f9a5abf-a9c8-46de-ad7f-0466a8c1e054","actor_username":"platformtakeone@gmail.com","actor_via_sso":false,"log_type":"token"}', '2025-11-11 18:02:10.756614+00', ''),
	('00000000-0000-0000-0000-000000000000', '893ac791-cdda-48f1-8a87-e79933950f75', '{"action":"token_revoked","actor_id":"3f9a5abf-a9c8-46de-ad7f-0466a8c1e054","actor_username":"platformtakeone@gmail.com","actor_via_sso":false,"log_type":"token"}', '2025-11-11 18:02:10.761224+00', ''),
	('00000000-0000-0000-0000-000000000000', '553fbef9-cb60-4982-aa04-84c7f25a807b', '{"action":"token_refreshed","actor_id":"3f9a5abf-a9c8-46de-ad7f-0466a8c1e054","actor_username":"platformtakeone@gmail.com","actor_via_sso":false,"log_type":"token"}', '2025-11-11 19:14:45.332038+00', ''),
	('00000000-0000-0000-0000-000000000000', '7d91004c-456f-4219-983e-1c9e44273a1d', '{"action":"token_revoked","actor_id":"3f9a5abf-a9c8-46de-ad7f-0466a8c1e054","actor_username":"platformtakeone@gmail.com","actor_via_sso":false,"log_type":"token"}', '2025-11-11 19:14:45.333169+00', ''),
	('00000000-0000-0000-0000-000000000000', '0bed6a02-7d6c-4694-942d-51ad1a22abd3', '{"action":"token_refreshed","actor_id":"3f9a5abf-a9c8-46de-ad7f-0466a8c1e054","actor_username":"platformtakeone@gmail.com","actor_via_sso":false,"log_type":"token"}', '2025-11-11 19:57:56.342167+00', ''),
	('00000000-0000-0000-0000-000000000000', '6a9441d3-1663-48c5-b72b-4c012f76f4a0', '{"action":"token_revoked","actor_id":"3f9a5abf-a9c8-46de-ad7f-0466a8c1e054","actor_username":"platformtakeone@gmail.com","actor_via_sso":false,"log_type":"token"}', '2025-11-11 19:57:56.344413+00', ''),
	('00000000-0000-0000-0000-000000000000', '0647e3dd-55e7-4a55-ba2c-44bb352a6def', '{"action":"token_refreshed","actor_id":"3f9a5abf-a9c8-46de-ad7f-0466a8c1e054","actor_username":"platformtakeone@gmail.com","actor_via_sso":false,"log_type":"token"}', '2025-11-11 20:30:51.862051+00', ''),
	('00000000-0000-0000-0000-000000000000', '7157e18e-104c-48a9-9215-77a2f99e81fe', '{"action":"token_revoked","actor_id":"3f9a5abf-a9c8-46de-ad7f-0466a8c1e054","actor_username":"platformtakeone@gmail.com","actor_via_sso":false,"log_type":"token"}', '2025-11-11 20:30:51.862923+00', ''),
	('00000000-0000-0000-0000-000000000000', '95875393-a7ae-4976-b410-7eff6062ab53', '{"action":"token_refreshed","actor_id":"3f9a5abf-a9c8-46de-ad7f-0466a8c1e054","actor_username":"platformtakeone@gmail.com","actor_via_sso":false,"log_type":"token"}', '2025-11-11 21:20:05.113408+00', ''),
	('00000000-0000-0000-0000-000000000000', 'c24f0718-3bf5-4428-aeae-7456a0715372', '{"action":"token_revoked","actor_id":"3f9a5abf-a9c8-46de-ad7f-0466a8c1e054","actor_username":"platformtakeone@gmail.com","actor_via_sso":false,"log_type":"token"}', '2025-11-11 21:20:05.114438+00', ''),
	('00000000-0000-0000-0000-000000000000', '1581579b-73f5-4ab3-9e7a-134fb18adc3f', '{"action":"token_refreshed","actor_id":"3f9a5abf-a9c8-46de-ad7f-0466a8c1e054","actor_username":"platformtakeone@gmail.com","actor_via_sso":false,"log_type":"token"}', '2025-11-11 22:15:26.272105+00', ''),
	('00000000-0000-0000-0000-000000000000', 'd7efecda-f41f-414b-9653-8afebbc19c55', '{"action":"token_revoked","actor_id":"3f9a5abf-a9c8-46de-ad7f-0466a8c1e054","actor_username":"platformtakeone@gmail.com","actor_via_sso":false,"log_type":"token"}', '2025-11-11 22:15:26.27655+00', ''),
	('00000000-0000-0000-0000-000000000000', '3285eee4-1cc2-4a9c-8dd5-73a480839781', '{"action":"token_refreshed","actor_id":"3f9a5abf-a9c8-46de-ad7f-0466a8c1e054","actor_username":"platformtakeone@gmail.com","actor_via_sso":false,"log_type":"token"}', '2025-11-11 23:16:42.737986+00', ''),
	('00000000-0000-0000-0000-000000000000', '03489e3e-4119-4f59-a9c8-c2574d182218', '{"action":"token_revoked","actor_id":"3f9a5abf-a9c8-46de-ad7f-0466a8c1e054","actor_username":"platformtakeone@gmail.com","actor_via_sso":false,"log_type":"token"}', '2025-11-11 23:16:42.739158+00', ''),
	('00000000-0000-0000-0000-000000000000', '1f2c20e8-6bef-48fd-91fc-9cedcea013e0', '{"action":"token_refreshed","actor_id":"3f9a5abf-a9c8-46de-ad7f-0466a8c1e054","actor_username":"platformtakeone@gmail.com","actor_via_sso":false,"log_type":"token"}', '2025-11-11 23:47:59.504306+00', ''),
	('00000000-0000-0000-0000-000000000000', '3bfd2e03-0fb1-4efd-a9bd-b2fbbb705e36', '{"action":"token_revoked","actor_id":"3f9a5abf-a9c8-46de-ad7f-0466a8c1e054","actor_username":"platformtakeone@gmail.com","actor_via_sso":false,"log_type":"token"}', '2025-11-11 23:47:59.504972+00', ''),
	('00000000-0000-0000-0000-000000000000', '676f630b-22ad-42fa-8af4-a07d5e1426a9', '{"action":"token_refreshed","actor_id":"3f9a5abf-a9c8-46de-ad7f-0466a8c1e054","actor_username":"platformtakeone@gmail.com","actor_via_sso":false,"log_type":"token"}', '2025-11-12 00:33:51.165076+00', ''),
	('00000000-0000-0000-0000-000000000000', '644d3531-a06c-423b-89d8-7a6095545566', '{"action":"token_revoked","actor_id":"3f9a5abf-a9c8-46de-ad7f-0466a8c1e054","actor_username":"platformtakeone@gmail.com","actor_via_sso":false,"log_type":"token"}', '2025-11-12 00:33:51.16605+00', ''),
	('00000000-0000-0000-0000-000000000000', '6969bf58-4a3e-4615-8cb1-c411e6132764', '{"action":"token_refreshed","actor_id":"3f9a5abf-a9c8-46de-ad7f-0466a8c1e054","actor_username":"platformtakeone@gmail.com","actor_via_sso":false,"log_type":"token"}', '2025-11-12 01:34:43.668275+00', ''),
	('00000000-0000-0000-0000-000000000000', '6b4435d2-02d8-468d-ad32-4dec2284b354', '{"action":"token_revoked","actor_id":"3f9a5abf-a9c8-46de-ad7f-0466a8c1e054","actor_username":"platformtakeone@gmail.com","actor_via_sso":false,"log_type":"token"}', '2025-11-12 01:34:43.66941+00', ''),
	('00000000-0000-0000-0000-000000000000', '9b491424-d5c0-421d-bc12-ac9dad7ed5cb', '{"action":"token_refreshed","actor_id":"3f9a5abf-a9c8-46de-ad7f-0466a8c1e054","actor_username":"platformtakeone@gmail.com","actor_via_sso":false,"log_type":"token"}', '2025-11-12 03:00:10.138889+00', ''),
	('00000000-0000-0000-0000-000000000000', '74e09a42-cf85-4a52-a903-f4232121f8b1', '{"action":"token_revoked","actor_id":"3f9a5abf-a9c8-46de-ad7f-0466a8c1e054","actor_username":"platformtakeone@gmail.com","actor_via_sso":false,"log_type":"token"}', '2025-11-12 03:00:10.141049+00', ''),
	('00000000-0000-0000-0000-000000000000', 'e280eac9-e1d4-453a-b484-1336d0e0d7b4', '{"action":"token_refreshed","actor_id":"3f9a5abf-a9c8-46de-ad7f-0466a8c1e054","actor_username":"platformtakeone@gmail.com","actor_via_sso":false,"log_type":"token"}', '2025-11-12 03:46:03.791854+00', ''),
	('00000000-0000-0000-0000-000000000000', '48e6ca6f-2c32-4ce4-a51c-24a96ebd3fd8', '{"action":"token_revoked","actor_id":"3f9a5abf-a9c8-46de-ad7f-0466a8c1e054","actor_username":"platformtakeone@gmail.com","actor_via_sso":false,"log_type":"token"}', '2025-11-12 03:46:03.793759+00', ''),
	('00000000-0000-0000-0000-000000000000', '55a90459-4cc7-48ce-81fd-1b02c55e02f9', '{"action":"token_refreshed","actor_id":"3f9a5abf-a9c8-46de-ad7f-0466a8c1e054","actor_username":"platformtakeone@gmail.com","actor_via_sso":false,"log_type":"token"}', '2025-11-12 04:56:08.969936+00', ''),
	('00000000-0000-0000-0000-000000000000', '41c6656b-70b3-4b43-a4a4-c193fcb338e6', '{"action":"token_revoked","actor_id":"3f9a5abf-a9c8-46de-ad7f-0466a8c1e054","actor_username":"platformtakeone@gmail.com","actor_via_sso":false,"log_type":"token"}', '2025-11-12 04:56:08.97104+00', ''),
	('00000000-0000-0000-0000-000000000000', 'd97de8f6-7025-4615-8b44-81931cdf13a4', '{"action":"token_refreshed","actor_id":"3f9a5abf-a9c8-46de-ad7f-0466a8c1e054","actor_username":"platformtakeone@gmail.com","actor_via_sso":false,"log_type":"token"}', '2025-11-12 05:54:55.832694+00', ''),
	('00000000-0000-0000-0000-000000000000', '5954351c-9788-4232-af32-3a332daa649e', '{"action":"token_revoked","actor_id":"3f9a5abf-a9c8-46de-ad7f-0466a8c1e054","actor_username":"platformtakeone@gmail.com","actor_via_sso":false,"log_type":"token"}', '2025-11-12 05:54:55.833883+00', ''),
	('00000000-0000-0000-0000-000000000000', '7a6bae8b-f217-4ba4-b328-d45c193f7102', '{"action":"token_refreshed","actor_id":"3f9a5abf-a9c8-46de-ad7f-0466a8c1e054","actor_username":"platformtakeone@gmail.com","actor_via_sso":false,"log_type":"token"}', '2025-11-12 06:53:29.697004+00', ''),
	('00000000-0000-0000-0000-000000000000', '87cb01b9-02bb-430f-982b-2aab565d1cc5', '{"action":"token_revoked","actor_id":"3f9a5abf-a9c8-46de-ad7f-0466a8c1e054","actor_username":"platformtakeone@gmail.com","actor_via_sso":false,"log_type":"token"}', '2025-11-12 06:53:29.701815+00', ''),
	('00000000-0000-0000-0000-000000000000', 'b64d1b89-46e5-43e8-8333-12fe712c06f8', '{"action":"token_refreshed","actor_id":"3f9a5abf-a9c8-46de-ad7f-0466a8c1e054","actor_username":"platformtakeone@gmail.com","actor_via_sso":false,"log_type":"token"}', '2025-11-12 07:52:07.685117+00', ''),
	('00000000-0000-0000-0000-000000000000', 'cc535bd2-e3f8-443d-89b6-8c3f85561f2c', '{"action":"token_revoked","actor_id":"3f9a5abf-a9c8-46de-ad7f-0466a8c1e054","actor_username":"platformtakeone@gmail.com","actor_via_sso":false,"log_type":"token"}', '2025-11-12 07:52:07.692081+00', ''),
	('00000000-0000-0000-0000-000000000000', '2565fa34-b4d8-4dc5-bcce-26ff546166e8', '{"action":"token_refreshed","actor_id":"3f9a5abf-a9c8-46de-ad7f-0466a8c1e054","actor_username":"platformtakeone@gmail.com","actor_via_sso":false,"log_type":"token"}', '2025-11-12 08:50:50.158026+00', ''),
	('00000000-0000-0000-0000-000000000000', '093f34e3-41d2-4d7f-9577-bdbceb5e9909', '{"action":"token_revoked","actor_id":"3f9a5abf-a9c8-46de-ad7f-0466a8c1e054","actor_username":"platformtakeone@gmail.com","actor_via_sso":false,"log_type":"token"}', '2025-11-12 08:50:50.174056+00', ''),
	('00000000-0000-0000-0000-000000000000', '226cf9bc-c3e9-4ddb-aa61-6e7c5fccd0b9', '{"action":"token_refreshed","actor_id":"3f9a5abf-a9c8-46de-ad7f-0466a8c1e054","actor_username":"platformtakeone@gmail.com","actor_via_sso":false,"log_type":"token"}', '2025-11-12 09:49:44.296777+00', ''),
	('00000000-0000-0000-0000-000000000000', 'ce67071b-a8b1-4230-b725-1e1bb9803486', '{"action":"token_revoked","actor_id":"3f9a5abf-a9c8-46de-ad7f-0466a8c1e054","actor_username":"platformtakeone@gmail.com","actor_via_sso":false,"log_type":"token"}', '2025-11-12 09:49:44.304314+00', ''),
	('00000000-0000-0000-0000-000000000000', 'd59a1b06-dc8a-4499-bc8b-337526d5daa5', '{"action":"token_refreshed","actor_id":"3f9a5abf-a9c8-46de-ad7f-0466a8c1e054","actor_username":"platformtakeone@gmail.com","actor_via_sso":false,"log_type":"token"}', '2025-11-12 10:48:23.475885+00', ''),
	('00000000-0000-0000-0000-000000000000', 'ddea4681-3440-4b53-ae80-03d353936d43', '{"action":"token_revoked","actor_id":"3f9a5abf-a9c8-46de-ad7f-0466a8c1e054","actor_username":"platformtakeone@gmail.com","actor_via_sso":false,"log_type":"token"}', '2025-11-12 10:48:23.486798+00', ''),
	('00000000-0000-0000-0000-000000000000', '5d71e02a-d36d-4a44-a13b-ae169d82103d', '{"action":"logout","actor_id":"3f9a5abf-a9c8-46de-ad7f-0466a8c1e054","actor_username":"platformtakeone@gmail.com","actor_via_sso":false,"log_type":"account"}', '2025-11-12 11:08:17.900813+00', ''),
	('00000000-0000-0000-0000-000000000000', 'e8d5659d-cb0e-485c-93be-3373d6f5bffd', '{"action":"login","actor_id":"3f9a5abf-a9c8-46de-ad7f-0466a8c1e054","actor_username":"platformtakeone@gmail.com","actor_via_sso":false,"log_type":"account","traits":{"provider":"email"}}', '2025-11-13 10:28:04.88213+00', ''),
	('00000000-0000-0000-0000-000000000000', '064b5e7e-b909-443f-8dd9-f67bcc548c3d', '{"action":"token_refreshed","actor_id":"3f9a5abf-a9c8-46de-ad7f-0466a8c1e054","actor_username":"platformtakeone@gmail.com","actor_via_sso":false,"log_type":"token"}', '2025-11-13 11:26:46.832742+00', ''),
	('00000000-0000-0000-0000-000000000000', '4970144e-65e1-42c6-96d7-d4030c9b8c9c', '{"action":"token_revoked","actor_id":"3f9a5abf-a9c8-46de-ad7f-0466a8c1e054","actor_username":"platformtakeone@gmail.com","actor_via_sso":false,"log_type":"token"}', '2025-11-13 11:26:46.841658+00', ''),
	('00000000-0000-0000-0000-000000000000', 'dd7e7b23-0595-4523-bd54-713bd976f1c6', '{"action":"token_refreshed","actor_id":"3f9a5abf-a9c8-46de-ad7f-0466a8c1e054","actor_username":"platformtakeone@gmail.com","actor_via_sso":false,"log_type":"token"}', '2025-11-13 12:25:32.559363+00', ''),
	('00000000-0000-0000-0000-000000000000', '47df4620-20d3-4143-a501-7ecb35175315', '{"action":"token_revoked","actor_id":"3f9a5abf-a9c8-46de-ad7f-0466a8c1e054","actor_username":"platformtakeone@gmail.com","actor_via_sso":false,"log_type":"token"}', '2025-11-13 12:25:32.56847+00', ''),
	('00000000-0000-0000-0000-000000000000', '01d35e1f-2579-4db4-827a-1cc49312bd7d', '{"action":"token_refreshed","actor_id":"3f9a5abf-a9c8-46de-ad7f-0466a8c1e054","actor_username":"platformtakeone@gmail.com","actor_via_sso":false,"log_type":"token"}', '2025-11-13 13:17:06.235874+00', ''),
	('00000000-0000-0000-0000-000000000000', '62e87a10-e188-4726-bd33-06d5af7d10da', '{"action":"token_revoked","actor_id":"3f9a5abf-a9c8-46de-ad7f-0466a8c1e054","actor_username":"platformtakeone@gmail.com","actor_via_sso":false,"log_type":"token"}', '2025-11-13 13:17:06.260134+00', ''),
	('00000000-0000-0000-0000-000000000000', 'f19b3a0d-f5ca-4de0-ae68-8c34c1fe8f5a', '{"action":"token_refreshed","actor_id":"3f9a5abf-a9c8-46de-ad7f-0466a8c1e054","actor_username":"platformtakeone@gmail.com","actor_via_sso":false,"log_type":"token"}', '2025-11-13 14:11:12.762638+00', ''),
	('00000000-0000-0000-0000-000000000000', 'e37323c4-1b82-4326-98bd-efd5770c52ac', '{"action":"token_revoked","actor_id":"3f9a5abf-a9c8-46de-ad7f-0466a8c1e054","actor_username":"platformtakeone@gmail.com","actor_via_sso":false,"log_type":"token"}', '2025-11-13 14:11:12.766736+00', ''),
	('00000000-0000-0000-0000-000000000000', '2bdb9530-a17c-49ee-9b39-19ec5b1c3476', '{"action":"token_refreshed","actor_id":"3f9a5abf-a9c8-46de-ad7f-0466a8c1e054","actor_username":"platformtakeone@gmail.com","actor_via_sso":false,"log_type":"token"}', '2025-11-13 14:58:45.801294+00', ''),
	('00000000-0000-0000-0000-000000000000', 'c39a10c4-c0da-4492-89d1-d6b0094273de', '{"action":"token_revoked","actor_id":"3f9a5abf-a9c8-46de-ad7f-0466a8c1e054","actor_username":"platformtakeone@gmail.com","actor_via_sso":false,"log_type":"token"}', '2025-11-13 14:58:45.804844+00', ''),
	('00000000-0000-0000-0000-000000000000', '38de950d-3be3-4387-b3cc-2d4600c7f87e', '{"action":"token_refreshed","actor_id":"3f9a5abf-a9c8-46de-ad7f-0466a8c1e054","actor_username":"platformtakeone@gmail.com","actor_via_sso":false,"log_type":"token"}', '2025-11-13 15:50:18.985128+00', ''),
	('00000000-0000-0000-0000-000000000000', '9503d0c5-8896-46af-a69d-1a63cc3c3c1d', '{"action":"token_revoked","actor_id":"3f9a5abf-a9c8-46de-ad7f-0466a8c1e054","actor_username":"platformtakeone@gmail.com","actor_via_sso":false,"log_type":"token"}', '2025-11-13 15:50:18.989238+00', ''),
	('00000000-0000-0000-0000-000000000000', '6b79fecb-ac98-430c-9f2c-ad162456633f', '{"action":"token_refreshed","actor_id":"3f9a5abf-a9c8-46de-ad7f-0466a8c1e054","actor_username":"platformtakeone@gmail.com","actor_via_sso":false,"log_type":"token"}', '2025-11-13 16:49:06.400986+00', ''),
	('00000000-0000-0000-0000-000000000000', 'e5881646-2178-4bb0-8ee1-7fe023242f2c', '{"action":"token_revoked","actor_id":"3f9a5abf-a9c8-46de-ad7f-0466a8c1e054","actor_username":"platformtakeone@gmail.com","actor_via_sso":false,"log_type":"token"}', '2025-11-13 16:49:06.402368+00', ''),
	('00000000-0000-0000-0000-000000000000', 'cfc78987-f820-41c4-8a1f-c22101dfbac9', '{"action":"token_refreshed","actor_id":"3f9a5abf-a9c8-46de-ad7f-0466a8c1e054","actor_username":"platformtakeone@gmail.com","actor_via_sso":false,"log_type":"token"}', '2025-11-13 17:47:46.937277+00', ''),
	('00000000-0000-0000-0000-000000000000', '3105b01a-6f0b-4a11-a0f9-588f95dd94e5', '{"action":"token_revoked","actor_id":"3f9a5abf-a9c8-46de-ad7f-0466a8c1e054","actor_username":"platformtakeone@gmail.com","actor_via_sso":false,"log_type":"token"}', '2025-11-13 17:47:46.945741+00', ''),
	('00000000-0000-0000-0000-000000000000', '94574024-e307-4cf1-9a5f-a191a6ac68e6', '{"action":"token_refreshed","actor_id":"3f9a5abf-a9c8-46de-ad7f-0466a8c1e054","actor_username":"platformtakeone@gmail.com","actor_via_sso":false,"log_type":"token"}', '2025-11-13 18:51:50.692761+00', ''),
	('00000000-0000-0000-0000-000000000000', '918ae44c-68cd-4df2-8c30-9ee57d2befb5', '{"action":"token_revoked","actor_id":"3f9a5abf-a9c8-46de-ad7f-0466a8c1e054","actor_username":"platformtakeone@gmail.com","actor_via_sso":false,"log_type":"token"}', '2025-11-13 18:51:50.697374+00', ''),
	('00000000-0000-0000-0000-000000000000', '16780ea0-99d6-4b56-b0d7-4b27a950e486', '{"action":"token_refreshed","actor_id":"3f9a5abf-a9c8-46de-ad7f-0466a8c1e054","actor_username":"platformtakeone@gmail.com","actor_via_sso":false,"log_type":"token"}', '2025-11-13 19:52:44.595376+00', ''),
	('00000000-0000-0000-0000-000000000000', '8551966a-1f09-41f3-9da0-25511e47ab31', '{"action":"token_revoked","actor_id":"3f9a5abf-a9c8-46de-ad7f-0466a8c1e054","actor_username":"platformtakeone@gmail.com","actor_via_sso":false,"log_type":"token"}', '2025-11-13 19:52:44.599309+00', ''),
	('00000000-0000-0000-0000-000000000000', 'b116fdda-5355-4c60-911b-6ccb34dd08b4', '{"action":"token_refreshed","actor_id":"3f9a5abf-a9c8-46de-ad7f-0466a8c1e054","actor_username":"platformtakeone@gmail.com","actor_via_sso":false,"log_type":"token"}', '2025-11-13 20:38:34.503566+00', ''),
	('00000000-0000-0000-0000-000000000000', '666ddadf-eb68-4bee-8e4a-c1290e41b3c2', '{"action":"token_revoked","actor_id":"3f9a5abf-a9c8-46de-ad7f-0466a8c1e054","actor_username":"platformtakeone@gmail.com","actor_via_sso":false,"log_type":"token"}', '2025-11-13 20:38:34.505287+00', ''),
	('00000000-0000-0000-0000-000000000000', '5b46e3cb-5f6c-46f7-ad2b-7737fb3bf267', '{"action":"token_refreshed","actor_id":"3f9a5abf-a9c8-46de-ad7f-0466a8c1e054","actor_username":"platformtakeone@gmail.com","actor_via_sso":false,"log_type":"token"}', '2025-11-13 21:23:55.806215+00', ''),
	('00000000-0000-0000-0000-000000000000', '1e8ef900-ad5e-4bed-a866-16ae3638d10f', '{"action":"token_revoked","actor_id":"3f9a5abf-a9c8-46de-ad7f-0466a8c1e054","actor_username":"platformtakeone@gmail.com","actor_via_sso":false,"log_type":"token"}', '2025-11-13 21:23:55.807524+00', ''),
	('00000000-0000-0000-0000-000000000000', '5f6976d2-be18-4897-b2fa-bdb467a39d11', '{"action":"token_refreshed","actor_id":"3f9a5abf-a9c8-46de-ad7f-0466a8c1e054","actor_username":"platformtakeone@gmail.com","actor_via_sso":false,"log_type":"token"}', '2025-11-13 22:24:19.944831+00', ''),
	('00000000-0000-0000-0000-000000000000', 'f47b1e6c-2c66-474d-b2af-2e4245bdb031', '{"action":"token_revoked","actor_id":"3f9a5abf-a9c8-46de-ad7f-0466a8c1e054","actor_username":"platformtakeone@gmail.com","actor_via_sso":false,"log_type":"token"}', '2025-11-13 22:24:19.947308+00', ''),
	('00000000-0000-0000-0000-000000000000', '79439bba-6380-466d-8709-7c9e64502b77', '{"action":"token_refreshed","actor_id":"3f9a5abf-a9c8-46de-ad7f-0466a8c1e054","actor_username":"platformtakeone@gmail.com","actor_via_sso":false,"log_type":"token"}', '2025-11-13 23:23:05.321152+00', ''),
	('00000000-0000-0000-0000-000000000000', '8e4fae04-39db-4f1a-aaf0-fbfe6d896ad2', '{"action":"token_revoked","actor_id":"3f9a5abf-a9c8-46de-ad7f-0466a8c1e054","actor_username":"platformtakeone@gmail.com","actor_via_sso":false,"log_type":"token"}', '2025-11-13 23:23:05.3234+00', ''),
	('00000000-0000-0000-0000-000000000000', 'e917551b-f8e8-4467-b928-1480c83efde2', '{"action":"token_refreshed","actor_id":"3f9a5abf-a9c8-46de-ad7f-0466a8c1e054","actor_username":"platformtakeone@gmail.com","actor_via_sso":false,"log_type":"token"}', '2025-11-14 00:28:29.498829+00', ''),
	('00000000-0000-0000-0000-000000000000', '88adea59-1fd7-408b-bfd1-49945113892a', '{"action":"token_revoked","actor_id":"3f9a5abf-a9c8-46de-ad7f-0466a8c1e054","actor_username":"platformtakeone@gmail.com","actor_via_sso":false,"log_type":"token"}', '2025-11-14 00:28:29.499885+00', ''),
	('00000000-0000-0000-0000-000000000000', '0a097359-95e7-4381-b5a8-0adb0e7f2453', '{"action":"token_refreshed","actor_id":"3f9a5abf-a9c8-46de-ad7f-0466a8c1e054","actor_username":"platformtakeone@gmail.com","actor_via_sso":false,"log_type":"token"}', '2025-11-14 01:16:28.408366+00', ''),
	('00000000-0000-0000-0000-000000000000', '8026a88c-06b3-49cb-97a6-6c9e11ca0004', '{"action":"token_revoked","actor_id":"3f9a5abf-a9c8-46de-ad7f-0466a8c1e054","actor_username":"platformtakeone@gmail.com","actor_via_sso":false,"log_type":"token"}', '2025-11-14 01:16:28.411017+00', ''),
	('00000000-0000-0000-0000-000000000000', '353c0692-82ef-4bd2-a1cb-ad9a15c874f4', '{"action":"token_refreshed","actor_id":"3f9a5abf-a9c8-46de-ad7f-0466a8c1e054","actor_username":"platformtakeone@gmail.com","actor_via_sso":false,"log_type":"token"}', '2025-11-14 02:19:03.540153+00', ''),
	('00000000-0000-0000-0000-000000000000', '7b6cefec-c6bc-4828-a3ef-64911d340f4b', '{"action":"token_revoked","actor_id":"3f9a5abf-a9c8-46de-ad7f-0466a8c1e054","actor_username":"platformtakeone@gmail.com","actor_via_sso":false,"log_type":"token"}', '2025-11-14 02:19:03.541378+00', ''),
	('00000000-0000-0000-0000-000000000000', 'ccda1ba9-33a9-4e59-a65f-688c33ddda81', '{"action":"token_refreshed","actor_id":"3f9a5abf-a9c8-46de-ad7f-0466a8c1e054","actor_username":"platformtakeone@gmail.com","actor_via_sso":false,"log_type":"token"}', '2025-11-14 03:07:06.057369+00', ''),
	('00000000-0000-0000-0000-000000000000', 'd6b34bd7-36d3-4091-b381-459927e56ebc', '{"action":"token_revoked","actor_id":"3f9a5abf-a9c8-46de-ad7f-0466a8c1e054","actor_username":"platformtakeone@gmail.com","actor_via_sso":false,"log_type":"token"}', '2025-11-14 03:07:06.058689+00', ''),
	('00000000-0000-0000-0000-000000000000', '4357f2eb-5809-41a3-bafb-18ef65fee667', '{"action":"token_refreshed","actor_id":"3f9a5abf-a9c8-46de-ad7f-0466a8c1e054","actor_username":"platformtakeone@gmail.com","actor_via_sso":false,"log_type":"token"}', '2025-11-14 04:09:41.792528+00', ''),
	('00000000-0000-0000-0000-000000000000', '6a47cc0d-865e-4dbb-bcf2-a34b32befc1b', '{"action":"token_revoked","actor_id":"3f9a5abf-a9c8-46de-ad7f-0466a8c1e054","actor_username":"platformtakeone@gmail.com","actor_via_sso":false,"log_type":"token"}', '2025-11-14 04:09:41.793909+00', ''),
	('00000000-0000-0000-0000-000000000000', '266f55ce-c8ec-4d07-a3f1-0ea847a52481', '{"action":"token_refreshed","actor_id":"3f9a5abf-a9c8-46de-ad7f-0466a8c1e054","actor_username":"platformtakeone@gmail.com","actor_via_sso":false,"log_type":"token"}', '2025-11-14 05:20:58.460896+00', ''),
	('00000000-0000-0000-0000-000000000000', '018384e9-69f5-4dda-9e56-0676daa52107', '{"action":"token_revoked","actor_id":"3f9a5abf-a9c8-46de-ad7f-0466a8c1e054","actor_username":"platformtakeone@gmail.com","actor_via_sso":false,"log_type":"token"}', '2025-11-14 05:20:58.462041+00', ''),
	('00000000-0000-0000-0000-000000000000', 'dcf2bb59-5e73-4158-ae63-c9d243c12801', '{"action":"token_refreshed","actor_id":"3f9a5abf-a9c8-46de-ad7f-0466a8c1e054","actor_username":"platformtakeone@gmail.com","actor_via_sso":false,"log_type":"token"}', '2025-11-14 06:09:57.450287+00', ''),
	('00000000-0000-0000-0000-000000000000', 'dac40dc5-3cff-4e7a-b740-4144394c4c78', '{"action":"token_revoked","actor_id":"3f9a5abf-a9c8-46de-ad7f-0466a8c1e054","actor_username":"platformtakeone@gmail.com","actor_via_sso":false,"log_type":"token"}', '2025-11-14 06:09:57.453173+00', ''),
	('00000000-0000-0000-0000-000000000000', '5b73c94d-a199-464a-a49f-7ef77ac6772d', '{"action":"token_refreshed","actor_id":"3f9a5abf-a9c8-46de-ad7f-0466a8c1e054","actor_username":"platformtakeone@gmail.com","actor_via_sso":false,"log_type":"token"}', '2025-11-14 07:10:15.207995+00', ''),
	('00000000-0000-0000-0000-000000000000', '604e5345-0350-4605-add8-ddc9c11c8a18', '{"action":"token_revoked","actor_id":"3f9a5abf-a9c8-46de-ad7f-0466a8c1e054","actor_username":"platformtakeone@gmail.com","actor_via_sso":false,"log_type":"token"}', '2025-11-14 07:10:15.208702+00', ''),
	('00000000-0000-0000-0000-000000000000', '0f2c646d-fddf-45b7-b746-be81d95ce5fa', '{"action":"token_refreshed","actor_id":"3f9a5abf-a9c8-46de-ad7f-0466a8c1e054","actor_username":"platformtakeone@gmail.com","actor_via_sso":false,"log_type":"token"}', '2025-11-14 08:10:24.440983+00', ''),
	('00000000-0000-0000-0000-000000000000', 'ce70d734-1979-47e6-9da0-c027d3c5f4ba', '{"action":"token_revoked","actor_id":"3f9a5abf-a9c8-46de-ad7f-0466a8c1e054","actor_username":"platformtakeone@gmail.com","actor_via_sso":false,"log_type":"token"}', '2025-11-14 08:10:24.441951+00', ''),
	('00000000-0000-0000-0000-000000000000', 'c950af0d-171b-4bdc-bb38-8a8e08093ece', '{"action":"token_refreshed","actor_id":"3f9a5abf-a9c8-46de-ad7f-0466a8c1e054","actor_username":"platformtakeone@gmail.com","actor_via_sso":false,"log_type":"token"}', '2025-11-14 08:56:08.347516+00', ''),
	('00000000-0000-0000-0000-000000000000', 'fca22fb6-1518-4ada-afb3-526ecd289fd4', '{"action":"token_revoked","actor_id":"3f9a5abf-a9c8-46de-ad7f-0466a8c1e054","actor_username":"platformtakeone@gmail.com","actor_via_sso":false,"log_type":"token"}', '2025-11-14 08:56:08.352055+00', ''),
	('00000000-0000-0000-0000-000000000000', '18a7325f-9c29-4e30-a5f6-efb6499c9837', '{"action":"token_refreshed","actor_id":"3f9a5abf-a9c8-46de-ad7f-0466a8c1e054","actor_username":"platformtakeone@gmail.com","actor_via_sso":false,"log_type":"token"}', '2025-11-14 09:41:32.197545+00', ''),
	('00000000-0000-0000-0000-000000000000', 'a3c40fc4-2057-4db1-9606-af42e2de39f8', '{"action":"token_revoked","actor_id":"3f9a5abf-a9c8-46de-ad7f-0466a8c1e054","actor_username":"platformtakeone@gmail.com","actor_via_sso":false,"log_type":"token"}', '2025-11-14 09:41:32.198634+00', ''),
	('00000000-0000-0000-0000-000000000000', '2834bd7c-f7c1-4d3e-8c28-c6fa9a50db6f', '{"action":"token_refreshed","actor_id":"3f9a5abf-a9c8-46de-ad7f-0466a8c1e054","actor_username":"platformtakeone@gmail.com","actor_via_sso":false,"log_type":"token"}', '2025-11-14 10:26:32.540131+00', ''),
	('00000000-0000-0000-0000-000000000000', 'f4013383-984e-4791-98bf-0654e2c7296c', '{"action":"token_revoked","actor_id":"3f9a5abf-a9c8-46de-ad7f-0466a8c1e054","actor_username":"platformtakeone@gmail.com","actor_via_sso":false,"log_type":"token"}', '2025-11-14 10:26:32.541537+00', ''),
	('00000000-0000-0000-0000-000000000000', '137ec34b-3e4c-4743-b0db-103805f05760', '{"action":"token_refreshed","actor_id":"3f9a5abf-a9c8-46de-ad7f-0466a8c1e054","actor_username":"platformtakeone@gmail.com","actor_via_sso":false,"log_type":"token"}', '2025-11-14 11:26:54.326877+00', ''),
	('00000000-0000-0000-0000-000000000000', 'c7f6d6c7-d85a-43d7-9746-ab9cbe6f25f0', '{"action":"token_revoked","actor_id":"3f9a5abf-a9c8-46de-ad7f-0466a8c1e054","actor_username":"platformtakeone@gmail.com","actor_via_sso":false,"log_type":"token"}', '2025-11-14 11:26:54.328726+00', ''),
	('00000000-0000-0000-0000-000000000000', '141a551f-89da-4f82-b5a8-6414dce4ad35', '{"action":"token_refreshed","actor_id":"3f9a5abf-a9c8-46de-ad7f-0466a8c1e054","actor_username":"platformtakeone@gmail.com","actor_via_sso":false,"log_type":"token"}', '2025-11-14 12:14:54.005283+00', ''),
	('00000000-0000-0000-0000-000000000000', '390ca8ca-4bb0-4ad8-aa10-e3c12e4c5fe1', '{"action":"token_revoked","actor_id":"3f9a5abf-a9c8-46de-ad7f-0466a8c1e054","actor_username":"platformtakeone@gmail.com","actor_via_sso":false,"log_type":"token"}', '2025-11-14 12:14:54.00613+00', ''),
	('00000000-0000-0000-0000-000000000000', 'a7d02dc7-c286-4a84-916f-3e967e85fc80', '{"action":"token_refreshed","actor_id":"3f9a5abf-a9c8-46de-ad7f-0466a8c1e054","actor_username":"platformtakeone@gmail.com","actor_via_sso":false,"log_type":"token"}', '2025-11-14 13:15:17.519923+00', ''),
	('00000000-0000-0000-0000-000000000000', 'ea2ba175-787b-4d89-80a7-387f656d6987', '{"action":"token_revoked","actor_id":"3f9a5abf-a9c8-46de-ad7f-0466a8c1e054","actor_username":"platformtakeone@gmail.com","actor_via_sso":false,"log_type":"token"}', '2025-11-14 13:15:17.520862+00', ''),
	('00000000-0000-0000-0000-000000000000', '0ef88927-92b7-4cae-95fc-20523c6fa96e', '{"action":"token_refreshed","actor_id":"3f9a5abf-a9c8-46de-ad7f-0466a8c1e054","actor_username":"platformtakeone@gmail.com","actor_via_sso":false,"log_type":"token"}', '2025-11-14 14:01:10.425344+00', ''),
	('00000000-0000-0000-0000-000000000000', '42a39d68-f43a-454c-8619-829b5181e5d4', '{"action":"token_revoked","actor_id":"3f9a5abf-a9c8-46de-ad7f-0466a8c1e054","actor_username":"platformtakeone@gmail.com","actor_via_sso":false,"log_type":"token"}', '2025-11-14 14:01:10.427247+00', ''),
	('00000000-0000-0000-0000-000000000000', '9428692c-c419-47f6-a99d-df12b5a61753', '{"action":"token_refreshed","actor_id":"3f9a5abf-a9c8-46de-ad7f-0466a8c1e054","actor_username":"platformtakeone@gmail.com","actor_via_sso":false,"log_type":"token"}', '2025-11-14 14:46:32.98629+00', ''),
	('00000000-0000-0000-0000-000000000000', 'fbc13eed-d0bb-400e-b090-7e8a8c8eda3a', '{"action":"token_revoked","actor_id":"3f9a5abf-a9c8-46de-ad7f-0466a8c1e054","actor_username":"platformtakeone@gmail.com","actor_via_sso":false,"log_type":"token"}', '2025-11-14 14:46:32.988258+00', ''),
	('00000000-0000-0000-0000-000000000000', '3dd8ff04-1d7a-4ad5-b375-16b16fc7b69a', '{"action":"token_refreshed","actor_id":"3f9a5abf-a9c8-46de-ad7f-0466a8c1e054","actor_username":"platformtakeone@gmail.com","actor_via_sso":false,"log_type":"token"}', '2025-11-14 15:31:10.338502+00', ''),
	('00000000-0000-0000-0000-000000000000', '5950bf2f-e7e1-4278-958d-7e49e2d278cd', '{"action":"token_revoked","actor_id":"3f9a5abf-a9c8-46de-ad7f-0466a8c1e054","actor_username":"platformtakeone@gmail.com","actor_via_sso":false,"log_type":"token"}', '2025-11-14 15:31:10.348154+00', ''),
	('00000000-0000-0000-0000-000000000000', '13554df3-c6e9-42c3-a305-3e15b25cc4a4', '{"action":"token_refreshed","actor_id":"3f9a5abf-a9c8-46de-ad7f-0466a8c1e054","actor_username":"platformtakeone@gmail.com","actor_via_sso":false,"log_type":"token"}', '2025-11-14 16:31:33.730954+00', ''),
	('00000000-0000-0000-0000-000000000000', 'e670c9fe-aada-428a-8e12-39d60226c494', '{"action":"token_revoked","actor_id":"3f9a5abf-a9c8-46de-ad7f-0466a8c1e054","actor_username":"platformtakeone@gmail.com","actor_via_sso":false,"log_type":"token"}', '2025-11-14 16:31:33.732053+00', ''),
	('00000000-0000-0000-0000-000000000000', 'd10e261a-f1f8-4eca-9f6f-d13d411a437e', '{"action":"token_refreshed","actor_id":"3f9a5abf-a9c8-46de-ad7f-0466a8c1e054","actor_username":"platformtakeone@gmail.com","actor_via_sso":false,"log_type":"token"}', '2025-11-14 17:19:33.684206+00', ''),
	('00000000-0000-0000-0000-000000000000', 'adb2183a-e9e3-4898-a40a-05a15ae3c5f1', '{"action":"token_revoked","actor_id":"3f9a5abf-a9c8-46de-ad7f-0466a8c1e054","actor_username":"platformtakeone@gmail.com","actor_via_sso":false,"log_type":"token"}', '2025-11-14 17:19:33.685548+00', ''),
	('00000000-0000-0000-0000-000000000000', '50202422-7b61-4490-866b-a6fe528825e9', '{"action":"token_refreshed","actor_id":"3f9a5abf-a9c8-46de-ad7f-0466a8c1e054","actor_username":"platformtakeone@gmail.com","actor_via_sso":false,"log_type":"token"}', '2025-11-14 18:19:57.2832+00', ''),
	('00000000-0000-0000-0000-000000000000', 'f0392266-b7d4-4d5c-9b18-148bccea1404', '{"action":"token_revoked","actor_id":"3f9a5abf-a9c8-46de-ad7f-0466a8c1e054","actor_username":"platformtakeone@gmail.com","actor_via_sso":false,"log_type":"token"}', '2025-11-14 18:19:57.28489+00', ''),
	('00000000-0000-0000-0000-000000000000', '918e7073-087e-4799-b090-81bf7ef04ec4', '{"action":"token_refreshed","actor_id":"3f9a5abf-a9c8-46de-ad7f-0466a8c1e054","actor_username":"platformtakeone@gmail.com","actor_via_sso":false,"log_type":"token"}', '2025-11-14 19:20:45.764329+00', ''),
	('00000000-0000-0000-0000-000000000000', '93782632-02b3-47bf-805a-f4a9e396e6c7', '{"action":"token_revoked","actor_id":"3f9a5abf-a9c8-46de-ad7f-0466a8c1e054","actor_username":"platformtakeone@gmail.com","actor_via_sso":false,"log_type":"token"}', '2025-11-14 19:20:45.766372+00', ''),
	('00000000-0000-0000-0000-000000000000', '4e0d20d3-425d-4e58-b2fa-cabdb30b74e3', '{"action":"token_refreshed","actor_id":"3f9a5abf-a9c8-46de-ad7f-0466a8c1e054","actor_username":"platformtakeone@gmail.com","actor_via_sso":false,"log_type":"token"}', '2025-11-14 20:06:59.591613+00', ''),
	('00000000-0000-0000-0000-000000000000', 'e8f160ad-e136-4418-b34d-97fb1d675278', '{"action":"token_revoked","actor_id":"3f9a5abf-a9c8-46de-ad7f-0466a8c1e054","actor_username":"platformtakeone@gmail.com","actor_via_sso":false,"log_type":"token"}', '2025-11-14 20:06:59.592799+00', ''),
	('00000000-0000-0000-0000-000000000000', '24c484bf-b892-45a2-8398-3b38bd11b8fe', '{"action":"token_refreshed","actor_id":"3f9a5abf-a9c8-46de-ad7f-0466a8c1e054","actor_username":"platformtakeone@gmail.com","actor_via_sso":false,"log_type":"token"}', '2025-11-14 21:06:58.452641+00', ''),
	('00000000-0000-0000-0000-000000000000', '574b39dc-7124-4e50-b40d-860c622d038b', '{"action":"token_revoked","actor_id":"3f9a5abf-a9c8-46de-ad7f-0466a8c1e054","actor_username":"platformtakeone@gmail.com","actor_via_sso":false,"log_type":"token"}', '2025-11-14 21:06:58.45421+00', ''),
	('00000000-0000-0000-0000-000000000000', 'fab66c23-7f04-47fa-9fe9-85596cc5e6b4', '{"action":"token_refreshed","actor_id":"3f9a5abf-a9c8-46de-ad7f-0466a8c1e054","actor_username":"platformtakeone@gmail.com","actor_via_sso":false,"log_type":"token"}', '2025-11-14 21:53:12.439954+00', ''),
	('00000000-0000-0000-0000-000000000000', 'f762a12a-f2c9-4800-bcba-64b680b05ed4', '{"action":"token_revoked","actor_id":"3f9a5abf-a9c8-46de-ad7f-0466a8c1e054","actor_username":"platformtakeone@gmail.com","actor_via_sso":false,"log_type":"token"}', '2025-11-14 21:53:12.441725+00', ''),
	('00000000-0000-0000-0000-000000000000', '44a3d620-f759-438a-866c-21f71950fa6a', '{"action":"token_refreshed","actor_id":"3f9a5abf-a9c8-46de-ad7f-0466a8c1e054","actor_username":"platformtakeone@gmail.com","actor_via_sso":false,"log_type":"token"}', '2025-11-14 22:38:10.358589+00', ''),
	('00000000-0000-0000-0000-000000000000', '11d9b7ab-6fd5-45f6-be77-99c559f99aab', '{"action":"token_revoked","actor_id":"3f9a5abf-a9c8-46de-ad7f-0466a8c1e054","actor_username":"platformtakeone@gmail.com","actor_via_sso":false,"log_type":"token"}', '2025-11-14 22:38:10.360421+00', ''),
	('00000000-0000-0000-0000-000000000000', '948fea55-679b-47d4-8233-615107c19566', '{"action":"token_refreshed","actor_id":"3f9a5abf-a9c8-46de-ad7f-0466a8c1e054","actor_username":"platformtakeone@gmail.com","actor_via_sso":false,"log_type":"token"}', '2025-11-14 23:40:44.289001+00', ''),
	('00000000-0000-0000-0000-000000000000', '328f3ee7-bfbb-4cff-ad7a-5950c38b5e65', '{"action":"token_revoked","actor_id":"3f9a5abf-a9c8-46de-ad7f-0466a8c1e054","actor_username":"platformtakeone@gmail.com","actor_via_sso":false,"log_type":"token"}', '2025-11-14 23:40:44.291133+00', ''),
	('00000000-0000-0000-0000-000000000000', 'b1da8c66-3dba-43f6-be09-c933f02abf33', '{"action":"token_refreshed","actor_id":"3f9a5abf-a9c8-46de-ad7f-0466a8c1e054","actor_username":"platformtakeone@gmail.com","actor_via_sso":false,"log_type":"token"}', '2025-11-15 00:30:25.561374+00', ''),
	('00000000-0000-0000-0000-000000000000', '3164cd2b-06ac-4960-bf45-d712c4b42015', '{"action":"token_revoked","actor_id":"3f9a5abf-a9c8-46de-ad7f-0466a8c1e054","actor_username":"platformtakeone@gmail.com","actor_via_sso":false,"log_type":"token"}', '2025-11-15 00:30:25.562124+00', ''),
	('00000000-0000-0000-0000-000000000000', '56c662a5-09a3-4970-b8aa-e7f3c2723104', '{"action":"token_refreshed","actor_id":"3f9a5abf-a9c8-46de-ad7f-0466a8c1e054","actor_username":"platformtakeone@gmail.com","actor_via_sso":false,"log_type":"token"}', '2025-11-15 01:17:59.052313+00', ''),
	('00000000-0000-0000-0000-000000000000', 'f4b8a9ec-b532-4664-a646-c49cc1178811', '{"action":"token_revoked","actor_id":"3f9a5abf-a9c8-46de-ad7f-0466a8c1e054","actor_username":"platformtakeone@gmail.com","actor_via_sso":false,"log_type":"token"}', '2025-11-15 01:17:59.054031+00', ''),
	('00000000-0000-0000-0000-000000000000', '14a61bb6-7427-43ea-aff1-7520b1ed9f52', '{"action":"token_refreshed","actor_id":"3f9a5abf-a9c8-46de-ad7f-0466a8c1e054","actor_username":"platformtakeone@gmail.com","actor_via_sso":false,"log_type":"token"}', '2025-11-15 02:05:07.978415+00', ''),
	('00000000-0000-0000-0000-000000000000', 'd9cc2cd6-5674-4235-bd35-6228cbbeed18', '{"action":"token_revoked","actor_id":"3f9a5abf-a9c8-46de-ad7f-0466a8c1e054","actor_username":"platformtakeone@gmail.com","actor_via_sso":false,"log_type":"token"}', '2025-11-15 02:05:07.979547+00', ''),
	('00000000-0000-0000-0000-000000000000', 'd3bff334-81fb-463f-9757-0672b728be72', '{"action":"token_refreshed","actor_id":"3f9a5abf-a9c8-46de-ad7f-0466a8c1e054","actor_username":"platformtakeone@gmail.com","actor_via_sso":false,"log_type":"token"}', '2025-11-15 03:03:48.791846+00', ''),
	('00000000-0000-0000-0000-000000000000', 'bdd87f72-7c31-4f04-ae3b-fb928f6ec8ca', '{"action":"token_revoked","actor_id":"3f9a5abf-a9c8-46de-ad7f-0466a8c1e054","actor_username":"platformtakeone@gmail.com","actor_via_sso":false,"log_type":"token"}', '2025-11-15 03:03:48.793145+00', ''),
	('00000000-0000-0000-0000-000000000000', 'bacf7efe-e381-4fae-a4f5-6ac68c920368', '{"action":"token_refreshed","actor_id":"3f9a5abf-a9c8-46de-ad7f-0466a8c1e054","actor_username":"platformtakeone@gmail.com","actor_via_sso":false,"log_type":"token"}', '2025-11-15 04:02:33.603275+00', ''),
	('00000000-0000-0000-0000-000000000000', 'bcbcaaa0-f83d-435b-bc8d-3b7dc0851685', '{"action":"token_revoked","actor_id":"3f9a5abf-a9c8-46de-ad7f-0466a8c1e054","actor_username":"platformtakeone@gmail.com","actor_via_sso":false,"log_type":"token"}', '2025-11-15 04:02:33.606054+00', ''),
	('00000000-0000-0000-0000-000000000000', '1c470d6d-66bd-4b89-a1e3-c28d51cfd6d8', '{"action":"token_refreshed","actor_id":"3f9a5abf-a9c8-46de-ad7f-0466a8c1e054","actor_username":"platformtakeone@gmail.com","actor_via_sso":false,"log_type":"token"}', '2025-11-15 05:01:14.453132+00', ''),
	('00000000-0000-0000-0000-000000000000', '7c424219-c056-4331-99c3-7bfab4c3550d', '{"action":"token_revoked","actor_id":"3f9a5abf-a9c8-46de-ad7f-0466a8c1e054","actor_username":"platformtakeone@gmail.com","actor_via_sso":false,"log_type":"token"}', '2025-11-15 05:01:14.45778+00', ''),
	('00000000-0000-0000-0000-000000000000', '45ba74e4-357f-4be4-8507-0eea4d405a88', '{"action":"token_refreshed","actor_id":"3f9a5abf-a9c8-46de-ad7f-0466a8c1e054","actor_username":"platformtakeone@gmail.com","actor_via_sso":false,"log_type":"token"}', '2025-11-15 05:59:53.935213+00', ''),
	('00000000-0000-0000-0000-000000000000', '37018938-7f7b-492e-a988-51449641e738', '{"action":"token_revoked","actor_id":"3f9a5abf-a9c8-46de-ad7f-0466a8c1e054","actor_username":"platformtakeone@gmail.com","actor_via_sso":false,"log_type":"token"}', '2025-11-15 05:59:53.939428+00', ''),
	('00000000-0000-0000-0000-000000000000', '6700de92-04c5-4b69-a6bf-d13e0bd35c32', '{"action":"token_refreshed","actor_id":"3f9a5abf-a9c8-46de-ad7f-0466a8c1e054","actor_username":"platformtakeone@gmail.com","actor_via_sso":false,"log_type":"token"}', '2025-11-15 06:58:26.889455+00', ''),
	('00000000-0000-0000-0000-000000000000', '60ef21cb-10d2-430f-b579-632c3a7e109a', '{"action":"token_revoked","actor_id":"3f9a5abf-a9c8-46de-ad7f-0466a8c1e054","actor_username":"platformtakeone@gmail.com","actor_via_sso":false,"log_type":"token"}', '2025-11-15 06:58:26.891673+00', ''),
	('00000000-0000-0000-0000-000000000000', 'eb718f76-10b4-493d-9b15-c1705c3ea2e1', '{"action":"token_refreshed","actor_id":"3f9a5abf-a9c8-46de-ad7f-0466a8c1e054","actor_username":"platformtakeone@gmail.com","actor_via_sso":false,"log_type":"token"}', '2025-11-15 07:57:18.014493+00', ''),
	('00000000-0000-0000-0000-000000000000', '9ed9706b-2e3b-41a2-bd48-49c2dd630341', '{"action":"token_revoked","actor_id":"3f9a5abf-a9c8-46de-ad7f-0466a8c1e054","actor_username":"platformtakeone@gmail.com","actor_via_sso":false,"log_type":"token"}', '2025-11-15 07:57:18.022817+00', ''),
	('00000000-0000-0000-0000-000000000000', '95f54b5d-f74f-4694-9465-7c8d39ac3cf5', '{"action":"login","actor_id":"3f9a5abf-a9c8-46de-ad7f-0466a8c1e054","actor_username":"platformtakeone@gmail.com","actor_via_sso":false,"log_type":"account","traits":{"provider":"email"}}', '2025-11-15 08:07:10.786325+00', ''),
	('00000000-0000-0000-0000-000000000000', '30732c2e-6efd-4247-b317-782a6b06c151', '{"action":"token_refreshed","actor_id":"3f9a5abf-a9c8-46de-ad7f-0466a8c1e054","actor_username":"platformtakeone@gmail.com","actor_via_sso":false,"log_type":"token"}', '2025-11-15 08:55:48.705721+00', ''),
	('00000000-0000-0000-0000-000000000000', 'bfa48c2f-ecb6-4ed9-9b41-8701b3933b93', '{"action":"token_revoked","actor_id":"3f9a5abf-a9c8-46de-ad7f-0466a8c1e054","actor_username":"platformtakeone@gmail.com","actor_via_sso":false,"log_type":"token"}', '2025-11-15 08:55:48.711663+00', ''),
	('00000000-0000-0000-0000-000000000000', '8ebfd89e-58dd-4547-9591-020ae02c0a6c', '{"action":"token_refreshed","actor_id":"3f9a5abf-a9c8-46de-ad7f-0466a8c1e054","actor_username":"platformtakeone@gmail.com","actor_via_sso":false,"log_type":"token"}', '2025-11-15 09:05:45.288954+00', ''),
	('00000000-0000-0000-0000-000000000000', 'a29a2499-2341-4e3c-8fec-dc6538166cfa', '{"action":"token_revoked","actor_id":"3f9a5abf-a9c8-46de-ad7f-0466a8c1e054","actor_username":"platformtakeone@gmail.com","actor_via_sso":false,"log_type":"token"}', '2025-11-15 09:05:45.292119+00', ''),
	('00000000-0000-0000-0000-000000000000', '4dde3c52-f416-4e7d-8811-6285ffd6bdd4', '{"action":"token_refreshed","actor_id":"3f9a5abf-a9c8-46de-ad7f-0466a8c1e054","actor_username":"platformtakeone@gmail.com","actor_via_sso":false,"log_type":"token"}', '2025-11-15 09:54:35.658736+00', ''),
	('00000000-0000-0000-0000-000000000000', '6b105a7c-519d-4b0e-b2b9-3c853cf88e0f', '{"action":"token_revoked","actor_id":"3f9a5abf-a9c8-46de-ad7f-0466a8c1e054","actor_username":"platformtakeone@gmail.com","actor_via_sso":false,"log_type":"token"}', '2025-11-15 09:54:35.664532+00', ''),
	('00000000-0000-0000-0000-000000000000', '5f0fbcff-46a6-4efd-9788-816d5116a077', '{"action":"token_refreshed","actor_id":"3f9a5abf-a9c8-46de-ad7f-0466a8c1e054","actor_username":"platformtakeone@gmail.com","actor_via_sso":false,"log_type":"token"}', '2025-11-15 10:04:33.647418+00', ''),
	('00000000-0000-0000-0000-000000000000', '410ccacc-972d-4ae0-a2a3-f9a289b08ca6', '{"action":"token_revoked","actor_id":"3f9a5abf-a9c8-46de-ad7f-0466a8c1e054","actor_username":"platformtakeone@gmail.com","actor_via_sso":false,"log_type":"token"}', '2025-11-15 10:04:33.648437+00', ''),
	('00000000-0000-0000-0000-000000000000', '65a42bf4-4c6c-42a9-bf33-233671225fc8', '{"action":"token_refreshed","actor_id":"3f9a5abf-a9c8-46de-ad7f-0466a8c1e054","actor_username":"platformtakeone@gmail.com","actor_via_sso":false,"log_type":"token"}', '2025-11-15 10:53:25.095231+00', ''),
	('00000000-0000-0000-0000-000000000000', '025896d9-e4b4-412e-86d8-9e3f74833ac8', '{"action":"token_revoked","actor_id":"3f9a5abf-a9c8-46de-ad7f-0466a8c1e054","actor_username":"platformtakeone@gmail.com","actor_via_sso":false,"log_type":"token"}', '2025-11-15 10:53:25.096096+00', ''),
	('00000000-0000-0000-0000-000000000000', '5d590f65-7bde-484d-8d84-b9a96e943955', '{"action":"token_refreshed","actor_id":"3f9a5abf-a9c8-46de-ad7f-0466a8c1e054","actor_username":"platformtakeone@gmail.com","actor_via_sso":false,"log_type":"token"}', '2025-11-15 11:03:25.557465+00', ''),
	('00000000-0000-0000-0000-000000000000', '6b8c7588-66cf-4185-ad83-45785bc0e63d', '{"action":"token_revoked","actor_id":"3f9a5abf-a9c8-46de-ad7f-0466a8c1e054","actor_username":"platformtakeone@gmail.com","actor_via_sso":false,"log_type":"token"}', '2025-11-15 11:03:25.55888+00', ''),
	('00000000-0000-0000-0000-000000000000', 'ed8d815a-1d3e-4feb-921b-03e5d90042c6', '{"action":"token_refreshed","actor_id":"3f9a5abf-a9c8-46de-ad7f-0466a8c1e054","actor_username":"platformtakeone@gmail.com","actor_via_sso":false,"log_type":"token"}', '2025-11-15 11:52:12.373986+00', ''),
	('00000000-0000-0000-0000-000000000000', 'cac82ea2-075f-4227-9740-cf2336b4861e', '{"action":"token_revoked","actor_id":"3f9a5abf-a9c8-46de-ad7f-0466a8c1e054","actor_username":"platformtakeone@gmail.com","actor_via_sso":false,"log_type":"token"}', '2025-11-15 11:52:12.376108+00', ''),
	('00000000-0000-0000-0000-000000000000', 'f356673a-404c-4553-ba48-95ebb08fcb04', '{"action":"token_refreshed","actor_id":"3f9a5abf-a9c8-46de-ad7f-0466a8c1e054","actor_username":"platformtakeone@gmail.com","actor_via_sso":false,"log_type":"token"}', '2025-11-15 12:02:14.25122+00', ''),
	('00000000-0000-0000-0000-000000000000', 'fec601e5-943d-47b0-8b40-36845d91edbb', '{"action":"token_revoked","actor_id":"3f9a5abf-a9c8-46de-ad7f-0466a8c1e054","actor_username":"platformtakeone@gmail.com","actor_via_sso":false,"log_type":"token"}', '2025-11-15 12:02:14.253128+00', ''),
	('00000000-0000-0000-0000-000000000000', '19d630a5-8bd7-46dd-9c3b-e9117a36febc', '{"action":"token_refreshed","actor_id":"3f9a5abf-a9c8-46de-ad7f-0466a8c1e054","actor_username":"platformtakeone@gmail.com","actor_via_sso":false,"log_type":"token"}', '2025-11-15 12:51:01.462127+00', ''),
	('00000000-0000-0000-0000-000000000000', 'a5d7543b-3da3-4b9e-bc9f-6fdfdd21d1ce', '{"action":"token_revoked","actor_id":"3f9a5abf-a9c8-46de-ad7f-0466a8c1e054","actor_username":"platformtakeone@gmail.com","actor_via_sso":false,"log_type":"token"}', '2025-11-15 12:51:01.466737+00', ''),
	('00000000-0000-0000-0000-000000000000', '6172d238-aafe-4862-bf88-49ab68a4c091', '{"action":"token_refreshed","actor_id":"3f9a5abf-a9c8-46de-ad7f-0466a8c1e054","actor_username":"platformtakeone@gmail.com","actor_via_sso":false,"log_type":"token"}', '2025-11-15 13:01:02.884915+00', ''),
	('00000000-0000-0000-0000-000000000000', 'f2c466cd-b723-4982-8ff5-b4ca2b7bb5b4', '{"action":"token_revoked","actor_id":"3f9a5abf-a9c8-46de-ad7f-0466a8c1e054","actor_username":"platformtakeone@gmail.com","actor_via_sso":false,"log_type":"token"}', '2025-11-15 13:01:02.888394+00', ''),
	('00000000-0000-0000-0000-000000000000', 'ace702fb-950c-4089-993b-692b4d647bd3', '{"action":"token_refreshed","actor_id":"3f9a5abf-a9c8-46de-ad7f-0466a8c1e054","actor_username":"platformtakeone@gmail.com","actor_via_sso":false,"log_type":"token"}', '2025-11-15 13:49:54.958095+00', ''),
	('00000000-0000-0000-0000-000000000000', 'd50483d8-4ea9-4bc3-820c-ce2e7352c15c', '{"action":"token_revoked","actor_id":"3f9a5abf-a9c8-46de-ad7f-0466a8c1e054","actor_username":"platformtakeone@gmail.com","actor_via_sso":false,"log_type":"token"}', '2025-11-15 13:49:54.961304+00', ''),
	('00000000-0000-0000-0000-000000000000', 'b38bf0c1-68f9-4a79-b496-2e3a5d0481b7', '{"action":"token_refreshed","actor_id":"3f9a5abf-a9c8-46de-ad7f-0466a8c1e054","actor_username":"platformtakeone@gmail.com","actor_via_sso":false,"log_type":"token"}', '2025-11-15 13:59:52.085257+00', ''),
	('00000000-0000-0000-0000-000000000000', '4efb5111-5068-4bf4-8bec-99c3e8b8e6d4', '{"action":"token_revoked","actor_id":"3f9a5abf-a9c8-46de-ad7f-0466a8c1e054","actor_username":"platformtakeone@gmail.com","actor_via_sso":false,"log_type":"token"}', '2025-11-15 13:59:52.086181+00', ''),
	('00000000-0000-0000-0000-000000000000', '704bed62-f1da-4797-8319-f542fdf188d4', '{"action":"token_refreshed","actor_id":"3f9a5abf-a9c8-46de-ad7f-0466a8c1e054","actor_username":"platformtakeone@gmail.com","actor_via_sso":false,"log_type":"token"}', '2025-11-15 14:48:47.121607+00', ''),
	('00000000-0000-0000-0000-000000000000', '929e519b-51cd-4c37-aaf4-90034524180d', '{"action":"token_revoked","actor_id":"3f9a5abf-a9c8-46de-ad7f-0466a8c1e054","actor_username":"platformtakeone@gmail.com","actor_via_sso":false,"log_type":"token"}', '2025-11-15 14:48:47.133532+00', ''),
	('00000000-0000-0000-0000-000000000000', '7207ad3f-c061-4537-9cee-bb4fe11f2773', '{"action":"token_refreshed","actor_id":"3f9a5abf-a9c8-46de-ad7f-0466a8c1e054","actor_username":"platformtakeone@gmail.com","actor_via_sso":false,"log_type":"token"}', '2025-11-15 14:58:07.27607+00', ''),
	('00000000-0000-0000-0000-000000000000', '70759947-fd06-4548-8a53-54bb0582cf68', '{"action":"token_revoked","actor_id":"3f9a5abf-a9c8-46de-ad7f-0466a8c1e054","actor_username":"platformtakeone@gmail.com","actor_via_sso":false,"log_type":"token"}', '2025-11-15 14:58:07.283522+00', ''),
	('00000000-0000-0000-0000-000000000000', '1ccd1ede-a91f-415a-ac77-575f18af9333', '{"action":"token_refreshed","actor_id":"3f9a5abf-a9c8-46de-ad7f-0466a8c1e054","actor_username":"platformtakeone@gmail.com","actor_via_sso":false,"log_type":"token"}', '2025-11-15 15:47:31.606251+00', ''),
	('00000000-0000-0000-0000-000000000000', 'e55b9e2d-f91f-414e-9c8d-acbad38c46b8', '{"action":"token_revoked","actor_id":"3f9a5abf-a9c8-46de-ad7f-0466a8c1e054","actor_username":"platformtakeone@gmail.com","actor_via_sso":false,"log_type":"token"}', '2025-11-15 15:47:31.633327+00', ''),
	('00000000-0000-0000-0000-000000000000', 'd952f677-7458-4ac7-b526-fcd3b5dc86b9', '{"action":"token_refreshed","actor_id":"3f9a5abf-a9c8-46de-ad7f-0466a8c1e054","actor_username":"platformtakeone@gmail.com","actor_via_sso":false,"log_type":"token"}', '2025-11-15 15:56:08.413818+00', ''),
	('00000000-0000-0000-0000-000000000000', '901e7c3d-7869-432c-9e27-7dbe9d940703', '{"action":"token_revoked","actor_id":"3f9a5abf-a9c8-46de-ad7f-0466a8c1e054","actor_username":"platformtakeone@gmail.com","actor_via_sso":false,"log_type":"token"}', '2025-11-15 15:56:08.433668+00', ''),
	('00000000-0000-0000-0000-000000000000', 'a924fed9-11d0-48a6-a3fe-59cd207c8a4a', '{"action":"token_refreshed","actor_id":"3f9a5abf-a9c8-46de-ad7f-0466a8c1e054","actor_username":"platformtakeone@gmail.com","actor_via_sso":false,"log_type":"token"}', '2025-11-15 16:46:11.842165+00', ''),
	('00000000-0000-0000-0000-000000000000', '4ce2a970-b76e-4bd5-92cc-99b7098d2346', '{"action":"token_revoked","actor_id":"3f9a5abf-a9c8-46de-ad7f-0466a8c1e054","actor_username":"platformtakeone@gmail.com","actor_via_sso":false,"log_type":"token"}', '2025-11-15 16:46:11.852116+00', ''),
	('00000000-0000-0000-0000-000000000000', '2e65b7c2-a3ab-45d9-9640-2c911dfb8f1c', '{"action":"token_refreshed","actor_id":"3f9a5abf-a9c8-46de-ad7f-0466a8c1e054","actor_username":"platformtakeone@gmail.com","actor_via_sso":false,"log_type":"token"}', '2025-11-15 16:54:45.355606+00', ''),
	('00000000-0000-0000-0000-000000000000', '248653b2-7934-4875-892e-3c0b6b940556', '{"action":"token_revoked","actor_id":"3f9a5abf-a9c8-46de-ad7f-0466a8c1e054","actor_username":"platformtakeone@gmail.com","actor_via_sso":false,"log_type":"token"}', '2025-11-15 16:54:45.35828+00', ''),
	('00000000-0000-0000-0000-000000000000', '1f942c43-a3c7-4165-9a25-2413bc04466e', '{"action":"token_refreshed","actor_id":"3f9a5abf-a9c8-46de-ad7f-0466a8c1e054","actor_username":"platformtakeone@gmail.com","actor_via_sso":false,"log_type":"token"}', '2025-11-15 17:44:48.583439+00', ''),
	('00000000-0000-0000-0000-000000000000', '80cb01a2-fe33-4381-af3f-2a5ac524ed16', '{"action":"token_revoked","actor_id":"3f9a5abf-a9c8-46de-ad7f-0466a8c1e054","actor_username":"platformtakeone@gmail.com","actor_via_sso":false,"log_type":"token"}', '2025-11-15 17:44:48.592259+00', ''),
	('00000000-0000-0000-0000-000000000000', '1ecf4e81-cf0b-4958-9308-bc109350270e', '{"action":"token_refreshed","actor_id":"3f9a5abf-a9c8-46de-ad7f-0466a8c1e054","actor_username":"platformtakeone@gmail.com","actor_via_sso":false,"log_type":"token"}', '2025-11-15 17:53:17.822139+00', ''),
	('00000000-0000-0000-0000-000000000000', '8d1e637a-9c6b-40fe-9d71-cc6f6c82946e', '{"action":"token_revoked","actor_id":"3f9a5abf-a9c8-46de-ad7f-0466a8c1e054","actor_username":"platformtakeone@gmail.com","actor_via_sso":false,"log_type":"token"}', '2025-11-15 17:53:17.823727+00', ''),
	('00000000-0000-0000-0000-000000000000', '207d8e08-726a-4d87-b4a5-e60c81d29870', '{"action":"token_refreshed","actor_id":"3f9a5abf-a9c8-46de-ad7f-0466a8c1e054","actor_username":"platformtakeone@gmail.com","actor_via_sso":false,"log_type":"token"}', '2025-11-15 18:43:27.110161+00', ''),
	('00000000-0000-0000-0000-000000000000', '2898361d-cd62-4b9d-ab01-a9422f90eee2', '{"action":"token_revoked","actor_id":"3f9a5abf-a9c8-46de-ad7f-0466a8c1e054","actor_username":"platformtakeone@gmail.com","actor_via_sso":false,"log_type":"token"}', '2025-11-15 18:43:27.113648+00', ''),
	('00000000-0000-0000-0000-000000000000', '9d376059-67c2-433a-b524-b323691b0e23', '{"action":"token_refreshed","actor_id":"3f9a5abf-a9c8-46de-ad7f-0466a8c1e054","actor_username":"platformtakeone@gmail.com","actor_via_sso":false,"log_type":"token"}', '2025-11-15 18:51:54.861489+00', ''),
	('00000000-0000-0000-0000-000000000000', '42e9f544-3589-4f76-822b-6e7a33a0601b', '{"action":"token_revoked","actor_id":"3f9a5abf-a9c8-46de-ad7f-0466a8c1e054","actor_username":"platformtakeone@gmail.com","actor_via_sso":false,"log_type":"token"}', '2025-11-15 18:51:54.863725+00', ''),
	('00000000-0000-0000-0000-000000000000', 'ee8f9eaa-c0d8-4e1e-a175-4542d9557ceb', '{"action":"token_refreshed","actor_id":"3f9a5abf-a9c8-46de-ad7f-0466a8c1e054","actor_username":"platformtakeone@gmail.com","actor_via_sso":false,"log_type":"token"}', '2025-11-15 19:42:08.309369+00', ''),
	('00000000-0000-0000-0000-000000000000', 'fe6a774b-38fb-4cea-9986-4d7b98323ef4', '{"action":"token_revoked","actor_id":"3f9a5abf-a9c8-46de-ad7f-0466a8c1e054","actor_username":"platformtakeone@gmail.com","actor_via_sso":false,"log_type":"token"}', '2025-11-15 19:42:08.31511+00', ''),
	('00000000-0000-0000-0000-000000000000', '2b1f68e3-d5df-410d-ba33-74c10d94b519', '{"action":"token_refreshed","actor_id":"3f9a5abf-a9c8-46de-ad7f-0466a8c1e054","actor_username":"platformtakeone@gmail.com","actor_via_sso":false,"log_type":"token"}', '2025-11-15 19:50:26.427605+00', ''),
	('00000000-0000-0000-0000-000000000000', '1c9cd405-9b8f-4224-847f-26b7d3bef244', '{"action":"token_revoked","actor_id":"3f9a5abf-a9c8-46de-ad7f-0466a8c1e054","actor_username":"platformtakeone@gmail.com","actor_via_sso":false,"log_type":"token"}', '2025-11-15 19:50:26.433627+00', ''),
	('00000000-0000-0000-0000-000000000000', 'd5a72ac0-8754-4ead-b5c4-654c16eb55a4', '{"action":"token_refreshed","actor_id":"3f9a5abf-a9c8-46de-ad7f-0466a8c1e054","actor_username":"platformtakeone@gmail.com","actor_via_sso":false,"log_type":"token"}', '2025-11-15 20:40:47.719988+00', ''),
	('00000000-0000-0000-0000-000000000000', '1ca67dd8-9e9b-4deb-b170-4a144fe7d747', '{"action":"token_revoked","actor_id":"3f9a5abf-a9c8-46de-ad7f-0466a8c1e054","actor_username":"platformtakeone@gmail.com","actor_via_sso":false,"log_type":"token"}', '2025-11-15 20:40:47.72194+00', ''),
	('00000000-0000-0000-0000-000000000000', 'b60962f5-0a40-4553-800c-a178bacb9e84', '{"action":"token_refreshed","actor_id":"3f9a5abf-a9c8-46de-ad7f-0466a8c1e054","actor_username":"platformtakeone@gmail.com","actor_via_sso":false,"log_type":"token"}', '2025-11-15 20:49:20.084863+00', ''),
	('00000000-0000-0000-0000-000000000000', 'd6bf5675-16b0-432a-8ea2-244f66a389ed', '{"action":"token_revoked","actor_id":"3f9a5abf-a9c8-46de-ad7f-0466a8c1e054","actor_username":"platformtakeone@gmail.com","actor_via_sso":false,"log_type":"token"}', '2025-11-15 20:49:20.086137+00', ''),
	('00000000-0000-0000-0000-000000000000', 'c3355493-25dc-4ddb-981d-ba8628f8593f', '{"action":"token_refreshed","actor_id":"3f9a5abf-a9c8-46de-ad7f-0466a8c1e054","actor_username":"platformtakeone@gmail.com","actor_via_sso":false,"log_type":"token"}', '2025-11-15 21:39:19.625261+00', ''),
	('00000000-0000-0000-0000-000000000000', 'ca170596-9704-4cef-9660-a3dca9008519', '{"action":"token_revoked","actor_id":"3f9a5abf-a9c8-46de-ad7f-0466a8c1e054","actor_username":"platformtakeone@gmail.com","actor_via_sso":false,"log_type":"token"}', '2025-11-15 21:39:19.626958+00', ''),
	('00000000-0000-0000-0000-000000000000', 'e9626f2f-e1e4-4bf1-a40a-4934463361f4', '{"action":"token_refreshed","actor_id":"3f9a5abf-a9c8-46de-ad7f-0466a8c1e054","actor_username":"platformtakeone@gmail.com","actor_via_sso":false,"log_type":"token"}', '2025-11-15 21:48:14.200653+00', ''),
	('00000000-0000-0000-0000-000000000000', 'f68f55fc-4459-4494-9bc2-cd92531906e1', '{"action":"token_revoked","actor_id":"3f9a5abf-a9c8-46de-ad7f-0466a8c1e054","actor_username":"platformtakeone@gmail.com","actor_via_sso":false,"log_type":"token"}', '2025-11-15 21:48:14.201797+00', ''),
	('00000000-0000-0000-0000-000000000000', 'dc3348ba-5e83-4655-b0b2-a3d3e438e14f', '{"action":"token_refreshed","actor_id":"3f9a5abf-a9c8-46de-ad7f-0466a8c1e054","actor_username":"platformtakeone@gmail.com","actor_via_sso":false,"log_type":"token"}', '2025-11-15 22:37:59.588164+00', ''),
	('00000000-0000-0000-0000-000000000000', '41da9261-b390-4e83-bc6f-f4435d7ff135', '{"action":"token_revoked","actor_id":"3f9a5abf-a9c8-46de-ad7f-0466a8c1e054","actor_username":"platformtakeone@gmail.com","actor_via_sso":false,"log_type":"token"}', '2025-11-15 22:37:59.593039+00', ''),
	('00000000-0000-0000-0000-000000000000', 'c0fbf983-5c0a-4350-86df-27e4ffbb6506', '{"action":"token_refreshed","actor_id":"3f9a5abf-a9c8-46de-ad7f-0466a8c1e054","actor_username":"platformtakeone@gmail.com","actor_via_sso":false,"log_type":"token"}', '2025-11-15 22:46:45.457167+00', ''),
	('00000000-0000-0000-0000-000000000000', 'b7612ba1-9194-4ad2-9acf-0b640ec16f5c', '{"action":"token_revoked","actor_id":"3f9a5abf-a9c8-46de-ad7f-0466a8c1e054","actor_username":"platformtakeone@gmail.com","actor_via_sso":false,"log_type":"token"}', '2025-11-15 22:46:45.458415+00', ''),
	('00000000-0000-0000-0000-000000000000', '5d829311-dd2c-49e0-ad79-ade4146bd292', '{"action":"token_refreshed","actor_id":"3f9a5abf-a9c8-46de-ad7f-0466a8c1e054","actor_username":"platformtakeone@gmail.com","actor_via_sso":false,"log_type":"token"}', '2025-11-15 23:36:30.159602+00', ''),
	('00000000-0000-0000-0000-000000000000', 'ac456db0-7bc3-4e84-9572-d0c2d03361e6', '{"action":"token_revoked","actor_id":"3f9a5abf-a9c8-46de-ad7f-0466a8c1e054","actor_username":"platformtakeone@gmail.com","actor_via_sso":false,"log_type":"token"}', '2025-11-15 23:36:30.163198+00', ''),
	('00000000-0000-0000-0000-000000000000', '4b19be17-b6e0-431e-9e9e-927ebde4f4a4', '{"action":"token_refreshed","actor_id":"3f9a5abf-a9c8-46de-ad7f-0466a8c1e054","actor_username":"platformtakeone@gmail.com","actor_via_sso":false,"log_type":"token"}', '2025-11-15 23:45:19.505303+00', ''),
	('00000000-0000-0000-0000-000000000000', 'b1533932-c2e0-4c21-af41-922fb83006c7', '{"action":"token_revoked","actor_id":"3f9a5abf-a9c8-46de-ad7f-0466a8c1e054","actor_username":"platformtakeone@gmail.com","actor_via_sso":false,"log_type":"token"}', '2025-11-15 23:45:19.506532+00', ''),
	('00000000-0000-0000-0000-000000000000', 'ea96a678-792c-4bf9-a6ef-c91414ed25cb', '{"action":"token_refreshed","actor_id":"3f9a5abf-a9c8-46de-ad7f-0466a8c1e054","actor_username":"platformtakeone@gmail.com","actor_via_sso":false,"log_type":"token"}', '2025-11-16 00:35:05.59824+00', ''),
	('00000000-0000-0000-0000-000000000000', '98df37f4-7acd-4a71-b4ff-64bfd2e8b6a0', '{"action":"token_revoked","actor_id":"3f9a5abf-a9c8-46de-ad7f-0466a8c1e054","actor_username":"platformtakeone@gmail.com","actor_via_sso":false,"log_type":"token"}', '2025-11-16 00:35:05.599233+00', ''),
	('00000000-0000-0000-0000-000000000000', '4763f0f3-06ed-4688-aecd-e7dbd5b04f26', '{"action":"token_refreshed","actor_id":"3f9a5abf-a9c8-46de-ad7f-0466a8c1e054","actor_username":"platformtakeone@gmail.com","actor_via_sso":false,"log_type":"token"}', '2025-11-16 00:43:49.703256+00', ''),
	('00000000-0000-0000-0000-000000000000', '7a59d6d0-200e-4324-abfa-96834147420b', '{"action":"token_revoked","actor_id":"3f9a5abf-a9c8-46de-ad7f-0466a8c1e054","actor_username":"platformtakeone@gmail.com","actor_via_sso":false,"log_type":"token"}', '2025-11-16 00:43:49.704994+00', ''),
	('00000000-0000-0000-0000-000000000000', '6b101b42-6895-4d26-b577-0b44a3e084f2', '{"action":"token_refreshed","actor_id":"3f9a5abf-a9c8-46de-ad7f-0466a8c1e054","actor_username":"platformtakeone@gmail.com","actor_via_sso":false,"log_type":"token"}', '2025-11-16 01:33:36.512889+00', ''),
	('00000000-0000-0000-0000-000000000000', 'b17ead50-3a2a-404c-98a6-e3c48d1924f0', '{"action":"token_revoked","actor_id":"3f9a5abf-a9c8-46de-ad7f-0466a8c1e054","actor_username":"platformtakeone@gmail.com","actor_via_sso":false,"log_type":"token"}', '2025-11-16 01:33:36.513775+00', ''),
	('00000000-0000-0000-0000-000000000000', 'c0ef3e6d-f2c2-48e2-822a-01379d67ee45', '{"action":"token_refreshed","actor_id":"3f9a5abf-a9c8-46de-ad7f-0466a8c1e054","actor_username":"platformtakeone@gmail.com","actor_via_sso":false,"log_type":"token"}', '2025-11-16 01:42:19.590179+00', ''),
	('00000000-0000-0000-0000-000000000000', 'def59947-2687-454c-a7be-303da0690b57', '{"action":"token_revoked","actor_id":"3f9a5abf-a9c8-46de-ad7f-0466a8c1e054","actor_username":"platformtakeone@gmail.com","actor_via_sso":false,"log_type":"token"}', '2025-11-16 01:42:19.591219+00', ''),
	('00000000-0000-0000-0000-000000000000', '2cdb09b0-53a5-4bff-9cfa-b48e58ed92cb', '{"action":"token_refreshed","actor_id":"3f9a5abf-a9c8-46de-ad7f-0466a8c1e054","actor_username":"platformtakeone@gmail.com","actor_via_sso":false,"log_type":"token"}', '2025-11-16 02:32:12.127395+00', ''),
	('00000000-0000-0000-0000-000000000000', '0c09ecc1-9f66-4542-88e9-b5074c5ed014', '{"action":"token_revoked","actor_id":"3f9a5abf-a9c8-46de-ad7f-0466a8c1e054","actor_username":"platformtakeone@gmail.com","actor_via_sso":false,"log_type":"token"}', '2025-11-16 02:32:12.129655+00', ''),
	('00000000-0000-0000-0000-000000000000', '94833ca2-4e80-449f-9fcd-807810bae5e5', '{"action":"token_refreshed","actor_id":"3f9a5abf-a9c8-46de-ad7f-0466a8c1e054","actor_username":"platformtakeone@gmail.com","actor_via_sso":false,"log_type":"token"}', '2025-11-16 02:40:51.554445+00', ''),
	('00000000-0000-0000-0000-000000000000', 'ae79f206-ad08-4b05-9a2c-6e220ed3b171', '{"action":"token_revoked","actor_id":"3f9a5abf-a9c8-46de-ad7f-0466a8c1e054","actor_username":"platformtakeone@gmail.com","actor_via_sso":false,"log_type":"token"}', '2025-11-16 02:40:51.556462+00', ''),
	('00000000-0000-0000-0000-000000000000', '41200dc4-80a6-4342-9c57-bce6d8c766ca', '{"action":"token_refreshed","actor_id":"3f9a5abf-a9c8-46de-ad7f-0466a8c1e054","actor_username":"platformtakeone@gmail.com","actor_via_sso":false,"log_type":"token"}', '2025-11-16 03:31:06.160603+00', ''),
	('00000000-0000-0000-0000-000000000000', 'f4be9c72-9e0f-4ad7-8f62-198a6d33e446', '{"action":"token_revoked","actor_id":"3f9a5abf-a9c8-46de-ad7f-0466a8c1e054","actor_username":"platformtakeone@gmail.com","actor_via_sso":false,"log_type":"token"}', '2025-11-16 03:31:06.162343+00', ''),
	('00000000-0000-0000-0000-000000000000', '9d7a0674-0e00-458e-bf59-7ceeaa9c872a', '{"action":"token_refreshed","actor_id":"3f9a5abf-a9c8-46de-ad7f-0466a8c1e054","actor_username":"platformtakeone@gmail.com","actor_via_sso":false,"log_type":"token"}', '2025-11-16 03:39:27.71669+00', ''),
	('00000000-0000-0000-0000-000000000000', 'c47949de-c18d-4558-8761-7655e12e6df1', '{"action":"token_revoked","actor_id":"3f9a5abf-a9c8-46de-ad7f-0466a8c1e054","actor_username":"platformtakeone@gmail.com","actor_via_sso":false,"log_type":"token"}', '2025-11-16 03:39:27.722014+00', ''),
	('00000000-0000-0000-0000-000000000000', '4c74d053-3fcf-4742-9cab-bae85cd6f0cd', '{"action":"token_refreshed","actor_id":"3f9a5abf-a9c8-46de-ad7f-0466a8c1e054","actor_username":"platformtakeone@gmail.com","actor_via_sso":false,"log_type":"token"}', '2025-11-16 04:29:42.940636+00', ''),
	('00000000-0000-0000-0000-000000000000', 'dd20b95c-bde0-499c-b11e-6112d6557f97', '{"action":"token_revoked","actor_id":"3f9a5abf-a9c8-46de-ad7f-0466a8c1e054","actor_username":"platformtakeone@gmail.com","actor_via_sso":false,"log_type":"token"}', '2025-11-16 04:29:42.943437+00', ''),
	('00000000-0000-0000-0000-000000000000', 'adc4bea6-0f5c-476e-8749-6b1d9ccb8dc1', '{"action":"token_refreshed","actor_id":"3f9a5abf-a9c8-46de-ad7f-0466a8c1e054","actor_username":"platformtakeone@gmail.com","actor_via_sso":false,"log_type":"token"}', '2025-11-16 04:38:01.32494+00', ''),
	('00000000-0000-0000-0000-000000000000', 'c4987560-4b46-4156-8bbe-73f2960483e2', '{"action":"token_revoked","actor_id":"3f9a5abf-a9c8-46de-ad7f-0466a8c1e054","actor_username":"platformtakeone@gmail.com","actor_via_sso":false,"log_type":"token"}', '2025-11-16 04:38:01.332212+00', ''),
	('00000000-0000-0000-0000-000000000000', '8131f3cf-82c8-484f-9098-adc7114c500e', '{"action":"token_refreshed","actor_id":"3f9a5abf-a9c8-46de-ad7f-0466a8c1e054","actor_username":"platformtakeone@gmail.com","actor_via_sso":false,"log_type":"token"}', '2025-11-16 05:50:17.251794+00', ''),
	('00000000-0000-0000-0000-000000000000', '5d527178-b331-4ac0-9d46-b14935dc1632', '{"action":"token_revoked","actor_id":"3f9a5abf-a9c8-46de-ad7f-0466a8c1e054","actor_username":"platformtakeone@gmail.com","actor_via_sso":false,"log_type":"token"}', '2025-11-16 05:50:17.256121+00', ''),
	('00000000-0000-0000-0000-000000000000', '8b180f25-51de-4d6d-be8c-989f400e7fc9', '{"action":"token_refreshed","actor_id":"3f9a5abf-a9c8-46de-ad7f-0466a8c1e054","actor_username":"platformtakeone@gmail.com","actor_via_sso":false,"log_type":"token"}', '2025-11-16 05:50:20.170521+00', ''),
	('00000000-0000-0000-0000-000000000000', '7c9e528c-d993-413e-81bc-afab4ab5ff1a', '{"action":"token_revoked","actor_id":"3f9a5abf-a9c8-46de-ad7f-0466a8c1e054","actor_username":"platformtakeone@gmail.com","actor_via_sso":false,"log_type":"token"}', '2025-11-16 05:50:20.172282+00', ''),
	('00000000-0000-0000-0000-000000000000', '50d1464c-48a3-4c37-ae47-d7248bcf4ffa', '{"action":"token_refreshed","actor_id":"3f9a5abf-a9c8-46de-ad7f-0466a8c1e054","actor_username":"platformtakeone@gmail.com","actor_via_sso":false,"log_type":"token"}', '2025-11-16 06:49:04.820651+00', ''),
	('00000000-0000-0000-0000-000000000000', '13dc488b-7bb8-498c-9439-14b98de960cd', '{"action":"token_revoked","actor_id":"3f9a5abf-a9c8-46de-ad7f-0466a8c1e054","actor_username":"platformtakeone@gmail.com","actor_via_sso":false,"log_type":"token"}', '2025-11-16 06:49:04.828048+00', ''),
	('00000000-0000-0000-0000-000000000000', 'f1ebd541-a34d-40a2-863e-6832329ba96a', '{"action":"token_refreshed","actor_id":"3f9a5abf-a9c8-46de-ad7f-0466a8c1e054","actor_username":"platformtakeone@gmail.com","actor_via_sso":false,"log_type":"token"}', '2025-11-16 06:49:12.182162+00', ''),
	('00000000-0000-0000-0000-000000000000', 'e46d6ecf-a09c-40a0-9eb3-ea56d609f42b', '{"action":"token_revoked","actor_id":"3f9a5abf-a9c8-46de-ad7f-0466a8c1e054","actor_username":"platformtakeone@gmail.com","actor_via_sso":false,"log_type":"token"}', '2025-11-16 06:49:12.183051+00', ''),
	('00000000-0000-0000-0000-000000000000', '6f6ecd64-d390-4365-89b7-75c3b695cee3', '{"action":"logout","actor_id":"3f9a5abf-a9c8-46de-ad7f-0466a8c1e054","actor_username":"platformtakeone@gmail.com","actor_via_sso":false,"log_type":"account"}', '2025-11-16 07:45:46.453596+00', ''),
	('00000000-0000-0000-0000-000000000000', 'c15655d7-3768-4e25-9105-3dbfe4c29413', '{"action":"login","actor_id":"3f9a5abf-a9c8-46de-ad7f-0466a8c1e054","actor_username":"platformtakeone@gmail.com","actor_via_sso":false,"log_type":"account","traits":{"provider":"email"}}', '2025-11-16 07:46:03.35684+00', ''),
	('00000000-0000-0000-0000-000000000000', '20fe20da-66cb-4d0a-af6f-49a0d6624ceb', '{"action":"logout","actor_id":"3f9a5abf-a9c8-46de-ad7f-0466a8c1e054","actor_username":"platformtakeone@gmail.com","actor_via_sso":false,"log_type":"account"}', '2025-11-16 07:47:24.370204+00', ''),
	('00000000-0000-0000-0000-000000000000', '285fbb99-72ad-4442-a9fc-f5bd3922df57', '{"action":"user_signedup","actor_id":"ef208d03-62dd-4a96-83ce-17831b298a52","actor_username":"yousif.testing05@gmail.com","actor_via_sso":false,"log_type":"team","traits":{"provider":"email"}}', '2025-11-16 07:48:32.794977+00', ''),
	('00000000-0000-0000-0000-000000000000', 'c03c2b81-2133-410d-bed8-eee282e873af', '{"action":"login","actor_id":"ef208d03-62dd-4a96-83ce-17831b298a52","actor_username":"yousif.testing05@gmail.com","actor_via_sso":false,"log_type":"account","traits":{"provider":"email"}}', '2025-11-16 07:48:32.81118+00', ''),
	('00000000-0000-0000-0000-000000000000', 'ef4f4d5a-f6a6-4a22-9e92-8203cf5f760d', '{"action":"token_refreshed","actor_id":"ef208d03-62dd-4a96-83ce-17831b298a52","actor_username":"yousif.testing05@gmail.com","actor_via_sso":false,"log_type":"token"}', '2025-11-16 08:46:52.91488+00', ''),
	('00000000-0000-0000-0000-000000000000', 'd6c12ce7-6d70-4d41-a932-8c80364ea6ba', '{"action":"token_revoked","actor_id":"ef208d03-62dd-4a96-83ce-17831b298a52","actor_username":"yousif.testing05@gmail.com","actor_via_sso":false,"log_type":"token"}', '2025-11-16 08:46:52.918574+00', ''),
	('00000000-0000-0000-0000-000000000000', 'bef1d7c6-6804-41d3-bd15-0c8ce2b30011', '{"action":"logout","actor_id":"ef208d03-62dd-4a96-83ce-17831b298a52","actor_username":"yousif.testing05@gmail.com","actor_via_sso":false,"log_type":"account"}', '2025-11-16 09:01:54.507404+00', ''),
	('00000000-0000-0000-0000-000000000000', '4e9beeec-d5d1-4e01-b9f3-f542e9b1caee', '{"action":"login","actor_id":"3f9a5abf-a9c8-46de-ad7f-0466a8c1e054","actor_username":"platformtakeone@gmail.com","actor_via_sso":false,"log_type":"account","traits":{"provider":"email"}}', '2025-11-16 09:02:12.236912+00', '');


--
-- Data for Name: flow_state; Type: TABLE DATA; Schema: auth; Owner: supabase_auth_admin
--



--
-- Data for Name: users; Type: TABLE DATA; Schema: auth; Owner: supabase_auth_admin
--

INSERT INTO "auth"."users" ("instance_id", "id", "aud", "role", "email", "encrypted_password", "email_confirmed_at", "invited_at", "confirmation_token", "confirmation_sent_at", "recovery_token", "recovery_sent_at", "email_change_token_new", "email_change", "email_change_sent_at", "last_sign_in_at", "raw_app_meta_data", "raw_user_meta_data", "is_super_admin", "created_at", "updated_at", "phone", "phone_confirmed_at", "phone_change", "phone_change_token", "phone_change_sent_at", "email_change_token_current", "email_change_confirm_status", "banned_until", "reauthentication_token", "reauthentication_sent_at", "is_sso_user", "deleted_at", "is_anonymous") VALUES
	('00000000-0000-0000-0000-000000000000', '6efe5161-8bd0-4088-b2d2-beb995b6a0f1', 'authenticated', 'authenticated', 'sshbyb411@gmil.com', '$2a$10$RESTORED_USER_NEEDS_PASSWORD_RESET', '2025-10-18 03:04:06.257351+00', NULL, '', NULL, '', NULL, '', NULL, NULL, NULL, '{"provider": "email", "providers": ["email"]}', '{}', false, '2025-10-18 03:04:06.230533+00', '2025-10-18 05:53:03.95291+00', NULL, NULL, '', '', NULL, '', 0, NULL, '', NULL, false, NULL, false),
	('00000000-0000-0000-0000-000000000000', '6012dbc2-411f-4c50-a828-43c1263618dd', 'authenticated', 'authenticated', 'ahmed@gmaill.com', '$2a$10$RESTORED_USER_NEEDS_PASSWORD_RESET', '2025-10-16 03:50:19.357241+00', NULL, '', NULL, '', NULL, '', NULL, NULL, NULL, '{"provider": "email", "providers": ["email"]}', '{}', false, '2025-10-16 03:50:19.349155+00', '2025-10-16 03:50:19.358128+00', NULL, NULL, '', '', NULL, '', 0, NULL, '', NULL, false, NULL, false),
	('00000000-0000-0000-0000-000000000000', 'e6918d3a-50dc-4855-8843-bf85b1cd8ae5', 'authenticated', 'authenticated', 'ghaidaa@gmail.com', '$2a$10$RESTORED_USER_NEEDS_PASSWORD_RESET', '2025-10-16 03:46:47.323101+00', NULL, '', NULL, '', NULL, '', NULL, NULL, NULL, '{"provider": "email", "providers": ["email"]}', '{}', false, '2025-10-16 03:46:47.284763+00', '2025-10-16 03:46:47.324584+00', NULL, NULL, '', '', NULL, '', 0, NULL, '', NULL, false, NULL, false),
	('00000000-0000-0000-0000-000000000000', '621e3afd-2f52-4a86-a419-9d70be632530', 'authenticated', 'authenticated', 'yousiftest@ccn.com', '$2a$10$O0ntmwhJxM9OSVxYwDLtfe1GEHdk3QUBFB7vnPQP7bAlnsEICQc7m', '2025-10-29 12:16:48.900999+00', NULL, '', NULL, '', NULL, '', '', NULL, '2025-11-09 09:20:11.115438+00', '{"provider": "email", "providers": ["email"]}', '{"sub": "621e3afd-2f52-4a86-a419-9d70be632530", "email": "yousiftest@ccn.com", "email_verified": true, "phone_verified": false}', NULL, '2025-10-29 12:16:48.878031+00', '2025-11-09 09:20:11.120054+00', NULL, NULL, '', '', NULL, '', 0, NULL, '', NULL, false, NULL, false),
	('00000000-0000-0000-0000-000000000000', '3f9a5abf-a9c8-46de-ad7f-0466a8c1e054', 'authenticated', 'authenticated', 'platformtakeone@gmail.com', '$2a$06$WTsx2RNtaT9oOlxMTuHo1eO.AdfwUrZOs9ysasv.UwW5WoteBlqri', '2025-10-30 06:36:36.486569+00', NULL, '', NULL, '', NULL, '', '', NULL, '2025-11-16 09:02:12.242117+00', '{"provider": "email", "providers": ["email"]}', '{}', false, '2025-10-15 03:39:54.046867+00', '2025-11-16 09:02:12.269048+00', NULL, NULL, '', '', NULL, '', 0, NULL, '', NULL, false, NULL, false),
	('00000000-0000-0000-0000-000000000000', '7c3fe146-41ab-4506-9a8f-d646e686b00c', 'authenticated', 'authenticated', 'phoenix.tkd.bh@gmail.com', '$2a$10$RESTORED_USER_NEEDS_PASSWORD_RESET', '2025-10-15 21:43:41.855013+00', NULL, '', NULL, '', NULL, '', NULL, NULL, '2025-10-18 04:00:01.43743+00', '{"provider": "email", "providers": ["email"]}', '{}', false, '2025-10-15 21:43:41.790177+00', '2025-10-18 05:55:18.269242+00', NULL, NULL, '', '', NULL, '', 0, NULL, '', NULL, false, NULL, false),
	('00000000-0000-0000-0000-000000000000', '4092bc21-4832-467f-841a-2b3a9b969029', 'authenticated', 'authenticated', 'theemperorfahad@gmail.com', '$2a$10$RESTORED_USER_NEEDS_PASSWORD_RESET', '2025-10-15 21:36:52.041159+00', NULL, '', NULL, '', NULL, '', NULL, NULL, NULL, '{"provider": "email", "providers": ["email"]}', '{}', false, '2025-10-15 21:36:51.995782+00', '2025-10-18 11:47:02.750502+00', NULL, NULL, '', '', NULL, '', 0, NULL, '', NULL, false, NULL, false),
	('00000000-0000-0000-0000-000000000000', 'e54bd861-1c4e-4b4e-9fc6-ddfeac66ed19', 'authenticated', 'authenticated', 'emperorsameta@gmail.com', '$2a$10$RESTORED_USER_NEEDS_PASSWORD_RESET', '2025-10-15 11:36:10.554763+00', NULL, '', NULL, '', NULL, '', NULL, NULL, NULL, '{"provider": "email", "providers": ["email"]}', '{}', false, '2025-10-15 11:36:10.498913+00', '2025-10-15 11:36:10.55607+00', NULL, NULL, '', '', NULL, '', 0, NULL, '', NULL, false, NULL, false),
	('00000000-0000-0000-0000-000000000000', '28bd1311-4b1c-4155-961b-0667b0d55c96', 'authenticated', 'authenticated', 'hasanshalan114@gmail.com', '$2a$10$RESTORED_USER_NEEDS_PASSWORD_RESET', '2025-10-15 04:04:13.799077+00', NULL, '', NULL, '', NULL, '', NULL, NULL, NULL, '{"provider": "email", "providers": ["email"]}', '{}', false, '2025-10-15 04:04:13.761631+00', '2025-10-15 04:04:13.80073+00', NULL, NULL, '', '', NULL, '', 0, NULL, '', NULL, false, NULL, false),
	('00000000-0000-0000-0000-000000000000', '97423a6f-8c7f-4009-bc9d-56d4382f41c7', 'authenticated', 'authenticated', 'member1@ccn.com', '$2a$10$NFlselGK9lxf13GpIWr1kODnPwupn58n7HadNt4EUITXEEXQUh9hG', '2025-11-02 09:43:31.467198+00', NULL, '', NULL, '', NULL, '', '', NULL, '2025-11-02 09:43:31.476579+00', '{"provider": "email", "providers": ["email"]}', '{"sub": "97423a6f-8c7f-4009-bc9d-56d4382f41c7", "email": "member1@ccn.com", "email_verified": true, "phone_verified": false}', NULL, '2025-11-02 09:43:31.445959+00', '2025-11-02 09:43:31.478261+00', NULL, NULL, '', '', NULL, '', 0, NULL, '', NULL, false, NULL, false),
	('00000000-0000-0000-0000-000000000000', '2f7aaf17-cd15-43a5-b296-3f1ee3d0ab9f', 'authenticated', 'authenticated', 'testyousif@cnn.com', '$2a$10$Yz6JVpron2ZaTp.ltauhPeX5tevc9UP3dlVDPXr8V2GNTY70efxLS', '2025-10-30 07:28:54.487385+00', NULL, '', NULL, '', NULL, '', '', NULL, '2025-10-30 07:28:54.489861+00', '{"provider": "email", "providers": ["email"]}', '{"sub": "2f7aaf17-cd15-43a5-b296-3f1ee3d0ab9f", "email": "testyousif@cnn.com", "email_verified": true, "phone_verified": false}', NULL, '2025-10-30 07:28:54.475757+00', '2025-10-30 07:28:54.491524+00', NULL, NULL, '', '', NULL, '', 0, NULL, '', NULL, false, NULL, false),
	('00000000-0000-0000-0000-000000000000', 'ef208d03-62dd-4a96-83ce-17831b298a52', 'authenticated', 'authenticated', 'yousif.testing05@gmail.com', '$2a$10$J8u5YLVNijjQrdkIT/HjsuvEW0TNJ5StjY4cc0oBu5mhIoBxM3F9a', '2025-11-16 07:48:32.795699+00', NULL, '', NULL, '', NULL, '', '', NULL, '2025-11-16 07:48:32.812878+00', '{"provider": "email", "providers": ["email"]}', '{"sub": "ef208d03-62dd-4a96-83ce-17831b298a52", "email": "yousif.testing05@gmail.com", "email_verified": true, "phone_verified": false}', NULL, '2025-11-16 07:48:32.716824+00', '2025-11-16 08:46:52.929205+00', NULL, NULL, '', '', NULL, '', 0, NULL, '', NULL, false, NULL, false),
	('00000000-0000-0000-0000-000000000000', '5b96f0b1-bd3f-4fbb-b8ef-239b10a14ecf', 'authenticated', 'authenticated', 'yousif@example.co', '$2a$10$Zv3lEQTsKDW4GW91XfzQ2OsewN4cetT9k4ODCkZIqsZQGAKqeKO6S', '2025-11-03 18:06:59.953788+00', NULL, '', NULL, '', NULL, '', '', NULL, '2025-11-03 18:57:12.129001+00', '{"provider": "email", "providers": ["email"]}', '{"sub": "5b96f0b1-bd3f-4fbb-b8ef-239b10a14ecf", "email": "yousif@example.co", "email_verified": true, "phone_verified": false}', NULL, '2025-11-03 18:06:59.943452+00', '2025-11-04 06:16:49.71208+00', NULL, NULL, '', '', NULL, '', 0, NULL, '', NULL, false, NULL, false);


--
-- Data for Name: identities; Type: TABLE DATA; Schema: auth; Owner: supabase_auth_admin
--

INSERT INTO "auth"."identities" ("provider_id", "user_id", "identity_data", "provider", "last_sign_in_at", "created_at", "updated_at", "id") VALUES
	('621e3afd-2f52-4a86-a419-9d70be632530', '621e3afd-2f52-4a86-a419-9d70be632530', '{"sub": "621e3afd-2f52-4a86-a419-9d70be632530", "email": "yousiftest@ccn.com", "email_verified": false, "phone_verified": false}', 'email', '2025-10-29 12:16:48.897163+00', '2025-10-29 12:16:48.897193+00', '2025-10-29 12:16:48.897193+00', 'f5534ac9-9250-4d7c-ba0c-d1214ed82953'),
	('2f7aaf17-cd15-43a5-b296-3f1ee3d0ab9f', '2f7aaf17-cd15-43a5-b296-3f1ee3d0ab9f', '{"sub": "2f7aaf17-cd15-43a5-b296-3f1ee3d0ab9f", "email": "testyousif@cnn.com", "email_verified": false, "phone_verified": false}', 'email', '2025-10-30 07:28:54.480465+00', '2025-10-30 07:28:54.480487+00', '2025-10-30 07:28:54.480487+00', '5aecd138-f274-4a02-bebb-2a59a75c9824'),
	('97423a6f-8c7f-4009-bc9d-56d4382f41c7', '97423a6f-8c7f-4009-bc9d-56d4382f41c7', '{"sub": "97423a6f-8c7f-4009-bc9d-56d4382f41c7", "email": "member1@ccn.com", "email_verified": false, "phone_verified": false}', 'email', '2025-11-02 09:43:31.464907+00', '2025-11-02 09:43:31.464933+00', '2025-11-02 09:43:31.464933+00', '6285176d-5f5d-46b7-9bfb-e80b52c82f3b'),
	('5b96f0b1-bd3f-4fbb-b8ef-239b10a14ecf', '5b96f0b1-bd3f-4fbb-b8ef-239b10a14ecf', '{"sub": "5b96f0b1-bd3f-4fbb-b8ef-239b10a14ecf", "email": "yousif@example.co", "email_verified": false, "phone_verified": false}', 'email', '2025-11-03 18:06:59.951898+00', '2025-11-03 18:06:59.951938+00', '2025-11-03 18:06:59.951938+00', '7c36b70f-f3db-4343-b730-af9479e3ad40'),
	('ef208d03-62dd-4a96-83ce-17831b298a52', 'ef208d03-62dd-4a96-83ce-17831b298a52', '{"sub": "ef208d03-62dd-4a96-83ce-17831b298a52", "email": "yousif.testing05@gmail.com", "email_verified": false, "phone_verified": false}', 'email', '2025-11-16 07:48:32.781938+00', '2025-11-16 07:48:32.782452+00', '2025-11-16 07:48:32.782452+00', 'd7f769c0-ad88-4f2d-ae9f-b1573d02252c');


--
-- Data for Name: instances; Type: TABLE DATA; Schema: auth; Owner: supabase_auth_admin
--



--
-- Data for Name: oauth_clients; Type: TABLE DATA; Schema: auth; Owner: supabase_auth_admin
--



--
-- Data for Name: sessions; Type: TABLE DATA; Schema: auth; Owner: supabase_auth_admin
--

INSERT INTO "auth"."sessions" ("id", "user_id", "created_at", "updated_at", "factor_id", "aal", "not_after", "refreshed_at", "user_agent", "ip", "tag", "oauth_client_id") VALUES
	('e966b39c-9423-447f-9504-b806ff7c7d15', '3f9a5abf-a9c8-46de-ad7f-0466a8c1e054', '2025-11-16 09:02:12.24487+00', '2025-11-16 09:02:12.24487+00', NULL, 'aal1', NULL, NULL, 'Mozilla/5.0 (Macintosh; Intel Mac OS X 10.15; rv:144.0) Gecko/20100101 Firefox/144.0', '172.217.169.234', NULL, NULL);


--
-- Data for Name: mfa_amr_claims; Type: TABLE DATA; Schema: auth; Owner: supabase_auth_admin
--

INSERT INTO "auth"."mfa_amr_claims" ("session_id", "created_at", "updated_at", "authentication_method", "id") VALUES
	('e966b39c-9423-447f-9504-b806ff7c7d15', '2025-11-16 09:02:12.269839+00', '2025-11-16 09:02:12.269839+00', 'password', 'a141543c-7bc8-4307-8655-15914545f43a');


--
-- Data for Name: mfa_factors; Type: TABLE DATA; Schema: auth; Owner: supabase_auth_admin
--



--
-- Data for Name: mfa_challenges; Type: TABLE DATA; Schema: auth; Owner: supabase_auth_admin
--



--
-- Data for Name: oauth_authorizations; Type: TABLE DATA; Schema: auth; Owner: supabase_auth_admin
--



--
-- Data for Name: oauth_consents; Type: TABLE DATA; Schema: auth; Owner: supabase_auth_admin
--



--
-- Data for Name: one_time_tokens; Type: TABLE DATA; Schema: auth; Owner: supabase_auth_admin
--



--
-- Data for Name: refresh_tokens; Type: TABLE DATA; Schema: auth; Owner: supabase_auth_admin
--

INSERT INTO "auth"."refresh_tokens" ("instance_id", "id", "token", "user_id", "revoked", "created_at", "updated_at", "parent", "session_id") VALUES
	('00000000-0000-0000-0000-000000000000', 354, 'n3ht2ebel2of', '3f9a5abf-a9c8-46de-ad7f-0466a8c1e054', false, '2025-11-16 09:02:12.264338+00', '2025-11-16 09:02:12.264338+00', NULL, 'e966b39c-9423-447f-9504-b806ff7c7d15');


--
-- Data for Name: sso_providers; Type: TABLE DATA; Schema: auth; Owner: supabase_auth_admin
--



--
-- Data for Name: saml_providers; Type: TABLE DATA; Schema: auth; Owner: supabase_auth_admin
--



--
-- Data for Name: saml_relay_states; Type: TABLE DATA; Schema: auth; Owner: supabase_auth_admin
--



--
-- Data for Name: sso_domains; Type: TABLE DATA; Schema: auth; Owner: supabase_auth_admin
--



--
-- Data for Name: clubs; Type: TABLE DATA; Schema: public; Owner: postgres
--

INSERT INTO "public"."clubs" ("id", "name", "description", "location", "rating", "members_count", "classes_count", "trainers_count", "peak_hours", "image_url", "created_at", "updated_at", "welcoming_message", "gps_latitude", "gps_longitude", "link_tree", "logo_url", "owner_name", "owner_contact", "owner_email", "slogan", "slogan_explanation", "club_email", "club_phone", "currency", "timezone", "club_slug", "opening_hours", "bank_name", "bank_account_name", "bank_account_number", "bank_iban", "bank_swift_code", "member_code_prefix", "invoice_code_prefix", "receipt_code_prefix", "expense_code_prefix", "specialist_code_prefix", "favicon_url", "club_phone_code", "owner_contact_code", "enrollment_fee", "child_code_prefix", "commercial_registration_number", "vat_registration_number", "vat_percentage", "map_zoom", "business_owner_id", "country_iso") VALUES
	('fb19b81e-1874-4451-8193-9429d637efc8', 'LEGEND TAEKWONDO ACADEMY', 'Whatever', 'Road 3820, , Northern Governorate, Bahrain', 0.0, 6, 0, 0, NULL, 'https://zcwfreuywtlrrgevhtmo.supabase.co/storage/v1/object/public/avatars/3f9a5abf-a9c8-46de-ad7f-0466a8c1e054/club-fb19b81e-1874-4451-8193-9429d637efc8-cover-1760502366322.jpg', '2025-10-15 04:04:10.09307+00', '2025-11-02 10:22:59.466769+00', '', 26.21591449932823, 50.464249849319465, '[]', 'https://zcwfreuywtlrrgevhtmo.supabase.co/storage/v1/object/public/avatars/3f9a5abf-a9c8-46de-ad7f-0466a8c1e054/club-fb19b81e-1874-4451-8193-9429d637efc8-logo-1760502306248.png', 'Hassan Ali Shalan', '36722245', 'hasanshalan114@gmail.com', '', NULL, 'hasanshalan114@gmail.com', '36722245', 'BHD', 'Asia/Bahrain', 'lta', '{}', NULL, NULL, NULL, NULL, NULL, 'MEM', 'INV', 'REC', 'EXP', 'SPEC', 'https://zcwfreuywtlrrgevhtmo.supabase.co/storage/v1/object/public/avatars/3f9a5abf-a9c8-46de-ad7f-0466a8c1e054/club-fb19b81e-1874-4451-8193-9429d637efc8-favicon-1760502315742.png', '+973', '+973', 7, 'CHILD', NULL, NULL, 10, 17, NULL, 'BH'),
	('d42a4d50-4998-43b4-999f-ebb3b9bca880', 'Yousif Clube', 'this is yousif club', '', 0.0, 1, 0, 0, NULL, NULL, '2025-11-02 08:40:05.41632+00', '2025-11-03 11:12:24.296601+00', '', NULL, NULL, '[]', NULL, 'yousiftest@ccn.com', '', 'yousiftest@ccn.com', '', NULL, '', '', 'BHD', 'Asia/Bahrain', 'yc', '[]', NULL, NULL, NULL, NULL, NULL, 'MEM', 'INV', 'REC', 'EXP', 'SPEC', NULL, '+973', '', 20, 'CHILD', NULL, NULL, 10, 13, '621e3afd-2f52-4a86-a419-9d70be632530', 'BH'),
	('f662356e-1d9a-443a-8b43-98a3eda8d037', 'My Club', 'New club - please update details', '', 0.0, 0, 0, 0, NULL, NULL, '2025-11-03 19:01:45.326428+00', '2025-11-03 19:01:45.326428+00', NULL, NULL, NULL, '[]', NULL, 'yousif t', NULL, 'yousif@example.co', NULL, NULL, NULL, NULL, 'USD', 'UTC', NULL, '[]', NULL, NULL, NULL, NULL, NULL, 'MEM', 'INV', 'REC', 'EXP', 'SPEC', NULL, NULL, NULL, 0, 'CHILD', NULL, NULL, 0, 13, '5b96f0b1-bd3f-4fbb-b8ef-239b10a14ecf', NULL),
	('bbcc719f-7fd5-41b6-b2c0-3834a4e94018', 'EMPEROR TAEKWONDO ACADEMY', 'a happy welcoming socializing place built for achieving greatnes', 'Road 1238, Dar Kulayb, Northern Governorate, Bahrain', 0.0, 9, 0, 0, NULL, 'https://zcwfreuywtlrrgevhtmo.supabase.co/storage/v1/object/public/avatars/3f9a5abf-a9c8-46de-ad7f-0466a8c1e054/club-bbcc719f-7fd5-41b6-b2c0-3834a4e94018-cover-1760759485991.jpg', '2025-10-15 12:04:18.242307+00', '2025-11-16 08:45:42.565983+00', '', 26.09207319920245, 50.512003898620605, '[{"url": "https://www.instagram.com/emperor_eta/", "title": "Instagram"}, {"url": "https://www.tiktok.com/@emperor7612", "title": "TikTok"}, {"url": "https://www.snapchat.com/@emperorsameta", "title": "snapchat"}, {"url": "https://wa.me/97333950778", "title": "WhatsApp"}, {"url": "tel:0097333950778", "title": "Phone"}, {"url": "mailto:emperorsameta@gmail.com", "title": "Email"}]', 'https://zcwfreuywtlrrgevhtmo.supabase.co/storage/v1/object/public/avatars/3f9a5abf-a9c8-46de-ad7f-0466a8c1e054/club-bbcc719f-7fd5-41b6-b2c0-3834a4e94018-logo-1760529898182.png', 'Sami Al Manea', '33950778', 'emperorsameta@gmail.com', 'walk the path and build your empire', NULL, 'emperorsameta@gmail.com', '33950778', 'BHD', 'Asia/Bahrain', 'eta', '{}', NULL, NULL, NULL, NULL, NULL, 'MEM', 'INV', 'REC', 'EXP', 'SPEC', 'https://zcwfreuywtlrrgevhtmo.supabase.co/storage/v1/object/public/avatars/3f9a5abf-a9c8-46de-ad7f-0466a8c1e054/club-bbcc719f-7fd5-41b6-b2c0-3834a4e94018-favicon-1760529903680.png', '+973', '+973', 10, 'CHILD', NULL, NULL, 10, 16, 'e54bd861-1c4e-4b4e-9fc6-ddfeac66ed19', 'BH'),
	('7a7643d1-15c5-4750-8f21-dcec5179f82d', 'PHOENIX TAEKWONDO ACADEMY', '', 'Road 1101, Manama, Capital Governorate, Bahrain', 0.0, 13, 0, 0, NULL, 'https://zcwfreuywtlrrgevhtmo.supabase.co/storage/v1/object/public/avatars/3f9a5abf-a9c8-46de-ad7f-0466a8c1e054/club-7a7643d1-15c5-4750-8f21-dcec5179f82d-cover-1760726358161.jpg', '2025-10-15 21:47:00.53319+00', '2025-11-04 18:06:20.627968+00', '', 26.1984241570691, 50.564113855361946, '[]', 'https://zcwfreuywtlrrgevhtmo.supabase.co/storage/v1/object/public/avatars/3f9a5abf-a9c8-46de-ad7f-0466a8c1e054/club-7a7643d1-15c5-4750-8f21-dcec5179f82d-logo-1760564920704.png', 'Manar Al Rayes', '39824114', 'manar@gmail.com', '', NULL, 'phoenix.tkd.bh@gmail.com', '39824114', 'BHD', 'Asia/Bahrain', 'pta', '{}', NULL, NULL, NULL, NULL, NULL, 'MEM', 'INV', 'REC', 'EXP', 'SPEC', 'https://zcwfreuywtlrrgevhtmo.supabase.co/storage/v1/object/public/avatars/3f9a5abf-a9c8-46de-ad7f-0466a8c1e054/club-7a7643d1-15c5-4750-8f21-dcec5179f82d-favicon-1760564927189.png', '+973', '+973', 7, 'CHILD', NULL, NULL, 0, 16, '7c3fe146-41ab-4506-9a8f-d646e686b00c', 'BH');


--
-- Data for Name: club_facilities; Type: TABLE DATA; Schema: public; Owner: postgres
--

INSERT INTO "public"."club_facilities" ("id", "club_id", "name", "address", "latitude", "longitude", "is_rentable", "created_at", "updated_at", "description", "is_available", "map_zoom") VALUES
	('095e0b27-d269-413f-a057-5c3b227643fd', 'bbcc719f-7fd5-41b6-b2c0-3834a4e94018', 'Main Hall', 'Road 1238, Dar Kulayb, Northern Governorate, Bahrain', 26.09205393, 50.51200390, false, '2025-10-15 18:31:12.185224+00', '2025-10-15 18:31:12.185224+00', NULL, true, 16),
	('f367e4cd-d41e-49a7-ba0e-317337f34952', 'fb19b81e-1874-4451-8193-9429d637efc8', 'Main Hall', 'Road 3624,  , Northern Governorate, Bahrain', 26.21653532, 50.47044039, false, '2025-10-15 19:06:41.130328+00', '2025-10-15 19:06:41.130328+00', NULL, true, 16),
	('842d7a64-a4a8-43ae-8eef-7359a604960d', '7a7643d1-15c5-4750-8f21-dcec5179f82d', 'Main Hall', 'Avenue 73, Manama, Capital Governorate, Bahrain', 26.20065271, 50.56716084, false, '2025-10-17 19:38:49.244026+00', '2025-10-17 19:38:49.244026+00', NULL, true, 17),
	('2de3f340-590d-45ee-b510-a302deca67fa', 'd42a4d50-4998-43b4-999f-ebb3b9bca880', 'main hall', 'Road 7307,  , Northern Governorate, Bahrain', 26.21921109, 50.49659729, false, '2025-11-03 11:05:40.592682+00', '2025-11-03 11:05:40.592682+00', 'main hall', true, 12);


--
-- Data for Name: activities; Type: TABLE DATA; Schema: public; Owner: postgres
--

INSERT INTO "public"."activities" ("id", "club_id", "club_facility_id", "title", "sessions_per_week", "notes", "picture_url", "created_at", "updated_at", "description", "duration_minutes", "max_capacity") VALUES
	('7c86302d-4b0d-46ad-a6a0-3acd45a4d025', '7a7643d1-15c5-4750-8f21-dcec5179f82d', '842d7a64-a4a8-43ae-8eef-7359a604960d', 'TAEKWONDO - CLASS A', 3, NULL, NULL, '2025-10-17 19:40:13.105057+00', '2025-10-17 19:40:13.105057+00', NULL, 60, NULL),
	('16512cae-942a-427d-9d34-09f618141183', '7a7643d1-15c5-4750-8f21-dcec5179f82d', '842d7a64-a4a8-43ae-8eef-7359a604960d', 'TAEKWONDO - CLASS C', 3, NULL, NULL, '2025-10-17 19:41:57.529902+00', '2025-10-17 19:41:57.529902+00', NULL, 60, NULL),
	('b9eccf70-cc83-4124-9468-20d7646443c9', '7a7643d1-15c5-4750-8f21-dcec5179f82d', '842d7a64-a4a8-43ae-8eef-7359a604960d', 'TAEKWONDO - CLASS B', 3, NULL, NULL, '2025-10-17 19:41:11.536273+00', '2025-10-17 19:41:11.536273+00', NULL, 60, NULL),
	('4541b920-6b36-4459-b7cb-c3f714e1d3ec', '7a7643d1-15c5-4750-8f21-dcec5179f82d', '842d7a64-a4a8-43ae-8eef-7359a604960d', 'TAEKWONDO - CLASS D', 3, NULL, NULL, '2025-10-17 19:42:36.100062+00', '2025-10-17 19:43:04.309369+00', NULL, 60, NULL),
	('de79344c-3e12-4b40-b5da-8fd7706309ce', 'fb19b81e-1874-4451-8193-9429d637efc8', 'f367e4cd-d41e-49a7-ba0e-317337f34952', 'TAEKWONDO - CLASS A', 3, NULL, NULL, '2025-10-15 21:25:18.09242+00', '2025-10-15 21:25:18.09242+00', NULL, 60, NULL),
	('3fe85c39-4d2c-461e-a578-98fa35ae6e7e', 'fb19b81e-1874-4451-8193-9429d637efc8', 'f367e4cd-d41e-49a7-ba0e-317337f34952', 'TAEKWONDO - CLASS C', 3, NULL, NULL, '2025-10-15 21:28:01.003632+00', '2025-10-15 21:28:01.003632+00', NULL, 60, NULL),
	('02a4737f-a194-4e83-ba60-32f7b893a783', 'fb19b81e-1874-4451-8193-9429d637efc8', 'f367e4cd-d41e-49a7-ba0e-317337f34952', 'TAEKWONDO - CLASS B', 3, NULL, NULL, '2025-10-15 21:26:16.620032+00', '2025-10-15 21:26:16.620032+00', NULL, 60, NULL),
	('fde2d182-3206-402b-841d-cd5241ecdeff', 'fb19b81e-1874-4451-8193-9429d637efc8', 'f367e4cd-d41e-49a7-ba0e-317337f34952', 'TAEKWONDO - CLASS D', 3, NULL, NULL, '2025-10-15 21:28:49.299418+00', '2025-10-15 21:28:49.299418+00', NULL, 60, NULL),
	('2d72f34f-27ad-49af-a9e7-9e5fac8c5cce', 'bbcc719f-7fd5-41b6-b2c0-3834a4e94018', '095e0b27-d269-413f-a057-5c3b227643fd', 'TAEKWONDO (S.M.W) CLASS A', 3, NULL, NULL, '2025-10-15 18:33:57.162888+00', '2025-10-16 04:31:20.775223+00', NULL, 60, NULL),
	('0576d84c-ea0e-4082-8a52-112a86d1b7fe', 'bbcc719f-7fd5-41b6-b2c0-3834a4e94018', '095e0b27-d269-413f-a057-5c3b227643fd', 'TAEKWONDO (S.M.W) CLASS B', 3, NULL, NULL, '2025-10-15 20:04:09.150938+00', '2025-10-16 04:31:29.387663+00', NULL, 60, NULL),
	('e30baffd-ed4d-4c96-887d-d87473c7c0a5', 'bbcc719f-7fd5-41b6-b2c0-3834a4e94018', '095e0b27-d269-413f-a057-5c3b227643fd', 'TAEKWONDO (S.M.W) CLASS C', 3, NULL, NULL, '2025-10-15 20:04:55.30354+00', '2025-10-16 04:31:36.335137+00', NULL, 60, NULL),
	('a347850a-6479-4f0b-8a6f-54eabe26e6c2', 'bbcc719f-7fd5-41b6-b2c0-3834a4e94018', '095e0b27-d269-413f-a057-5c3b227643fd', 'TAEKWONDO (S.M.W) CLASS D', 3, NULL, NULL, '2025-10-15 20:07:08.690219+00', '2025-10-16 04:31:44.116319+00', NULL, 90, NULL),
	('335a50f9-3760-476d-82bb-416dd008ae54', 'bbcc719f-7fd5-41b6-b2c0-3834a4e94018', '095e0b27-d269-413f-a057-5c3b227643fd', 'TAEKWONDO (S.T.T) CLASS A', 3, NULL, NULL, '2025-10-15 20:11:13.030325+00', '2025-10-16 04:31:51.469998+00', NULL, 60, NULL),
	('c867435b-24c5-4529-9bc2-8fa9928ac1bb', 'bbcc719f-7fd5-41b6-b2c0-3834a4e94018', '095e0b27-d269-413f-a057-5c3b227643fd', 'TAEKWONDO (S.T.T) CLASS B', 3, NULL, NULL, '2025-10-15 20:11:58.13864+00', '2025-10-16 04:31:57.362871+00', NULL, 60, NULL),
	('56204342-7612-490a-ab90-870e2175d5f3', 'bbcc719f-7fd5-41b6-b2c0-3834a4e94018', '095e0b27-d269-413f-a057-5c3b227643fd', 'TAEKWONDO (S.T.T) CLASS C', 3, NULL, NULL, '2025-10-15 20:13:00.037773+00', '2025-10-16 04:32:05.312493+00', NULL, 60, NULL),
	('35c36113-7081-4127-ad92-44a9378fc94a', 'bbcc719f-7fd5-41b6-b2c0-3834a4e94018', '095e0b27-d269-413f-a057-5c3b227643fd', 'TAEKWONDO (S.T.T) CLASS D', 3, NULL, NULL, '2025-10-15 20:15:23.622164+00', '2025-10-16 04:32:11.465804+00', NULL, 60, NULL),
	('d9bb5f9d-1f5b-4665-a330-0e9ff5455842', 'bbcc719f-7fd5-41b6-b2c0-3834a4e94018', '095e0b27-d269-413f-a057-5c3b227643fd', 'TAEKWONDO (S.T.T) CLASS E', 3, NULL, NULL, '2025-10-15 20:17:17.971802+00', '2025-10-16 04:32:17.851902+00', NULL, 90, NULL);


--
-- Data for Name: activity_schedules; Type: TABLE DATA; Schema: public; Owner: postgres
--

INSERT INTO "public"."activity_schedules" ("id", "activity_id", "day_of_week", "start_time", "end_time", "created_at", "notes") VALUES
	('790538ab-4bdf-473e-a877-9ccd3981c5fc', '7c86302d-4b0d-46ad-a6a0-3acd45a4d025', 'saturday', '16:30:00', '17:30:00', '2025-10-17 19:40:13.31977+00', NULL),
	('ee3fe87e-181f-4570-b866-2804c0062b03', '7c86302d-4b0d-46ad-a6a0-3acd45a4d025', 'monday', '16:30:00', '17:30:00', '2025-10-17 19:40:13.31977+00', NULL),
	('f4ffc229-dd4f-4058-b6ab-1bb4cc5a1b04', '7c86302d-4b0d-46ad-a6a0-3acd45a4d025', 'wednesday', '16:30:00', '17:30:00', '2025-10-17 19:40:13.31977+00', NULL),
	('abab2c20-b9fc-47e6-95b1-094e1bb46755', '16512cae-942a-427d-9d34-09f618141183', 'sunday', '17:30:00', '18:30:00', '2025-10-17 19:41:58.346656+00', NULL),
	('471dc338-163e-4a1d-b679-7d0631f554fb', '16512cae-942a-427d-9d34-09f618141183', 'tuesday', '17:30:00', '18:30:00', '2025-10-17 19:41:58.346656+00', NULL),
	('a61ca3da-3c33-4fcd-a5c8-641b0dac6ebc', '16512cae-942a-427d-9d34-09f618141183', 'thursday', '17:30:00', '18:30:00', '2025-10-17 19:41:58.346656+00', NULL),
	('f2a8f813-00a3-4a04-8ce9-085ea2db5c69', 'b9eccf70-cc83-4124-9468-20d7646443c9', 'saturday', '17:30:00', '18:30:00', '2025-10-17 19:41:11.733244+00', NULL),
	('574e8f5e-f52e-4115-8596-592af7aaf0cd', 'b9eccf70-cc83-4124-9468-20d7646443c9', 'monday', '17:30:00', '18:30:00', '2025-10-17 19:41:11.733244+00', NULL),
	('8878e1f4-6a6a-450f-883a-96bf56fa665b', 'b9eccf70-cc83-4124-9468-20d7646443c9', 'wednesday', '17:30:00', '18:30:00', '2025-10-17 19:41:11.733244+00', NULL),
	('0caa25f1-6057-4651-8df3-dc1f5039012e', '35c36113-7081-4127-ad92-44a9378fc94a', 'sunday', '19:00:00', '20:00:00', '2025-10-15 20:15:23.794711+00', NULL),
	('d3699b89-4c6d-442a-ad66-2c32e5721406', '4541b920-6b36-4459-b7cb-c3f714e1d3ec', 'sunday', '18:30:00', '19:30:00', '2025-10-17 19:42:36.322407+00', NULL),
	('2ae5e0f3-7bb2-4cb4-a7b8-5d9c6da6e3b8', '35c36113-7081-4127-ad92-44a9378fc94a', 'tuesday', '19:00:00', '20:00:00', '2025-10-15 20:15:23.794711+00', NULL),
	('4403c200-7b77-4dc9-96ca-94085abac479', '35c36113-7081-4127-ad92-44a9378fc94a', 'thursday', '19:00:00', '20:00:00', '2025-10-15 20:15:23.794711+00', NULL),
	('73c11ed8-e448-4e01-b811-a0c7f33df8e9', '02a4737f-a194-4e83-ba60-32f7b893a783', 'saturday', '17:30:00', '18:30:00', '2025-10-15 21:26:16.795842+00', NULL),
	('52922e65-c786-4964-9454-635f70bfce42', '02a4737f-a194-4e83-ba60-32f7b893a783', 'monday', '17:30:00', '18:30:00', '2025-10-15 21:26:16.795842+00', NULL),
	('64eade44-b983-4af3-95f3-6e436d665071', '02a4737f-a194-4e83-ba60-32f7b893a783', 'wednesday', '17:30:00', '18:30:00', '2025-10-15 21:26:16.795842+00', NULL),
	('287cebc0-123e-4e78-9d29-7d3531cbc656', '2d72f34f-27ad-49af-a9e7-9e5fac8c5cce', 'saturday', '16:00:00', '17:00:00', '2025-10-15 19:58:21.02415+00', NULL),
	('d7d94fde-dbdd-4b0b-a844-c3e7080c4439', '0576d84c-ea0e-4082-8a52-112a86d1b7fe', 'saturday', '17:00:00', '18:00:00', '2025-10-15 20:04:09.352644+00', NULL),
	('90f3ae9e-6e3b-4a8b-9b45-bb14c9e86e23', '0576d84c-ea0e-4082-8a52-112a86d1b7fe', 'monday', '17:00:00', '18:00:00', '2025-10-15 20:04:09.352644+00', NULL),
	('97a9fbe9-e49c-4448-8fa4-5738feec046a', '0576d84c-ea0e-4082-8a52-112a86d1b7fe', 'wednesday', '17:00:00', '18:00:00', '2025-10-15 20:04:09.352644+00', NULL),
	('f26666ed-adfc-4c6b-ab31-bef40ba72ba7', '335a50f9-3760-476d-82bb-416dd008ae54', 'sunday', '16:00:00', '17:00:00', '2025-10-15 20:11:13.189788+00', NULL),
	('83b6de67-6337-42bc-b287-eaffccc37738', '335a50f9-3760-476d-82bb-416dd008ae54', 'tuesday', '16:00:00', '17:00:00', '2025-10-15 20:11:13.189788+00', NULL),
	('fc03b342-a781-4f03-b7ea-ae5495ce702d', '335a50f9-3760-476d-82bb-416dd008ae54', 'thursday', '16:00:00', '17:00:00', '2025-10-15 20:11:13.189788+00', NULL),
	('ecbbf2d9-b151-4612-a56b-948c969a9e5b', 'd9bb5f9d-1f5b-4665-a330-0e9ff5455842', 'sunday', '20:00:00', '21:30:00', '2025-10-15 20:17:18.132457+00', NULL),
	('fc221f92-bc22-402c-8a56-1fdaae3d0711', '4541b920-6b36-4459-b7cb-c3f714e1d3ec', 'tuesday', '18:30:00', '19:30:00', '2025-10-17 19:42:36.322407+00', NULL),
	('66dbb22c-aad2-4d31-8401-b338331885e2', '4541b920-6b36-4459-b7cb-c3f714e1d3ec', 'thursday', '18:30:00', '19:30:00', '2025-10-17 19:42:36.322407+00', NULL),
	('646cf742-213f-4ea8-bc34-5fcdbe967110', 'd9bb5f9d-1f5b-4665-a330-0e9ff5455842', 'tuesday', '20:00:00', '21:30:00', '2025-10-15 20:17:18.132457+00', NULL),
	('7ffa0de1-5926-4d22-9e36-3297c5301aa2', 'd9bb5f9d-1f5b-4665-a330-0e9ff5455842', 'thursday', '20:00:00', '21:30:00', '2025-10-15 20:17:18.132457+00', NULL),
	('57ad2106-9a9b-45c7-b586-6a391ca22e9e', '3fe85c39-4d2c-461e-a578-98fa35ae6e7e', 'sunday', '17:30:00', '18:30:00', '2025-10-15 21:28:01.172757+00', NULL),
	('f2ce15b1-b3e2-4f4d-85b4-c768446e5fc1', '3fe85c39-4d2c-461e-a578-98fa35ae6e7e', 'tuesday', '17:30:00', '18:30:00', '2025-10-15 21:28:01.172757+00', NULL),
	('a7a18138-5727-4b98-a536-58fd16f6f820', '3fe85c39-4d2c-461e-a578-98fa35ae6e7e', 'tuesday', '17:30:00', '18:30:00', '2025-10-15 21:28:01.172757+00', NULL),
	('48d24684-fa63-4d28-a877-b93018218389', '2d72f34f-27ad-49af-a9e7-9e5fac8c5cce', 'monday', '16:00:00', '17:00:00', '2025-10-15 19:58:29.551351+00', NULL),
	('0c51f96c-8922-489b-843d-3b5d5f034d85', 'e30baffd-ed4d-4c96-887d-d87473c7c0a5', 'saturday', '19:00:00', '20:00:00', '2025-10-15 20:04:55.746469+00', NULL),
	('203cfdee-1b96-43ff-934b-f5a7ebbcde45', 'e30baffd-ed4d-4c96-887d-d87473c7c0a5', 'monday', '19:00:00', '20:00:00', '2025-10-15 20:04:55.746469+00', NULL),
	('fb6621c8-169d-430d-8d40-23fa3e461307', 'e30baffd-ed4d-4c96-887d-d87473c7c0a5', 'wednesday', '19:00:00', '20:00:00', '2025-10-15 20:04:55.746469+00', NULL),
	('d10d5d7a-51ec-461a-90e3-c456031b9907', 'c867435b-24c5-4529-9bc2-8fa9928ac1bb', 'sunday', '17:00:00', '18:00:00', '2025-10-15 20:11:58.317012+00', NULL),
	('765eaa42-2081-4b7b-97c9-8bc89a72070c', 'c867435b-24c5-4529-9bc2-8fa9928ac1bb', 'tuesday', '17:00:00', '18:00:00', '2025-10-15 20:11:58.317012+00', NULL),
	('092e77e0-c0af-47dc-b96d-b13dc904fd55', 'c867435b-24c5-4529-9bc2-8fa9928ac1bb', 'thursday', '17:00:00', '18:00:00', '2025-10-15 20:11:58.317012+00', NULL),
	('9a7fbed8-5455-402a-940e-9e9fbbfb608c', 'de79344c-3e12-4b40-b5da-8fd7706309ce', 'saturday', '16:30:00', '17:30:00', '2025-10-15 21:25:18.35585+00', NULL),
	('3c68a1ee-ec6f-48cc-9719-8635a6b42281', 'de79344c-3e12-4b40-b5da-8fd7706309ce', 'monday', '16:30:00', '17:30:00', '2025-10-15 21:25:18.35585+00', NULL),
	('8ceaa4dc-e1a4-4fd7-83d4-3dff68cd2774', 'de79344c-3e12-4b40-b5da-8fd7706309ce', 'wednesday', '16:30:00', '17:30:00', '2025-10-15 21:25:18.35585+00', NULL),
	('ca5fcd76-0015-490b-b82b-454a4aed2611', 'fde2d182-3206-402b-841d-cd5241ecdeff', 'sunday', '18:30:00', '19:30:00', '2025-10-15 21:28:49.465586+00', NULL),
	('74949720-e3c2-4db4-8d20-694aaeef96d4', 'fde2d182-3206-402b-841d-cd5241ecdeff', 'tuesday', '18:30:00', '19:30:00', '2025-10-15 21:28:49.465586+00', NULL),
	('3e88927d-664e-47b8-aac3-c9e9766797f3', 'fde2d182-3206-402b-841d-cd5241ecdeff', 'tuesday', '18:30:00', '19:30:00', '2025-10-15 21:28:49.465586+00', NULL),
	('af76710d-884f-468e-88b7-d306feb51041', '2d72f34f-27ad-49af-a9e7-9e5fac8c5cce', 'wednesday', '16:00:00', '17:00:00', '2025-10-15 19:58:35.340141+00', NULL),
	('efe3a333-b4eb-4fda-a2b5-d24445931d87', 'a347850a-6479-4f0b-8a6f-54eabe26e6c2', 'saturday', '20:00:00', '21:30:00', '2025-10-15 20:07:08.848032+00', NULL),
	('38d342fd-9d10-452c-a970-7a81312297c6', 'a347850a-6479-4f0b-8a6f-54eabe26e6c2', 'monday', '20:00:00', '21:30:00', '2025-10-15 20:07:08.848032+00', NULL),
	('24b5c8a2-8fe7-421b-8d8c-40fd02529bc6', 'a347850a-6479-4f0b-8a6f-54eabe26e6c2', 'wednesday', '20:00:00', '21:30:00', '2025-10-15 20:07:08.848032+00', NULL),
	('46537522-efa0-419c-8a9c-5d2c78658e84', '56204342-7612-490a-ab90-870e2175d5f3', 'sunday', '18:00:00', '19:00:00', '2025-10-15 20:13:00.304773+00', NULL),
	('bb157b04-3281-465d-a7b1-f72a5398a74f', '56204342-7612-490a-ab90-870e2175d5f3', 'tuesday', '18:00:00', '19:00:00', '2025-10-15 20:13:00.304773+00', NULL),
	('2929b64e-8685-418d-afec-033e3da8e76e', '56204342-7612-490a-ab90-870e2175d5f3', 'thursday', '18:00:00', '19:00:00', '2025-10-15 20:13:00.304773+00', NULL);


--
-- Data for Name: activity_skills; Type: TABLE DATA; Schema: public; Owner: postgres
--



--
-- Data for Name: bank_accounts; Type: TABLE DATA; Schema: public; Owner: postgres
--



--
-- Data for Name: children; Type: TABLE DATA; Schema: public; Owner: postgres
--

INSERT INTO "public"."children" ("id", "parent_user_id", "name", "gender", "date_of_birth", "avatar_url", "created_at", "updated_at", "blood_type", "nationality") VALUES
	('b58cb0ed-c095-4b58-9bc6-a40fce9f4001', '3f9a5abf-a9c8-46de-ad7f-0466a8c1e054', 'Ayoob Ghassan Mohamed', 'male', '2020-06-04', 'https://zcwfreuywtlrrgevhtmo.supabase.co/storage/v1/object/public/avatars/3f9a5abf-a9c8-46de-ad7f-0466a8c1e054/profile-1760714470479.png', '2025-10-17 09:48:49.849405+00', '2025-10-17 15:23:37.672301+00', 'dont_know', 'Bahrain'),
	('c9f30e02-887a-4f28-b93f-105bdcac6ea9', '3f9a5abf-a9c8-46de-ad7f-0466a8c1e054', 'Mohamed Ghassan Mohammed', 'male', '2015-02-17', 'https://zcwfreuywtlrrgevhtmo.supabase.co/storage/v1/object/public/avatars/3f9a5abf-a9c8-46de-ad7f-0466a8c1e054/child-1760758196623.png', '2025-10-18 03:30:29.686855+00', '2025-10-18 03:30:29.686855+00', 'dont_know', 'BH'),
	('cb4748a6-0523-484a-a3ee-7be6d2a9a395', '3f9a5abf-a9c8-46de-ad7f-0466a8c1e054', 'Zahra Ghassan Mohamed', 'female', '2022-09-19', 'https://zcwfreuywtlrrgevhtmo.supabase.co/storage/v1/object/public/avatars/3f9a5abf-a9c8-46de-ad7f-0466a8c1e054/child-1760758334390.jpg', '2025-10-18 03:33:25.269823+00', '2025-10-18 03:33:25.269823+00', 'dont_know', 'BH'),
	('bc4f51fd-d89e-4dfd-af6e-abb1cef12217', '621e3afd-2f52-4a86-a419-9d70be632530', 'ahmed yousif ', 'male', '2015-07-14', NULL, '2025-11-04 16:59:31.068064+00', '2025-11-04 16:59:31.068064+00', '', 'Bahrain');


--
-- Data for Name: club_amenities; Type: TABLE DATA; Schema: public; Owner: postgres
--



--
-- Data for Name: club_members; Type: TABLE DATA; Schema: public; Owner: postgres
--

INSERT INTO "public"."club_members" ("id", "club_id", "user_id", "name", "avatar_url", "rank", "achievements", "joined_date", "created_at", "updated_at", "child_id", "left_date", "is_active", "leave_reason", "is_instructor", "payment_screenshot_url") VALUES
	('805fa4e4-0f6a-420f-89be-c3adbbc5a2a8', 'bbcc719f-7fd5-41b6-b2c0-3834a4e94018', 'e54bd861-1c4e-4b4e-9fc6-ddfeac66ed19', 'Sami Al Manea', NULL, 'Owner', 0, '2025-10-15', '2025-10-15 12:04:23.537074+00', '2025-10-16 04:28:27.713+00', NULL, NULL, true, NULL, true, NULL),
	('1261b5ec-f8cb-4374-81a3-22bf06ed565c', 'fb19b81e-1874-4451-8193-9429d637efc8', '3f9a5abf-a9c8-46de-ad7f-0466a8c1e054', 'Ghassan Mohamed Yusuf', 'https://zcwfreuywtlrrgevhtmo.supabase.co/storage/v1/object/public/avatars/3f9a5abf-a9c8-46de-ad7f-0466a8c1e054/profile-1760503128271.jpg', 'Instructor', 0, '2025-10-15', '2025-10-15 04:59:56.944768+00', '2025-10-15 05:20:12.295+00', NULL, '2025-10-15', false, 'found better oppertunity', true, NULL),
	('1ce1d09d-49fd-4b7d-80ab-c99b0a901040', '7a7643d1-15c5-4750-8f21-dcec5179f82d', 'e6918d3a-50dc-4855-8843-bf85b1cd8ae5', 'Ghaida', 'https://zcwfreuywtlrrgevhtmo.supabase.co/storage/v1/object/public/avatars/3f9a5abf-a9c8-46de-ad7f-0466a8c1e054/profile-1760586179874.jpg', 'Instructor', 0, '2025-10-16', '2025-10-16 03:54:25.359671+00', '2025-10-16 04:37:36.774+00', NULL, NULL, true, NULL, true, NULL),
	('e5858643-24ad-468e-bb75-ae74eaa2a518', '7a7643d1-15c5-4750-8f21-dcec5179f82d', '6012dbc2-411f-4c50-a828-43c1263618dd', 'Ahmed', 'https://zcwfreuywtlrrgevhtmo.supabase.co/storage/v1/object/public/avatars/3f9a5abf-a9c8-46de-ad7f-0466a8c1e054/profile-1760586524468.jpg', 'Instructor', 0, '2025-10-16', '2025-10-16 03:52:58.903659+00', '2025-10-16 04:39:02.898+00', NULL, NULL, true, NULL, true, NULL),
	('8138a6e4-aea3-47e1-91b3-1dfaf8632bdf', '7a7643d1-15c5-4750-8f21-dcec5179f82d', '7c3fe146-41ab-4506-9a8f-d646e686b00c', 'Manar Al Rayes', NULL, 'Owner', 0, '2025-10-15', '2025-10-15 21:47:02.654715+00', '2025-10-16 05:26:33.401+00', NULL, NULL, true, NULL, true, NULL),
	('374f2fab-e687-408c-beb3-368faaff401a', 'fb19b81e-1874-4451-8193-9429d637efc8', '28bd1311-4b1c-4155-961b-0667b0d55c96', 'Hassan Ali Shalan', NULL, 'Owner', 0, '2025-10-15', '2025-10-15 04:04:14.890522+00', '2025-10-16 05:56:46.902+00', NULL, NULL, true, NULL, true, NULL),
	('35c98e1c-30e3-4fb1-8797-0736b32e0772', '7a7643d1-15c5-4750-8f21-dcec5179f82d', NULL, 'Ayoob Ghassan Mohamed', 'https://zcwfreuywtlrrgevhtmo.supabase.co/storage/v1/object/public/avatars/3f9a5abf-a9c8-46de-ad7f-0466a8c1e054/profile-1760714470479.png', 'Member', 0, '2025-10-17', '2025-10-17 20:55:45.613827+00', '2025-10-17 20:55:45.613827+00', 'b58cb0ed-c095-4b58-9bc6-a40fce9f4001', NULL, true, NULL, false, NULL),
	('783970b1-629f-4aad-a43d-5e9f01095ae3', 'bbcc719f-7fd5-41b6-b2c0-3834a4e94018', '6efe5161-8bd0-4088-b2d2-beb995b6a0f1', 'Sulaiman', NULL, 'Instructor', 0, '2025-10-18', '2025-10-18 03:04:10.974561+00', '2025-10-18 03:04:10.974561+00', NULL, NULL, true, NULL, true, NULL),
	('63a62e9c-37b9-40d4-9da4-40550f7d1121', 'fb19b81e-1874-4451-8193-9429d637efc8', '4092bc21-4832-467f-841a-2b3a9b969029', 'Fahad', 'https://zcwfreuywtlrrgevhtmo.supabase.co/storage/v1/object/public/avatars/3f9a5abf-a9c8-46de-ad7f-0466a8c1e054/instructor-fb19b81e-1874-4451-8193-9429d637efc8-1760564153268.jpg', 'Instructor', 0, '2025-10-15', '2025-10-15 21:36:56.472585+00', '2025-10-19 01:09:55.039+00', NULL, NULL, true, NULL, true, NULL),
	('4b9a8e69-8bda-4de9-8d80-8bf80db0c93f', '7a7643d1-15c5-4750-8f21-dcec5179f82d', NULL, 'Mohamed Ghassan Mohammed', 'https://zcwfreuywtlrrgevhtmo.supabase.co/storage/v1/object/public/avatars/3f9a5abf-a9c8-46de-ad7f-0466a8c1e054/child-1760758196623.png', 'Beginner', 0, '2025-10-26', '2025-10-26 07:04:06.46795+00', '2025-10-26 07:04:06.46795+00', 'c9f30e02-887a-4f28-b93f-105bdcac6ea9', NULL, true, NULL, false, 'https://zcwfreuywtlrrgevhtmo.supabase.co/storage/v1/object/public/avatars/3f9a5abf-a9c8-46de-ad7f-0466a8c1e054/payment-7a7643d1-15c5-4750-8f21-dcec5179f82d-1761462239422.jpg'),
	('b9ce2527-33bf-4017-95a0-bf81bc152984', 'bbcc719f-7fd5-41b6-b2c0-3834a4e94018', NULL, 'Ayoob Ghassan Mohamed', 'https://zcwfreuywtlrrgevhtmo.supabase.co/storage/v1/object/public/avatars/3f9a5abf-a9c8-46de-ad7f-0466a8c1e054/profile-1760714470479.png', 'Member', 0, '2025-10-26', '2025-10-26 14:35:21.633506+00', '2025-10-26 14:35:21.633506+00', 'b58cb0ed-c095-4b58-9bc6-a40fce9f4001', NULL, true, NULL, false, NULL),
	('a627d0ea-c684-4293-936c-16d5932e4541', 'bbcc719f-7fd5-41b6-b2c0-3834a4e94018', NULL, 'Mohamed Ghassan Mohammed', 'https://zcwfreuywtlrrgevhtmo.supabase.co/storage/v1/object/public/avatars/3f9a5abf-a9c8-46de-ad7f-0466a8c1e054/child-1760758196623.png', 'Member', 0, '2025-10-26', '2025-10-26 14:35:21.633506+00', '2025-10-26 14:35:21.633506+00', 'c9f30e02-887a-4f28-b93f-105bdcac6ea9', NULL, true, NULL, false, NULL),
	('1d26acbb-f15b-4d6d-aee3-a11211ad9c6d', 'bbcc719f-7fd5-41b6-b2c0-3834a4e94018', NULL, 'Zahra Ghassan Mohamed', 'https://zcwfreuywtlrrgevhtmo.supabase.co/storage/v1/object/public/avatars/3f9a5abf-a9c8-46de-ad7f-0466a8c1e054/child-1760758334390.jpg', 'Member', 0, '2025-10-26', '2025-10-26 14:35:21.633506+00', '2025-10-26 14:35:21.633506+00', 'cb4748a6-0523-484a-a3ee-7be6d2a9a395', NULL, true, NULL, false, NULL),
	('446bda63-12b3-48f2-a4bb-a4dcd3080946', 'd42a4d50-4998-43b4-999f-ebb3b9bca880', '621e3afd-2f52-4a86-a419-9d70be632530', 'yousiftest@ccn.com', NULL, 'Instructor', 0, '2025-11-03', '2025-11-03 11:12:24.296601+00', '2025-11-03 11:12:24.296601+00', NULL, NULL, true, NULL, true, NULL),
	('98bd9832-cb6b-4f25-9c4c-2c5a6d647d69', '7a7643d1-15c5-4750-8f21-dcec5179f82d', NULL, 'ahmed yousif ', NULL, 'Beginner', 0, '2025-11-04', '2025-11-04 16:59:31.1248+00', '2025-11-04 16:59:31.1248+00', 'bc4f51fd-d89e-4dfd-af6e-abb1cef12217', NULL, true, NULL, false, ''),
	('e96cecd0-04af-42dd-96d2-b83ae230c9c6', '7a7643d1-15c5-4750-8f21-dcec5179f82d', '621e3afd-2f52-4a86-a419-9d70be632530', 'yousiftest@ccn.com', 'http://127.0.0.1:54321/storage/v1/object/public/avatars/621e3afd-2f52-4a86-a419-9d70be632530/avatar-1762193033243.jpg', 'Member', 0, '2025-11-04', '2025-11-04 18:06:20.627968+00', '2025-11-04 18:06:20.627968+00', NULL, NULL, true, NULL, false, NULL),
	('3498249d-1454-4652-99a5-70c94a70496b', 'bbcc719f-7fd5-41b6-b2c0-3834a4e94018', NULL, 'ahmed yousif ', NULL, 'Beginner', 0, '2025-11-06', '2025-11-06 09:18:46.436101+00', '2025-11-06 09:18:46.436101+00', 'bc4f51fd-d89e-4dfd-af6e-abb1cef12217', NULL, true, NULL, false, ''),
	('cc909ccd-cd1c-408d-9f66-bbc5fe724209', 'bbcc719f-7fd5-41b6-b2c0-3834a4e94018', 'ef208d03-62dd-4a96-83ce-17831b298a52', 'Youisf05Testing', NULL, 'Beginner', 0, '2025-11-16', '2025-11-16 08:45:42.565983+00', '2025-11-16 08:45:42.565983+00', NULL, NULL, true, NULL, false, NULL);


--
-- Data for Name: club_instructors; Type: TABLE DATA; Schema: public; Owner: postgres
--

INSERT INTO "public"."club_instructors" ("id", "club_id", "name", "specialty", "rating", "experience", "bio", "image_url", "created_at", "updated_at", "achievements", "certifications", "credentials", "specialty_tags", "link_tree", "member_id", "club_rating", "offers_personal_training") VALUES
	('3acb6516-0e33-4c5e-85ca-93ae89384d94', '7a7643d1-15c5-4750-8f21-dcec5179f82d', 'Manar Al Rayes', 'TaeKwonDo Instructor, International Referee', 4.5, '15', NULL, 'https://zcwfreuywtlrrgevhtmo.supabase.co/storage/v1/object/public/avatars/3f9a5abf-a9c8-46de-ad7f-0466a8c1e054/profile-1760586475557.jpg', '2025-10-16 05:26:34.611505+00', '2025-10-16 05:26:34.611505+00', NULL, NULL, NULL, '{taekwondo,judo}', '{}', '8138a6e4-aea3-47e1-91b3-1dfaf8632bdf', NULL, false),
	('5aba852c-2af9-4912-ae14-3dde451b26eb', 'fb19b81e-1874-4451-8193-9429d637efc8', 'Fahad Aayed Alanzi', 'TaeKwonDo Instructor', 4.5, '10', NULL, 'https://zcwfreuywtlrrgevhtmo.supabase.co/storage/v1/object/public/avatars/3f9a5abf-a9c8-46de-ad7f-0466a8c1e054/instructor-fb19b81e-1874-4451-8193-9429d637efc8-1760564153268.jpg', '2025-10-19 01:09:56.235784+00', '2025-10-19 01:09:56.235784+00', NULL, NULL, NULL, '{taekwondo}', '{}', '63a62e9c-37b9-40d4-9da4-40550f7d1121', NULL, false),
	('31735e81-f023-4543-999a-c91a09f6add5', 'bbcc719f-7fd5-41b6-b2c0-3834a4e94018', 'Sami Al Manea', 'TaeKwonDo Instructor', 4.5, '25', NULL, 'https://zcwfreuywtlrrgevhtmo.supabase.co/storage/v1/object/public/avatars/3f9a5abf-a9c8-46de-ad7f-0466a8c1e054/profile-1760528371681.jpg', '2025-10-16 04:28:29.139461+00', '2025-10-16 04:28:29.139461+00', NULL, NULL, NULL, '{taekwondo,fitness}', '{}', '805fa4e4-0f6a-420f-89be-c3adbbc5a2a8', NULL, false),
	('cd9a2bc6-121a-4fa1-b7f4-9b041242a8e6', '7a7643d1-15c5-4750-8f21-dcec5179f82d', 'Ahmed', 'Men TaeKwonDo Instructor', 4.5, '8', NULL, 'https://zcwfreuywtlrrgevhtmo.supabase.co/storage/v1/object/public/avatars/3f9a5abf-a9c8-46de-ad7f-0466a8c1e054/profile-1760586524468.jpg', '2025-10-16 04:39:04.309343+00', '2025-10-16 04:39:04.309343+00', NULL, NULL, NULL, '{taekwondo}', '{}', 'e5858643-24ad-468e-bb75-ae74eaa2a518', NULL, false),
	('592530b9-c014-4146-a635-accae64e5d5a', 'fb19b81e-1874-4451-8193-9429d637efc8', 'Hassan Ali Shalan', 'TaeKwonDo Instructor', 4.5, '20', NULL, 'https://zcwfreuywtlrrgevhtmo.supabase.co/storage/v1/object/public/avatars/3f9a5abf-a9c8-46de-ad7f-0466a8c1e054/profile-1760502805477.jpg', '2025-10-16 05:56:48.141424+00', '2025-10-16 05:56:48.141424+00', NULL, NULL, NULL, '{taekwondo}', '{}', '374f2fab-e687-408c-beb3-368faaff401a', NULL, false),
	('0f4b8a8b-4231-4ead-9753-c85ce320ddb6', 'bbcc719f-7fd5-41b6-b2c0-3834a4e94018', 'Sulaiman', 'TaeKwonDo Instructor', 4.5, '8', NULL, 'https://zcwfreuywtlrrgevhtmo.supabase.co/storage/v1/object/public/avatars/3f9a5abf-a9c8-46de-ad7f-0466a8c1e054/instructor-bbcc719f-7fd5-41b6-b2c0-3834a4e94018-1760759255222.jpg', '2025-10-18 03:04:12.036919+00', '2025-10-18 03:47:42.681936+00', NULL, NULL, NULL, '{taekwondo}', '{}', '783970b1-629f-4aad-a43d-5e9f01095ae3', NULL, false),
	('bf4b5471-c006-4392-9f5c-2a1dfe2686b6', '7a7643d1-15c5-4750-8f21-dcec5179f82d', 'Ghaida', 'Ladies TaeKwonDo Instructor', 4.5, '10', NULL, 'https://zcwfreuywtlrrgevhtmo.supabase.co/storage/v1/object/public/avatars/3f9a5abf-a9c8-46de-ad7f-0466a8c1e054/profile-1760586179874.jpg', '2025-10-16 04:37:38.234663+00', '2025-10-16 04:37:38.234663+00', NULL, NULL, NULL, '{taekwondo}', '{}', '1ce1d09d-49fd-4b7d-80ab-c99b0a901040', NULL, false),
	('ba15b49a-af03-4b4b-b6e1-68cd16583430', 'd42a4d50-4998-43b4-999f-ebb3b9bca880', 'yousiftest@ccn.com', 'martial arts', 4.5, '2', 'martial Arts been dream since i was born', NULL, '2025-11-03 11:12:24.334087+00', '2025-11-03 11:12:24.334087+00', '2010 Golden madal', 'Black belt', NULL, '{TaekWondo,"Muay Thai"}', '[]', '446bda63-12b3-48f2-a4bb-a4dcd3080946', NULL, false);


--
-- Data for Name: club_classes; Type: TABLE DATA; Schema: public; Owner: postgres
--



--
-- Data for Name: club_community_posts; Type: TABLE DATA; Schema: public; Owner: postgres
--



--
-- Data for Name: club_packages; Type: TABLE DATA; Schema: public; Owner: postgres
--

INSERT INTO "public"."club_packages" ("id", "club_id", "name", "price", "duration_months", "is_popular", "created_at", "updated_at", "popularity", "activity_type", "age_min", "age_max", "gender_restriction", "picture_url", "duration_type", "session_count", "discount_code", "discount_percentage", "start_date", "end_date", "booking_enabled", "max_bookings", "description", "requires_prebooking") VALUES
	('1e5d4692-6eea-47de-a351-8ef2b440875e', '7a7643d1-15c5-4750-8f21-dcec5179f82d', 'Teenager +', 30.00, 1, false, '2025-10-17 20:10:02.247821+00', '2025-11-16 00:00:00.071042+00', 33, 'single', 9, 12, 'mixed', NULL, 'duration', NULL, NULL, 0, NULL, NULL, true, NULL, NULL, false),
	('537d775e-a067-4683-8404-d68fcb57ebf9', '7a7643d1-15c5-4750-8f21-dcec5179f82d', 'Kids', 30.00, 1, false, '2025-10-17 19:47:06.01847+00', '2025-11-16 00:00:00.071042+00', 33, 'single', 4, 6, 'mixed', NULL, 'duration', NULL, NULL, 0, NULL, NULL, true, NULL, NULL, false),
	('ff88d577-fb97-4095-bf94-93b02e090013', 'fb19b81e-1874-4451-8193-9429d637efc8', 'Kids', 30.00, 1, false, '2025-10-15 21:29:52.321336+00', '2025-11-16 00:00:00.071042+00', 0, 'single', 4, 6, 'mixed', NULL, 'duration', NULL, NULL, 0, NULL, NULL, true, NULL, NULL, false),
	('83a29f3a-cac5-4404-8750-847a11495010', 'fb19b81e-1874-4451-8193-9429d637efc8', 'Kids+ Group B', 30.00, 1, false, '2025-10-15 21:31:42.336497+00', '2025-11-16 00:00:00.071042+00', 0, 'single', 7, 12, 'mixed', NULL, 'duration', NULL, NULL, 0, NULL, NULL, true, NULL, NULL, false),
	('acb684fd-2896-4910-8d70-d5cdce575be7', 'fb19b81e-1874-4451-8193-9429d637efc8', 'Kids+ Group A', 30.00, 1, false, '2025-10-15 21:30:43.161335+00', '2025-11-16 00:00:00.071042+00', 0, 'single', 7, 12, 'mixed', NULL, 'duration', NULL, NULL, 0, NULL, NULL, true, NULL, NULL, false),
	('af9af30b-c9fd-491b-8e95-35a1f13a88e0', 'fb19b81e-1874-4451-8193-9429d637efc8', 'Teenagers', 30.00, 1, false, '2025-10-15 21:32:59.246056+00', '2025-11-16 00:00:00.071042+00', 0, 'single', 9, NULL, 'mixed', NULL, 'duration', NULL, NULL, 0, NULL, NULL, true, NULL, NULL, false),
	('6cc31494-f8f3-41de-aa09-7ad8849868ab', 'bbcc719f-7fd5-41b6-b2c0-3834a4e94018', 'Juniors (S.T.T) Group B', 35.00, 1, false, '2025-10-15 20:42:50.09757+00', '2025-11-16 09:01:21.090404+00', 0, 'single', 11, 13, 'mixed', 'https://zcwfreuywtlrrgevhtmo.supabase.co/storage/v1/object/public/avatars/3f9a5abf-a9c8-46de-ad7f-0466a8c1e054/1760759003755-1760759026625.jpg', 'duration', NULL, NULL, 0, NULL, NULL, true, NULL, NULL, false),
	('cd1b7b06-5cb1-4f32-a28c-1b461c7177cd', 'bbcc719f-7fd5-41b6-b2c0-3834a4e94018', 'Kids + (S.M.W) Group B', 35.00, 1, false, '2025-10-15 20:28:50.799465+00', '2025-11-16 09:01:21.090404+00', 50, 'single', 7, 10, 'mixed', 'https://zcwfreuywtlrrgevhtmo.supabase.co/storage/v1/object/public/avatars/3f9a5abf-a9c8-46de-ad7f-0466a8c1e054/1760759615273-1760759625905.jpg', 'duration', NULL, NULL, 0, NULL, NULL, true, NULL, NULL, false),
	('15ff2ba3-5455-423a-a813-2d4a3575c803', 'bbcc719f-7fd5-41b6-b2c0-3834a4e94018', 'Kids + (S.T.T) Group B', 35.00, 1, false, '2025-10-15 20:40:06.456039+00', '2025-11-16 09:01:21.090404+00', 25, 'single', 7, 10, 'mixed', 'https://zcwfreuywtlrrgevhtmo.supabase.co/storage/v1/object/public/avatars/3f9a5abf-a9c8-46de-ad7f-0466a8c1e054/1760759726882-1760759744953.jpg', 'duration', NULL, NULL, 0, NULL, NULL, true, NULL, NULL, false),
	('4eb0796f-8c81-49da-ad52-a6820915fc92', 'bbcc719f-7fd5-41b6-b2c0-3834a4e94018', 'Ladies (S.T.T) Group A', 35.00, 1, false, '2025-10-15 20:45:38.84089+00', '2025-11-16 09:01:21.090404+00', 0, 'single', 11, NULL, 'female', 'https://zcwfreuywtlrrgevhtmo.supabase.co/storage/v1/object/public/avatars/3f9a5abf-a9c8-46de-ad7f-0466a8c1e054/1760758625570-1760758648722.jpg', 'duration', NULL, NULL, 0, NULL, NULL, true, NULL, NULL, false),
	('6858ac77-8e42-4335-9304-8f65a4d02144', 'bbcc719f-7fd5-41b6-b2c0-3834a4e94018', 'Ladies (S.T.T) Group B', 35.00, 1, false, '2025-10-15 20:46:12.014316+00', '2025-11-16 09:01:21.090404+00', 0, 'single', NULL, NULL, 'female', 'https://zcwfreuywtlrrgevhtmo.supabase.co/storage/v1/object/public/avatars/3f9a5abf-a9c8-46de-ad7f-0466a8c1e054/1760758699586-1760758721755.jpg', 'duration', NULL, NULL, 0, NULL, NULL, true, NULL, NULL, false),
	('b2d65d14-110e-44eb-b1c7-41b3932531e1', '7a7643d1-15c5-4750-8f21-dcec5179f82d', 'Kids+ CLASS B', 30.00, 1, false, '2025-10-17 20:08:17.106604+00', '2025-11-16 00:00:00.071042+00', 67, 'single', 7, 12, 'mixed', NULL, 'duration', NULL, NULL, 0, NULL, NULL, true, NULL, NULL, false),
	('56665c17-7819-4dc7-9c77-db50fe9325e9', '7a7643d1-15c5-4750-8f21-dcec5179f82d', 'Kids+ CLASS A', 30.00, 1, false, '2025-10-17 20:06:13.614653+00', '2025-11-16 00:00:00.071042+00', 33, 'single', 7, 12, 'mixed', NULL, 'duration', NULL, NULL, 0, NULL, NULL, true, NULL, NULL, false),
	('cedf7781-6296-4958-86e3-051b1f90eacc', 'bbcc719f-7fd5-41b6-b2c0-3834a4e94018', 'Kids (S.M.W) Group A', 35.00, 1, false, '2025-10-15 20:19:58.563145+00', '2025-11-16 09:01:21.090404+00', 25, 'single', 5, 6, 'mixed', 'https://zcwfreuywtlrrgevhtmo.supabase.co/storage/v1/object/public/avatars/3f9a5abf-a9c8-46de-ad7f-0466a8c1e054/1760758878940-1760758898196.jpg', 'duration', NULL, NULL, 0, NULL, NULL, true, NULL, NULL, false),
	('70640995-dd65-4d9b-8938-6eee5e370667', 'bbcc719f-7fd5-41b6-b2c0-3834a4e94018', 'Juniors & Fighters (S.M.W) Group A', 35.00, 1, false, '2025-10-15 20:30:16.861667+00', '2025-11-16 09:01:21.090404+00', 0, 'single', 7, 14, 'mixed', 'https://zcwfreuywtlrrgevhtmo.supabase.co/storage/v1/object/public/avatars/3f9a5abf-a9c8-46de-ad7f-0466a8c1e054/1760758922444-1760758946883.jpg', 'duration', NULL, NULL, 0, NULL, NULL, true, NULL, NULL, false),
	('86b3de2b-db80-4dcb-9399-444cf6901105', 'bbcc719f-7fd5-41b6-b2c0-3834a4e94018', 'Kids (S.T.T) Group A', 35.00, 1, false, '2025-10-15 20:39:08.758255+00', '2025-11-16 09:01:21.090404+00', 25, 'single', 3, 5, 'mixed', 'https://zcwfreuywtlrrgevhtmo.supabase.co/storage/v1/object/public/avatars/3f9a5abf-a9c8-46de-ad7f-0466a8c1e054/1760759086525-1760759104005.jpg', 'duration', NULL, NULL, 0, NULL, NULL, true, NULL, NULL, false),
	('27089697-a56b-4c29-8689-7a8882dd99e0', 'bbcc719f-7fd5-41b6-b2c0-3834a4e94018', 'Men & Youth (S.M.W) Group A', 35.00, 1, false, '2025-10-15 20:32:27.277455+00', '2025-11-16 09:01:21.090404+00', 25, 'single', 14, NULL, 'mixed', 'https://zcwfreuywtlrrgevhtmo.supabase.co/storage/v1/object/public/avatars/3f9a5abf-a9c8-46de-ad7f-0466a8c1e054/1760758793819-1760758822280.jpg', 'duration', NULL, NULL, 0, NULL, NULL, true, NULL, NULL, false);


--
-- Data for Name: club_partners; Type: TABLE DATA; Schema: public; Owner: postgres
--



--
-- Data for Name: club_pictures; Type: TABLE DATA; Schema: public; Owner: postgres
--

INSERT INTO "public"."club_pictures" ("id", "club_id", "image_url", "display_order", "created_at", "description") VALUES
	('42a9255e-17bd-46b9-80ab-630a111dd3e7', 'bbcc719f-7fd5-41b6-b2c0-3834a4e94018', 'https://zcwfreuywtlrrgevhtmo.supabase.co/storage/v1/object/public/avatars/3f9a5abf-a9c8-46de-ad7f-0466a8c1e054/club-bbcc719f-7fd5-41b6-b2c0-3834a4e94018-gallery-1760556288190.jpg', 6, '2025-10-15 19:24:50.122636+00', NULL),
	('c8119084-b055-4a02-b1a8-9228a344b90b', 'bbcc719f-7fd5-41b6-b2c0-3834a4e94018', 'https://zcwfreuywtlrrgevhtmo.supabase.co/storage/v1/object/public/avatars/3f9a5abf-a9c8-46de-ad7f-0466a8c1e054/club-bbcc719f-7fd5-41b6-b2c0-3834a4e94018-gallery-1760556106860.jpg', 2, '2025-10-15 19:21:49.111834+00', NULL),
	('41f52c59-1b13-4367-ad7e-e17c6add13f8', 'bbcc719f-7fd5-41b6-b2c0-3834a4e94018', 'https://zcwfreuywtlrrgevhtmo.supabase.co/storage/v1/object/public/avatars/3f9a5abf-a9c8-46de-ad7f-0466a8c1e054/club-bbcc719f-7fd5-41b6-b2c0-3834a4e94018-gallery-1760556154712.jpg', 3, '2025-10-15 19:22:36.603293+00', NULL),
	('cab78a71-be0a-4266-899e-3710aeaeda3e', 'bbcc719f-7fd5-41b6-b2c0-3834a4e94018', 'https://zcwfreuywtlrrgevhtmo.supabase.co/storage/v1/object/public/avatars/3f9a5abf-a9c8-46de-ad7f-0466a8c1e054/club-bbcc719f-7fd5-41b6-b2c0-3834a4e94018-gallery-1760556254387.jpg', 5, '2025-10-15 19:24:16.601518+00', NULL);


--
-- Data for Name: club_products; Type: TABLE DATA; Schema: public; Owner: postgres
--



--
-- Data for Name: club_reviews; Type: TABLE DATA; Schema: public; Owner: postgres
--



--
-- Data for Name: club_statistics; Type: TABLE DATA; Schema: public; Owner: postgres
--



--
-- Data for Name: conversations; Type: TABLE DATA; Schema: public; Owner: postgres
--



--
-- Data for Name: facility_operating_hours; Type: TABLE DATA; Schema: public; Owner: postgres
--

INSERT INTO "public"."facility_operating_hours" ("id", "club_facility_id", "day_of_week", "start_time", "end_time", "created_at") VALUES
	('35d28b95-95e3-4694-a82d-cc61eb5f7f58', '095e0b27-d269-413f-a057-5c3b227643fd', 'Saturday', '16:00:00', '22:00:00', '2025-10-15 18:31:12.430126+00'),
	('103660aa-733e-4172-a24f-ad750d506e32', '095e0b27-d269-413f-a057-5c3b227643fd', 'Sunday', '16:00:00', '22:00:00', '2025-10-15 18:31:12.430126+00'),
	('4829ff2a-831b-4362-a8b4-61b4f8d115be', '095e0b27-d269-413f-a057-5c3b227643fd', 'Monday', '16:00:00', '22:00:00', '2025-10-15 18:31:12.430126+00'),
	('70e58913-e216-4080-8cd4-dabd6f72fe14', '095e0b27-d269-413f-a057-5c3b227643fd', 'Tuesday', '16:00:00', '22:00:00', '2025-10-15 18:31:12.430126+00'),
	('a7a0a800-b9b3-4e14-9d46-a04820d5f319', '095e0b27-d269-413f-a057-5c3b227643fd', 'Wednesday', '16:00:00', '22:00:00', '2025-10-15 18:31:12.430126+00'),
	('f412df44-8bb0-4739-bc90-9751cd12fd3f', '095e0b27-d269-413f-a057-5c3b227643fd', 'Thursday', '16:00:00', '22:00:00', '2025-10-15 18:31:12.430126+00'),
	('128da3f7-c7f4-4d18-b7de-ee4bead3b5db', 'f367e4cd-d41e-49a7-ba0e-317337f34952', 'Saturday', '16:30:00', '19:30:00', '2025-10-15 19:06:41.390703+00'),
	('5019d121-79fe-4a69-97f7-6103f9e9529a', 'f367e4cd-d41e-49a7-ba0e-317337f34952', 'Sunday', '16:30:00', '19:30:00', '2025-10-15 19:06:41.390703+00'),
	('65fdbc33-c3f0-475f-8011-92b5375b1df4', 'f367e4cd-d41e-49a7-ba0e-317337f34952', 'Monday', '16:30:00', '19:30:00', '2025-10-15 19:06:41.390703+00'),
	('0f3991da-a992-45d7-a3be-56803e675790', 'f367e4cd-d41e-49a7-ba0e-317337f34952', 'Tuesday', '16:30:00', '19:30:00', '2025-10-15 19:06:41.390703+00'),
	('184e0bf3-c129-4870-b557-6e199b7b4e7b', 'f367e4cd-d41e-49a7-ba0e-317337f34952', 'Wednesday', '16:30:00', '19:30:00', '2025-10-15 19:06:41.390703+00'),
	('62eb4df1-3de9-4b2e-bb9d-b7a67c881dce', 'f367e4cd-d41e-49a7-ba0e-317337f34952', 'Thursday', '16:30:00', '19:30:00', '2025-10-15 19:06:41.390703+00'),
	('bc7d9afb-0246-4a10-93e9-463eee60a3ca', '842d7a64-a4a8-43ae-8eef-7359a604960d', 'Saturday', '16:30:00', '19:30:00', '2025-10-17 19:38:49.467837+00'),
	('d0ac9f31-edd1-4c6b-ba0d-cd008d490519', '842d7a64-a4a8-43ae-8eef-7359a604960d', 'Sunday', '16:30:00', '19:30:00', '2025-10-17 19:38:49.467837+00'),
	('4310218d-92d9-4a5c-8518-a1a6d3c92983', '842d7a64-a4a8-43ae-8eef-7359a604960d', 'Monday', '16:30:00', '19:30:00', '2025-10-17 19:38:49.467837+00'),
	('c0693019-a054-4555-8614-91332b2be955', '842d7a64-a4a8-43ae-8eef-7359a604960d', 'Tuesday', '16:30:00', '19:30:00', '2025-10-17 19:38:49.467837+00'),
	('a3e2472a-a68d-404a-9818-22195a488fae', '842d7a64-a4a8-43ae-8eef-7359a604960d', 'Wednesday', '16:30:00', '19:30:00', '2025-10-17 19:38:49.467837+00'),
	('8adde875-4167-49b5-bdd5-bfd2db9a593f', '842d7a64-a4a8-43ae-8eef-7359a604960d', 'Thursday', '16:30:00', '19:30:00', '2025-10-17 19:38:49.467837+00'),
	('84a80557-e6fd-4e5d-9e67-02c320e2f2e3', '2de3f340-590d-45ee-b510-a302deca67fa', 'Sunday', '08:00:00', '22:00:00', '2025-11-03 11:05:40.61131+00'),
	('67799e85-2515-4d3d-a68c-9e498e81d229', '2de3f340-590d-45ee-b510-a302deca67fa', 'Monday', '08:00:00', '22:00:00', '2025-11-03 11:05:40.61131+00'),
	('6ab79b5f-d1e7-41ec-833d-b6e350e504a2', '2de3f340-590d-45ee-b510-a302deca67fa', 'Tuesday', '08:00:00', '22:00:00', '2025-11-03 11:05:40.61131+00'),
	('ac5e1097-2236-4180-9e36-aaa6bf774261', '2de3f340-590d-45ee-b510-a302deca67fa', 'Wednesday', '08:00:00', '22:00:00', '2025-11-03 11:05:40.61131+00'),
	('95ee51a5-a7df-4c3d-a983-20bf2c8ace2e', '2de3f340-590d-45ee-b510-a302deca67fa', 'Thursday', '08:00:00', '22:00:00', '2025-11-03 11:05:40.61131+00');


--
-- Data for Name: facility_pictures; Type: TABLE DATA; Schema: public; Owner: postgres
--

INSERT INTO "public"."facility_pictures" ("id", "club_facility_id", "image_url", "display_order", "created_at") VALUES
	('26c2bfaf-7d4e-434f-b17d-fa61c5f58a40', '095e0b27-d269-413f-a057-5c3b227643fd', 'https://zcwfreuywtlrrgevhtmo.supabase.co/storage/v1/object/public/avatars/3f9a5abf-a9c8-46de-ad7f-0466a8c1e054/club-bbcc719f-7fd5-41b6-b2c0-3834a4e94018-facility-new-picture-1760553038712-1760553063159.jpg', 0, '2025-10-15 18:31:12.631169+00'),
	('baa48a00-a781-4f04-9316-af8a15165835', 'f367e4cd-d41e-49a7-ba0e-317337f34952', 'https://zcwfreuywtlrrgevhtmo.supabase.co/storage/v1/object/public/avatars/3f9a5abf-a9c8-46de-ad7f-0466a8c1e054/club-fb19b81e-1874-4451-8193-9429d637efc8-facility-new-picture-1760554986704-1760555005424.jpg', 0, '2025-10-15 19:06:41.59404+00');


--
-- Data for Name: facility_rentable_times; Type: TABLE DATA; Schema: public; Owner: postgres
--



--
-- Data for Name: instructor_certifications; Type: TABLE DATA; Schema: public; Owner: postgres
--



--
-- Data for Name: instructor_reviews; Type: TABLE DATA; Schema: public; Owner: postgres
--



--
-- Data for Name: membership_history; Type: TABLE DATA; Schema: public; Owner: postgres
--

INSERT INTO "public"."membership_history" ("id", "user_id", "child_id", "club_id", "member_name", "joined_date", "left_date", "duration_days", "leave_reason", "created_at") VALUES
	('4202cf07-f8b6-4c58-b4d5-9f7528e12b29', '3f9a5abf-a9c8-46de-ad7f-0466a8c1e054', NULL, 'fb19b81e-1874-4451-8193-9429d637efc8', 'Ghassan Mohamed Yusuf', '2025-10-15', '2025-10-15', 0, 'Instructor position ended', '2025-10-15 05:00:31.328171+00'),
	('09a140e4-44b5-4277-b3ee-686efaceeb56', '3f9a5abf-a9c8-46de-ad7f-0466a8c1e054', NULL, 'fb19b81e-1874-4451-8193-9429d637efc8', 'Ghassan Mohamed Yusuf', '2025-10-15', '2025-10-15', 0, 'found better oppertunity', '2025-10-15 05:20:12.09636+00');


--
-- Data for Name: member_acquired_skills; Type: TABLE DATA; Schema: public; Owner: postgres
--



--
-- Data for Name: membership_requests; Type: TABLE DATA; Schema: public; Owner: postgres
--



--
-- Data for Name: messages; Type: TABLE DATA; Schema: public; Owner: postgres
--



--
-- Data for Name: notifications; Type: TABLE DATA; Schema: public; Owner: postgres
--



--
-- Data for Name: package_activities; Type: TABLE DATA; Schema: public; Owner: postgres
--

INSERT INTO "public"."package_activities" ("id", "package_id", "class_id", "created_at", "activity_id", "instructor_id") VALUES
	('ff5ab9d2-766f-45bd-a4fa-cd7778ccbce1', '6858ac77-8e42-4335-9304-8f65a4d02144', NULL, '2025-10-18 03:38:49.067045+00', 'd9bb5f9d-1f5b-4665-a330-0e9ff5455842', '31735e81-f023-4543-999a-c91a09f6add5'),
	('79b08695-c037-4bc9-a345-148a57539d75', 'cedf7781-6296-4958-86e3-051b1f90eacc', NULL, '2025-10-18 03:41:45.14433+00', '2d72f34f-27ad-49af-a9e7-9e5fac8c5cce', '0f4b8a8b-4231-4ead-9753-c85ce320ddb6'),
	('36cf9fad-7cc4-44f3-958f-d08b26813156', 'cd1b7b06-5cb1-4f32-a28c-1b461c7177cd', NULL, '2025-10-18 03:53:52.873014+00', '0576d84c-ea0e-4082-8a52-112a86d1b7fe', '0f4b8a8b-4231-4ead-9753-c85ce320ddb6'),
	('6bf7d7c6-84cb-45bf-a767-5315e79c65ee', '537d775e-a067-4683-8404-d68fcb57ebf9', NULL, '2025-10-18 11:55:25.43246+00', '7c86302d-4b0d-46ad-a6a0-3acd45a4d025', '3acb6516-0e33-4c5e-85ca-93ae89384d94'),
	('49fc81ab-e495-4e03-ba0c-dccef6211108', 'b2d65d14-110e-44eb-b1c7-41b3932531e1', NULL, '2025-10-18 11:56:09.293285+00', '16512cae-942a-427d-9d34-09f618141183', '3acb6516-0e33-4c5e-85ca-93ae89384d94'),
	('46bd5a79-cf1e-4498-a5e8-6cc8c9e6baf8', '4eb0796f-8c81-49da-ad52-a6820915fc92', NULL, '2025-10-18 03:37:37.988628+00', '35c36113-7081-4127-ad92-44a9378fc94a', '31735e81-f023-4543-999a-c91a09f6add5'),
	('f1f9bf5b-6419-46cf-9961-f01d6353a1fd', '27089697-a56b-4c29-8689-7a8882dd99e0', NULL, '2025-10-18 03:40:33.261333+00', 'd9bb5f9d-1f5b-4665-a330-0e9ff5455842', '31735e81-f023-4543-999a-c91a09f6add5'),
	('c8ed802c-76ac-4e09-a328-8327b07f2da8', '70640995-dd65-4d9b-8938-6eee5e370667', NULL, '2025-10-18 03:42:34.322713+00', 'e30baffd-ed4d-4c96-887d-d87473c7c0a5', '31735e81-f023-4543-999a-c91a09f6add5'),
	('abd6923b-c973-48c5-a724-ea229cd366eb', '86b3de2b-db80-4dcb-9399-444cf6901105', NULL, '2025-10-18 03:45:10.404929+00', '335a50f9-3760-476d-82bb-416dd008ae54', '0f4b8a8b-4231-4ead-9753-c85ce320ddb6'),
	('4a833122-33de-40fc-ba3a-80551dc39a1b', '15ff2ba3-5455-423a-a813-2d4a3575c803', NULL, '2025-10-18 03:55:51.581488+00', 'c867435b-24c5-4529-9bc2-8fa9928ac1bb', '0f4b8a8b-4231-4ead-9753-c85ce320ddb6'),
	('94b4b833-86c0-4892-a615-0316849a601f', '56665c17-7819-4dc7-9c77-db50fe9325e9', NULL, '2025-10-18 11:55:49.821541+00', 'b9eccf70-cc83-4124-9468-20d7646443c9', '3acb6516-0e33-4c5e-85ca-93ae89384d94'),
	('1496678b-0466-4de3-b2b5-defa8fc78a4a', '1e5d4692-6eea-47de-a351-8ef2b440875e', NULL, '2025-10-18 11:56:33.81907+00', '4541b920-6b36-4459-b7cb-c3f714e1d3ec', '3acb6516-0e33-4c5e-85ca-93ae89384d94'),
	('8cc239df-fbb5-4032-aa82-8d2170df8d10', '6cc31494-f8f3-41de-aa09-7ad8849868ab', NULL, '2025-11-03 17:43:31.126397+00', '56204342-7612-490a-ab90-870e2175d5f3', '0f4b8a8b-4231-4ead-9753-c85ce320ddb6'),
	('7648d173-2604-4131-b7e2-12c47da3de56', '6cc31494-f8f3-41de-aa09-7ad8849868ab', NULL, '2025-11-03 17:43:31.126397+00', '56204342-7612-490a-ab90-870e2175d5f3', '31735e81-f023-4543-999a-c91a09f6add5');


--
-- Data for Name: package_price_history; Type: TABLE DATA; Schema: public; Owner: postgres
--



--
-- Data for Name: package_enrollments; Type: TABLE DATA; Schema: public; Owner: postgres
--

INSERT INTO "public"."package_enrollments" ("id", "package_id", "member_id", "enrolled_at", "is_active", "created_at", "updated_at", "package_price_version_id", "enrollment_transaction_id", "package_transaction_id") VALUES
	('6edd3ff4-60d6-4b18-969f-4e6a841d2604', 'b2d65d14-110e-44eb-b1c7-41b3932531e1', '4b9a8e69-8bda-4de9-8d80-8bf80db0c93f', '2025-10-26 07:04:06.711572+00', true, '2025-10-26 07:04:06.711572+00', '2025-10-26 07:04:06.711572+00', NULL, NULL, NULL),
	('dad735bd-f50f-440d-9dda-f7b800d2a554', 'cedf7781-6296-4958-86e3-051b1f90eacc', 'b9ce2527-33bf-4017-95a0-bf81bc152984', '2025-11-02 11:35:49.682776+00', true, '2025-11-02 11:35:49.682776+00', '2025-11-02 11:35:49.682776+00', NULL, NULL, NULL),
	('026d66c5-abb7-4f56-9a89-78c0ef0f4caa', 'cd1b7b06-5cb1-4f32-a28c-1b461c7177cd', 'a627d0ea-c684-4293-936c-16d5932e4541', '2025-11-02 11:35:49.894307+00', true, '2025-11-02 11:35:49.894307+00', '2025-11-02 11:35:49.894307+00', NULL, NULL, NULL),
	('89acdbf9-2585-4d84-a285-d2342091bb1b', '86b3de2b-db80-4dcb-9399-444cf6901105', 'b9ce2527-33bf-4017-95a0-bf81bc152984', '2025-11-02 11:43:53.677456+00', true, '2025-11-02 11:43:53.677456+00', '2025-11-02 11:43:53.677456+00', NULL, NULL, NULL),
	('2723e680-970f-46f5-90e4-10f1f0f188a8', '537d775e-a067-4683-8404-d68fcb57ebf9', '35c98e1c-30e3-4fb1-8797-0736b32e0772', '2025-11-04 09:01:28.387487+00', true, '2025-11-04 09:01:28.387487+00', '2025-11-04 09:01:28.387487+00', NULL, NULL, NULL),
	('ffc7b861-485f-41aa-9b06-6e3c42023571', '56665c17-7819-4dc7-9c77-db50fe9325e9', '4b9a8e69-8bda-4de9-8d80-8bf80db0c93f', '2025-11-04 12:02:04.258917+00', true, '2025-11-04 12:02:04.258917+00', '2025-11-04 12:02:04.258917+00', NULL, NULL, NULL),
	('6e32b876-0c42-48f8-ba2b-92eefb58f456', '1e5d4692-6eea-47de-a351-8ef2b440875e', '98bd9832-cb6b-4f25-9c4c-2c5a6d647d69', '2025-11-04 16:59:31.146695+00', true, '2025-11-04 16:59:31.146695+00', '2025-11-04 16:59:31.146695+00', NULL, NULL, NULL),
	('8eb94315-5cd2-46a2-970a-bdd00d7bbdfe', 'b2d65d14-110e-44eb-b1c7-41b3932531e1', '98bd9832-cb6b-4f25-9c4c-2c5a6d647d69', '2025-11-04 17:31:56.49811+00', true, '2025-11-04 17:31:56.49811+00', '2025-11-04 17:31:56.49811+00', NULL, NULL, NULL),
	('3589fa3b-769a-40b0-91dd-3e0b9ba1c3ae', 'cd1b7b06-5cb1-4f32-a28c-1b461c7177cd', '3498249d-1454-4652-99a5-70c94a70496b', '2025-11-06 09:18:46.451253+00', true, '2025-11-06 09:18:46.451253+00', '2025-11-06 09:18:46.451253+00', NULL, NULL, NULL),
	('cc576e63-72ad-43f8-ac91-b76135a9597c', '15ff2ba3-5455-423a-a813-2d4a3575c803', '3498249d-1454-4652-99a5-70c94a70496b', '2025-11-09 08:22:09.238241+00', true, '2025-11-09 08:22:09.238241+00', '2025-11-09 08:22:09.238241+00', NULL, NULL, NULL),
	('7bcfefa0-da21-4a6e-b623-4cfcd44c8782', '6cc31494-f8f3-41de-aa09-7ad8849868ab', '805fa4e4-0f6a-420f-89be-c3adbbc5a2a8', '2025-10-12 00:00:00+00', true, '2025-11-09 09:02:12.583267+00', '2025-11-09 09:02:12.583267+00', NULL, NULL, NULL),
	('26d71aa7-1a4c-4fc4-bdf4-cd443b4213ae', '27089697-a56b-4c29-8689-7a8882dd99e0', 'cc909ccd-cd1c-408d-9f66-bbc5fe724209', '2025-11-16 09:01:21.090404+00', true, '2025-11-16 09:01:21.090404+00', '2025-11-16 09:01:21.090404+00', NULL, NULL, NULL);


--
-- Data for Name: profiles; Type: TABLE DATA; Schema: public; Owner: postgres
--

INSERT INTO "public"."profiles" ("id", "user_id", "name", "avatar_url", "phone", "country_code", "date_of_birth", "gender", "nationality", "address", "created_at", "updated_at", "blood_type", "email") VALUES
	('acdf0295-99f5-4609-93d1-4b8b51a5883b', '6efe5161-8bd0-4088-b2d2-beb995b6a0f1', 'Sulaiman Rashid Shabib', 'https://zcwfreuywtlrrgevhtmo.supabase.co/storage/v1/object/public/avatars/3f9a5abf-a9c8-46de-ad7f-0466a8c1e054/instructor-bbcc719f-7fd5-41b6-b2c0-3834a4e94018-1760759255222.jpg', '37700894', '+973', '2007-08-01', 'male', 'BH', NULL, '2025-10-18 03:04:06.229543+00', '2025-10-18 05:53:06.529796+00', 'dont_know', 'sshbyb411@gmil.com'),
	('3adc3b13-6232-4713-845e-42b758664587', '7c3fe146-41ab-4506-9a8f-d646e686b00c', 'Manar Al Rayes', 'https://zcwfreuywtlrrgevhtmo.supabase.co/storage/v1/object/public/avatars/3f9a5abf-a9c8-46de-ad7f-0466a8c1e054/profile-1760586475557.jpg', '39824114', '+973', '1989-05-10', 'female', 'BH', NULL, '2025-10-15 21:43:41.78652+00', '2025-10-18 05:55:20.131817+00', 'dont_know', 'phoenix.tkd.bh@gmail.com'),
	('1b5e9703-e28a-46f2-91ed-b20fcecc6ff4', '6012dbc2-411f-4c50-a828-43c1263618dd', 'Ahmed', 'https://zcwfreuywtlrrgevhtmo.supabase.co/storage/v1/object/public/avatars/3f9a5abf-a9c8-46de-ad7f-0466a8c1e054/profile-1760586524468.jpg', '33791210', '+973', '1996-03-03', 'male', 'BH', NULL, '2025-10-16 03:50:19.348804+00', '2025-10-16 03:50:19.708108+00', 'dont_know', 'ahmed@gmaill.com'),
	('dc9d8e95-1c5b-4167-8c86-81156099039b', '3f9a5abf-a9c8-46de-ad7f-0466a8c1e054', 'Ghassan Mohamed Yusuf', 'https://zcwfreuywtlrrgevhtmo.supabase.co/storage/v1/object/public/avatars/3f9a5abf-a9c8-46de-ad7f-0466a8c1e054/profile-1760503128271.jpg', '33165444', '+973', '1983-01-30', 'male', 'BH', NULL, '2025-10-15 04:37:31.602804+00', '2025-10-15 04:40:57.774966+00', 'dont_know', 'platformtakeone@gmail.com'),
	('59df86d5-0040-401e-aef7-8eecc10bc58a', '28bd1311-4b1c-4155-961b-0667b0d55c96', 'Hassan Ali Shalan', 'https://zcwfreuywtlrrgevhtmo.supabase.co/storage/v1/object/public/avatars/3f9a5abf-a9c8-46de-ad7f-0466a8c1e054/profile-1760502805477.jpg', '36722245', '+973', '1987-12-22', 'male', 'BH', NULL, '2025-10-15 04:04:14.077775+00', '2025-10-15 09:41:51.798+00', 'dont_know', 'hasanshalan114@gmail.com'),
	('8146285b-15af-4932-a56d-d85055c10276', 'e54bd861-1c4e-4b4e-9fc6-ddfeac66ed19', 'Sami Al Manea', 'https://zcwfreuywtlrrgevhtmo.supabase.co/storage/v1/object/public/avatars/3f9a5abf-a9c8-46de-ad7f-0466a8c1e054/profile-1760528371681.jpg', '33950778', '+973', '1976-12-10', 'male', 'BH', NULL, '2025-10-15 11:36:10.498537+00', '2025-10-15 11:41:38.848696+00', 'dont_know', 'emperorsameta@gmail.com'),
	('90c950d6-5097-48c4-b761-d89c940dd4f3', 'e6918d3a-50dc-4855-8843-bf85b1cd8ae5', 'Ghaida', 'https://zcwfreuywtlrrgevhtmo.supabase.co/storage/v1/object/public/avatars/3f9a5abf-a9c8-46de-ad7f-0466a8c1e054/profile-1760586179874.jpg', '38357672', '+973', '1997-06-02', 'female', 'BH', NULL, '2025-10-16 03:46:47.281247+00', '2025-10-16 03:46:47.71166+00', 'dont_know', 'ghaidaa@gmail.com'),
	('44380416-6ad6-43a1-bd94-dbe9bd11b678', '4092bc21-4832-467f-841a-2b3a9b969029', 'Fahad Aayed Alanzi', 'https://zcwfreuywtlrrgevhtmo.supabase.co/storage/v1/object/public/avatars/3f9a5abf-a9c8-46de-ad7f-0466a8c1e054/instructor-fb19b81e-1874-4451-8193-9429d637efc8-1760564153268.jpg', '36424438', '+973', '1998-03-15', 'male', 'BH', NULL, '2025-10-15 21:36:51.993718+00', '2025-10-18 11:50:53.514292+00', 'dont_know', 'theemperorfahad@gmail.com'),
	('cc4ab70e-5440-4101-b928-e0701a0357cd', '2f7aaf17-cd15-43a5-b296-3f1ee3d0ab9f', 'TestYousif', NULL, '37123456', '+973', '1992-10-16', 'male', 'Bahrain', NULL, '2025-10-30 07:28:54.475479+00', '2025-10-30 07:28:54.662716+00', NULL, 'testYousif@cnn.com'),
	('45d5b6b3-1e85-4546-a46d-79679434a328', '97423a6f-8c7f-4009-bc9d-56d4382f41c7', 'member1', NULL, '37321789', '+973', '1994-11-10', 'male', 'Bahrain', NULL, '2025-11-02 09:43:31.442621+00', '2025-11-02 09:43:31.840427+00', NULL, 'member1@ccn.com'),
	('9b41abc0-0d26-4589-a1bd-556f818d3e3c', 'ef208d03-62dd-4a96-83ce-17831b298a52', 'Youisf05Testing', NULL, '39886677', '+973', '1996-04-15', 'male', 'Bahrain', NULL, '2025-11-16 07:48:32.715324+00', '2025-11-16 07:48:33.434+00', NULL, 'yousif.testing05@gmail.com'),
	('faa5f848-7992-4e86-bad2-4a6cead12ca5', '621e3afd-2f52-4a86-a419-9d70be632530', 'yousiftest@ccn.com', 'http://127.0.0.1:54321/storage/v1/object/public/avatars/621e3afd-2f52-4a86-a419-9d70be632530/avatar-1762193033243.jpg', '', '+1', '2000-01-01', 'male', 'US', NULL, '2025-10-29 12:16:48.876109+00', '2025-11-03 18:03:55.562586+00', NULL, 'yousiftest@ccn.com'),
	('0ca95ee1-17c1-4fa5-83e7-311553a057e7', '5b96f0b1-bd3f-4fbb-b8ef-239b10a14ecf', 'yousif t', NULL, '36321765', '+973', '1998-11-25', 'male', 'Bahrain', NULL, '2025-11-03 18:06:59.941631+00', '2025-11-03 18:07:00.211086+00', NULL, 'yousif@example.co');


--
-- Data for Name: recurring_expenses; Type: TABLE DATA; Schema: public; Owner: postgres
--

INSERT INTO "public"."recurring_expenses" ("id", "club_id", "name", "amount", "category", "day_of_month", "description", "is_active", "last_processed_at", "created_at", "updated_at") VALUES
	('aed0c046-3cdc-4dbf-9560-68605c281ef2', 'bbcc719f-7fd5-41b6-b2c0-3834a4e94018', 'Gym Rental', 20.00, 'rent', 1, NULL, false, '2025-11-06 12:15:36.758+00', '2025-11-06 11:30:39.322925+00', '2025-11-06 12:15:47.752364+00'),
	('9d5c4627-88ec-46eb-bb4a-51f3b8687526', 'bbcc719f-7fd5-41b6-b2c0-3834a4e94018', 'Gym Rental', 40.00, 'rent', 1, NULL, true, '2025-11-06 12:24:28.868+00', '2025-11-06 12:15:57.471112+00', '2025-11-06 12:24:28.871508+00'),
	('38345a10-30ce-4299-b6f4-0c9a40a1cd1a', 'bbcc719f-7fd5-41b6-b2c0-3834a4e94018', 'employee salary ', 50.00, 'salaries', 1, NULL, true, '2025-11-06 13:04:39.246+00', '2025-11-06 12:40:21.378264+00', '2025-11-06 13:04:39.24804+00'),
	('89459c82-f97c-4938-a82e-01fdfbc302a4', 'bbcc719f-7fd5-41b6-b2c0-3834a4e94018', 'Internet', 15.00, 'utilities', 1, NULL, true, '2025-11-06 13:09:30.601+00', '2025-11-06 12:26:46.643567+00', '2025-11-06 13:09:30.61299+00');


--
-- Data for Name: transaction_ledger; Type: TABLE DATA; Schema: public; Owner: postgres
--

INSERT INTO "public"."transaction_ledger" ("id", "club_id", "transaction_type", "category", "description", "amount", "vat_amount", "vat_percentage_applied", "total_amount", "payment_method", "payment_screenshot_url", "receipt_number", "member_id", "package_price_version_id", "enrollment_id", "reference_id", "transaction_date", "created_at", "created_by", "notes", "payment_status", "payment_proof_url", "approved_by", "approved_at", "rejection_reason", "is_refund", "refund_amount", "refunded_transaction_id", "refund_proof_url", "updated_by", "updated_at", "version", "change_history", "member_name", "member_email", "member_phone", "deleted_at") VALUES
	('0622d415-8507-40ff-b540-2ae61c2430a3', 'd42a4d50-4998-43b4-999f-ebb3b9bca880', 'product_sale', NULL, 'Manual Income: pack', 300.00, 30.00, 10.00, 330.00, 'cash', NULL, 'REC-00001', NULL, NULL, NULL, NULL, '2025-11-03', '2025-11-03 10:55:28.134336+00', NULL, '', 'paid', NULL, NULL, NULL, NULL, false, NULL, NULL, NULL, NULL, '2025-11-03 10:55:28.134336+00', 1, '[]', NULL, NULL, NULL, NULL),
	('d31f7949-7673-41f1-a282-8b588c6873d8', 'd42a4d50-4998-43b4-999f-ebb3b9bca880', 'expense', 'rent', 'Gym Rent', 100.00, 10.00, 10.00, 110.00, 'cash', NULL, 'REC-00002', NULL, NULL, NULL, NULL, '2025-11-03', '2025-11-03 11:06:29.487559+00', NULL, NULL, 'paid', NULL, NULL, NULL, NULL, false, NULL, NULL, NULL, NULL, '2025-11-03 11:06:29.487559+00', 1, '[]', NULL, NULL, NULL, NULL),
	('d6e7feee-31b9-42fb-ba50-2e1aef220b14', 'd42a4d50-4998-43b4-999f-ebb3b9bca880', 'refund', NULL, 'package unsubcription ', 35.00, 3.50, 10.00, 38.50, 'cash', NULL, 'REC-00003', NULL, NULL, NULL, NULL, '2025-11-02', '2025-11-03 11:08:40.609107+00', NULL, NULL, 'paid', NULL, NULL, NULL, NULL, false, NULL, NULL, NULL, NULL, '2025-11-03 11:08:40.609107+00', 1, '[]', NULL, NULL, NULL, NULL),
	('c73fbb8e-2e79-478a-bb6d-72eb12439909', 'd42a4d50-4998-43b4-999f-ebb3b9bca880', 'product_sale', NULL, 'Manual Income: personal training ', 300.00, 30.00, 10.00, 330.00, 'cash', NULL, 'REC-00004', NULL, NULL, NULL, NULL, '2025-11-02', '2025-11-03 11:09:22.912619+00', NULL, '', 'paid', NULL, NULL, NULL, NULL, false, NULL, NULL, NULL, NULL, '2025-11-03 11:09:22.912619+00', 1, '[]', NULL, NULL, NULL, NULL),
	('47c7e408-6c27-4406-ac81-c56c37a07f50', '7a7643d1-15c5-4750-8f21-dcec5179f82d', 'package_fee', NULL, 'Package: Kids - Ayoob Ghassan Mohamed', 40.00, 0.00, 0.00, 40.00, 'cash', NULL, 'REC-00001', '35c98e1c-30e3-4fb1-8797-0736b32e0772', NULL, '2723e680-970f-46f5-90e4-10f1f0f188a8', NULL, '2025-11-04', '2025-11-04 09:01:28.630459+00', NULL, '1-month package for Ayoob Ghassan Mohamed', 'paid', 'http://127.0.0.1:54321/storage/v1/object/public/avatars/3f9a5abf-a9c8-46de-ad7f-0466a8c1e054/payment-proof-47c7e408-6c27-4406-ac81-c56c37a07f50-1762254507844.jpg', '3f9a5abf-a9c8-46de-ad7f-0466a8c1e054', '2025-11-04 11:15:12.484+00', NULL, false, NULL, NULL, NULL, '3f9a5abf-a9c8-46de-ad7f-0466a8c1e054', '2025-11-04 16:56:45.740385+00', 2, '[{"version": 1, "changed_at": "2025-11-04T16:56:45.723Z", "changed_by": "3f9a5abf-a9c8-46de-ad7f-0466a8c1e054", "previous_values": {"notes": "1-month package for Ayoob Ghassan Mohamed", "amount": 30, "category": null, "description": "Package: Kids - Ayoob Ghassan Mohamed", "payment_method": "pending", "transaction_date": "2025-11-04", "transaction_type": "package_fee", "vat_percentage_applied": 0}}]', 'Ayoob Ghassan Mohamed', '', '+1', NULL),
	('72af01e4-a0a7-4746-af3b-34332c1eb0e0', 'bbcc719f-7fd5-41b6-b2c0-3834a4e94018', 'product_sale', NULL, 'Manual Income: package', 40.00, 4.00, 10.00, 44.00, 'cash', NULL, 'REC-00004', NULL, NULL, NULL, NULL, '2025-11-04', '2025-11-04 07:29:44.564933+00', NULL, '', 'paid', NULL, NULL, NULL, NULL, false, NULL, NULL, NULL, '3f9a5abf-a9c8-46de-ad7f-0466a8c1e054', '2025-11-04 08:30:11.758025+00', 3, '[{"version": 1, "changed_at": "2025-11-04T07:52:36.053Z", "changed_by": "3f9a5abf-a9c8-46de-ad7f-0466a8c1e054", "previous_values": {"notes": "", "amount": 35, "category": null, "description": "Manual Income: package", "payment_method": "cash", "transaction_date": "2025-11-04", "transaction_type": "product_sale", "vat_percentage_applied": 10}}, {"version": 2, "changed_at": "2025-11-04T07:53:09.687Z", "changed_by": "3f9a5abf-a9c8-46de-ad7f-0466a8c1e054", "previous_values": {"notes": "", "amount": 35, "category": null, "description": "Manual Income: package", "payment_method": "cash", "transaction_date": "2025-11-04", "transaction_type": "product_sale", "vat_percentage_applied": 10}}]', NULL, NULL, NULL, '2025-11-04 08:30:11.753+00'),
	('cbed2829-84f5-49d4-8098-e1f25fd7947d', '7a7643d1-15c5-4750-8f21-dcec5179f82d', 'expense', 'utilities', 'chairs', 10.00, 0.00, 0.00, 10.00, 'cash', NULL, 'REC-00002', NULL, NULL, NULL, NULL, '2025-11-04', '2025-11-04 09:04:02.262244+00', NULL, NULL, 'paid', NULL, NULL, NULL, NULL, false, NULL, NULL, NULL, NULL, '2025-11-04 09:04:02.262244+00', 1, '[]', NULL, NULL, NULL, NULL),
	('851db2ce-889b-4656-9dae-699ed9dd12d0', '7a7643d1-15c5-4750-8f21-dcec5179f82d', 'package_fee', NULL, 'Package: Kids+ CLASS A - Mohamed Ghassan Mohammed', 30.00, 0.00, 0.00, 30.00, 'pending', NULL, 'REC-00003', '4b9a8e69-8bda-4de9-8d80-8bf80db0c93f', NULL, 'ffc7b861-485f-41aa-9b06-6e3c42023571', NULL, '2025-11-04', '2025-11-04 12:02:04.443561+00', NULL, '1-month package for Mohamed Ghassan Mohammed', 'paid', 'http://127.0.0.1:54321/storage/v1/object/public/avatars/3f9a5abf-a9c8-46de-ad7f-0466a8c1e054/payment-proof-851db2ce-889b-4656-9dae-699ed9dd12d0-1762257765214.jpg', '3f9a5abf-a9c8-46de-ad7f-0466a8c1e054', '2025-11-04 12:02:47.897+00', NULL, false, NULL, NULL, NULL, '3f9a5abf-a9c8-46de-ad7f-0466a8c1e054', '2025-11-04 12:02:47.913012+00', 1, '[]', 'Mohamed Ghassan Mohammed', '', '+1', NULL),
	('42a801c7-6a04-443d-aa2c-e640d75db5ba', '7a7643d1-15c5-4750-8f21-dcec5179f82d', 'refund', NULL, 'Refund for: Package: Kids+ CLASS A - Mohamed Ghassan Mohammed', 30.00, 0.00, 0.00, 30.00, 'refund', NULL, 'REC-00004', NULL, NULL, NULL, NULL, '2025-11-04', '2025-11-04 12:07:27.946841+00', '3f9a5abf-a9c8-46de-ad7f-0466a8c1e054', 'package dropped ', 'paid', NULL, NULL, NULL, NULL, true, 30, '851db2ce-889b-4656-9dae-699ed9dd12d0', '', '3f9a5abf-a9c8-46de-ad7f-0466a8c1e054', '2025-11-04 12:07:27.946841+00', 1, '[]', 'Mohamed Ghassan Mohammed', '', '+1', NULL),
	('8c1b59d5-86c8-4ee0-b3e8-0f55f91f3e1f', '7a7643d1-15c5-4750-8f21-dcec5179f82d', 'package_fee', NULL, 'Package: Teenager + - ahmed yousif ', 30.00, 0.00, 0.00, 30.00, 'pending', NULL, 'REC-00006', '98bd9832-cb6b-4f25-9c4c-2c5a6d647d69', NULL, '6e32b876-0c42-48f8-ba2b-92eefb58f456', NULL, '2025-11-04', '2025-11-04 16:59:31.461261+00', NULL, '1-month package for ahmed yousif ', 'paid', 'http://127.0.0.1:54321/storage/v1/object/public/avatars/3f9a5abf-a9c8-46de-ad7f-0466a8c1e054/payment-proof-8c1b59d5-86c8-4ee0-b3e8-0f55f91f3e1f-1762276059527.jpg', '3f9a5abf-a9c8-46de-ad7f-0466a8c1e054', '2025-11-04 17:07:43.777+00', NULL, false, NULL, NULL, NULL, '3f9a5abf-a9c8-46de-ad7f-0466a8c1e054', '2025-11-04 17:07:43.800588+00', 1, '[]', 'ahmed yousif ', '', '+1', NULL),
	('023facd1-47b8-450d-8794-d0bf1c6e8fc7', '7a7643d1-15c5-4750-8f21-dcec5179f82d', 'enrollment_fee', NULL, 'Enrollment Fee - ahmed yousif ', 7.00, 0.00, 0.00, 7.00, 'pending', NULL, 'REC-00005', '98bd9832-cb6b-4f25-9c4c-2c5a6d647d69', NULL, '6e32b876-0c42-48f8-ba2b-92eefb58f456', NULL, '2025-11-04', '2025-11-04 16:59:31.437785+00', NULL, 'First-time enrollment for ahmed yousif ', 'paid', 'http://127.0.0.1:54321/storage/v1/object/public/avatars/3f9a5abf-a9c8-46de-ad7f-0466a8c1e054/payment-proof-023facd1-47b8-450d-8794-d0bf1c6e8fc7-1762276307442.jpg', '3f9a5abf-a9c8-46de-ad7f-0466a8c1e054', '2025-11-04 17:11:48.486+00', NULL, false, NULL, NULL, NULL, '3f9a5abf-a9c8-46de-ad7f-0466a8c1e054', '2025-11-04 17:11:48.508442+00', 1, '[]', 'ahmed yousif ', '', '+1', NULL),
	('1df77e55-de86-4bb1-a832-942724fd6b99', '7a7643d1-15c5-4750-8f21-dcec5179f82d', 'package_fee', NULL, 'Package: Kids+ CLASS B - ahmed yousif ', 30.00, 0.00, 0.00, 30.00, 'pending', NULL, 'REC-00007', '98bd9832-cb6b-4f25-9c4c-2c5a6d647d69', NULL, '8eb94315-5cd2-46a2-970a-bdd00d7bbdfe', NULL, '2025-11-04', '2025-11-04 17:31:57.143663+00', NULL, '1-month package for ahmed yousif ', 'pending', NULL, NULL, NULL, NULL, false, NULL, NULL, NULL, NULL, '2025-11-04 17:31:57.143663+00', 1, '[]', 'ahmed yousif ', '', '+1', NULL),
	('46e92b47-89a8-40d9-a724-580848b11428', '7a7643d1-15c5-4750-8f21-dcec5179f82d', 'refund', NULL, 'Refund for: Package: Teenager + - ahmed yousif ', 30.00, 0.00, 0.00, 30.00, 'refund', NULL, 'REC-00008', NULL, NULL, NULL, NULL, '2025-11-04', '2025-11-04 17:36:57.685311+00', '3f9a5abf-a9c8-46de-ad7f-0466a8c1e054', 'package removed', 'paid', NULL, NULL, NULL, NULL, true, 30, '8c1b59d5-86c8-4ee0-b3e8-0f55f91f3e1f', 'http://127.0.0.1:54321/storage/v1/object/public/avatars/3f9a5abf-a9c8-46de-ad7f-0466a8c1e054/refund-proof-8c1b59d5-86c8-4ee0-b3e8-0f55f91f3e1f-1762277797564.jpg', '3f9a5abf-a9c8-46de-ad7f-0466a8c1e054', '2025-11-04 17:36:57.685311+00', 1, '[]', 'ahmed yousif ', '', '+1', NULL),
	('be9aa087-25ee-4f6d-8647-ffd5b816a1f5', 'bbcc719f-7fd5-41b6-b2c0-3834a4e94018', 'enrollment_fee', NULL, 'Enrollment Fee - ahmed yousif ', 10.00, 1.00, 10.00, 11.00, 'pending', NULL, 'REC-00005', '3498249d-1454-4652-99a5-70c94a70496b', NULL, '3589fa3b-769a-40b0-91dd-3e0b9ba1c3ae', NULL, '2025-11-06', '2025-11-06 09:18:46.682916+00', NULL, 'First-time enrollment for ahmed yousif ', 'paid', 'http://127.0.0.1:54321/storage/v1/object/public/avatars/3f9a5abf-a9c8-46de-ad7f-0466a8c1e054/payment-proof-be9aa087-25ee-4f6d-8647-ffd5b816a1f5-1762420974702.jpg', '3f9a5abf-a9c8-46de-ad7f-0466a8c1e054', '2025-11-06 09:22:56.504+00', NULL, false, NULL, NULL, NULL, '3f9a5abf-a9c8-46de-ad7f-0466a8c1e054', '2025-11-06 09:22:56.51545+00', 1, '[]', 'ahmed yousif ', '', '+1', NULL),
	('6d4b9e91-9a33-49bb-9216-91dad159cfb6', 'bbcc719f-7fd5-41b6-b2c0-3834a4e94018', 'package_fee', NULL, 'Package: Kids + (S.M.W) Group B - ahmed yousif ', 35.00, 3.50, 10.00, 38.50, 'pending', NULL, 'REC-00006', '3498249d-1454-4652-99a5-70c94a70496b', NULL, '3589fa3b-769a-40b0-91dd-3e0b9ba1c3ae', NULL, '2025-11-06', '2025-11-06 09:18:46.714271+00', NULL, '1-month package for ahmed yousif ', 'paid', 'http://127.0.0.1:54321/storage/v1/object/public/avatars/3f9a5abf-a9c8-46de-ad7f-0466a8c1e054/payment-proof-be9aa087-25ee-4f6d-8647-ffd5b816a1f5-1762420974702.jpg', '3f9a5abf-a9c8-46de-ad7f-0466a8c1e054', '2025-11-06 09:35:35.837+00', NULL, false, NULL, NULL, NULL, '3f9a5abf-a9c8-46de-ad7f-0466a8c1e054', '2025-11-06 09:35:35.84821+00', 1, '[]', 'ahmed yousif ', '', '+1', NULL),
	('98f9252b-efeb-458e-ab90-82df0bd2799f', 'bbcc719f-7fd5-41b6-b2c0-3834a4e94018', 'expense', 'equipment', 'chairs', 10.00, 1.00, 10.00, 11.00, 'cash', NULL, 'REC-00007', NULL, NULL, NULL, NULL, '2025-11-06', '2025-11-06 09:36:48.516179+00', NULL, NULL, 'paid', NULL, NULL, NULL, NULL, false, NULL, NULL, NULL, NULL, '2025-11-06 09:36:48.516179+00', 1, '[]', NULL, NULL, NULL, NULL),
	('5f2f6baa-1d3d-407b-8317-63fcf908596a', 'bbcc719f-7fd5-41b6-b2c0-3834a4e94018', 'expense', 'equipment', 'tables', 10.00, 1.00, 10.00, 11.00, 'cash', NULL, 'REC-00008', NULL, NULL, NULL, NULL, '2025-11-06', '2025-11-06 09:40:52.157173+00', NULL, NULL, 'paid', NULL, NULL, NULL, NULL, false, NULL, NULL, NULL, NULL, '2025-11-06 09:40:52.157173+00', 1, '[]', NULL, NULL, NULL, NULL),
	('3d1a2e81-41b1-431a-94ea-de5c520d791c', 'bbcc719f-7fd5-41b6-b2c0-3834a4e94018', 'package_fee', NULL, 'Package: Kids (S.T.T) Group A - Ayoob Ghassan Mohamed', 35.00, 3.50, 10.00, 38.50, 'pending', NULL, 'REC-00003', 'b9ce2527-33bf-4017-95a0-bf81bc152984', NULL, '89acdbf9-2585-4d84-a285-d2342091bb1b', NULL, '2025-11-02', '2025-11-02 11:43:53.937557+00', NULL, '1-month package for Ayoob Ghassan Mohamed', 'paid', 'http://127.0.0.1:54321/storage/v1/object/public/avatars/3f9a5abf-a9c8-46de-ad7f-0466a8c1e054/payment-proof-be9aa087-25ee-4f6d-8647-ffd5b816a1f5-1762420974702.jpg', '3f9a5abf-a9c8-46de-ad7f-0466a8c1e054', '2025-11-06 10:12:03.683+00', NULL, false, NULL, NULL, NULL, '3f9a5abf-a9c8-46de-ad7f-0466a8c1e054', '2025-11-06 10:12:03.710055+00', 1, '[]', 'Ayoob Ghassan Mohamed', '', '+1', NULL),
	('bd624030-adc2-4f0f-8541-8fdd7af9c5c8', 'bbcc719f-7fd5-41b6-b2c0-3834a4e94018', 'package_fee', NULL, 'Package: Kids + (S.M.W) Group B - Mohamed Ghassan Mohammed', 35.00, 3.50, 10.00, 38.50, 'pending', NULL, 'REC-00002', 'a627d0ea-c684-4293-936c-16d5932e4541', NULL, '026d66c5-abb7-4f56-9a89-78c0ef0f4caa', NULL, '2025-11-02', '2025-11-02 11:35:49.929131+00', NULL, '1-month package for Mohamed Ghassan Mohammed', 'paid', 'http://127.0.0.1:54321/storage/v1/object/public/avatars/3f9a5abf-a9c8-46de-ad7f-0466a8c1e054/payment-proof-be9aa087-25ee-4f6d-8647-ffd5b816a1f5-1762420974702.jpg', '3f9a5abf-a9c8-46de-ad7f-0466a8c1e054', '2025-11-09 08:00:44.884+00', NULL, false, NULL, NULL, NULL, '3f9a5abf-a9c8-46de-ad7f-0466a8c1e054', '2025-11-09 08:00:44.901805+00', 1, '[]', 'Mohamed Ghassan Mohammed', '', '+1', NULL),
	('e9c23123-6025-45d0-9f40-ad3bd0154119', 'bbcc719f-7fd5-41b6-b2c0-3834a4e94018', 'package_fee', NULL, 'Package: Kids (S.M.W) Group A - Ayoob Ghassan Mohamed', 35.00, 3.50, 10.00, 38.50, 'pending', NULL, 'REC-00001', 'b9ce2527-33bf-4017-95a0-bf81bc152984', NULL, 'dad735bd-f50f-440d-9dda-f7b800d2a554', NULL, '2025-11-02', '2025-11-02 11:35:49.872461+00', NULL, '1-month package for Ayoob Ghassan Mohamed', 'paid', 'http://127.0.0.1:54321/storage/v1/object/public/avatars/3f9a5abf-a9c8-46de-ad7f-0466a8c1e054/payment-proof-be9aa087-25ee-4f6d-8647-ffd5b816a1f5-1762420974702.jpg', '3f9a5abf-a9c8-46de-ad7f-0466a8c1e054', '2025-11-06 10:02:34.779+00', NULL, false, NULL, NULL, NULL, '3f9a5abf-a9c8-46de-ad7f-0466a8c1e054', '2025-11-06 10:02:34.790727+00', 1, '[]', 'Ayoob Ghassan Mohamed', '', '+1', NULL),
	('e37b051d-36ad-4560-bf29-f3d41e85e721', 'bbcc719f-7fd5-41b6-b2c0-3834a4e94018', 'refund', NULL, 'Refund for: Package: Kids + (S.M.W) Group B - ahmed yousif ', 38.50, 3.50, 10.00, 38.50, 'refund', NULL, 'REC-00009', NULL, NULL, NULL, NULL, '2025-11-06', '2025-11-06 10:04:23.438162+00', '3f9a5abf-a9c8-46de-ad7f-0466a8c1e054', 'the package trancated', 'paid', NULL, NULL, NULL, NULL, true, 38.5, '6d4b9e91-9a33-49bb-9216-91dad159cfb6', '', '3f9a5abf-a9c8-46de-ad7f-0466a8c1e054', '2025-11-06 10:04:23.438162+00', 1, '[]', 'ahmed yousif ', '', '+1', NULL),
	('ac2c946e-cc34-414b-a355-0c337dd60f53', 'bbcc719f-7fd5-41b6-b2c0-3834a4e94018', 'refund', NULL, 'Refund for: Package: Kids (S.T.T) Group A - Ayoob Ghassan Mohamed', 38.50, 3.50, 10.00, 38.50, 'refund', NULL, 'REC-00010', NULL, NULL, NULL, NULL, '2025-11-06', '2025-11-06 10:13:20.410249+00', '3f9a5abf-a9c8-46de-ad7f-0466a8c1e054', 'the package trancated', 'paid', NULL, NULL, NULL, NULL, true, 38.5, '3d1a2e81-41b1-431a-94ea-de5c520d791c', '', '3f9a5abf-a9c8-46de-ad7f-0466a8c1e054', '2025-11-06 10:13:20.410249+00', 1, '[]', 'Ayoob Ghassan Mohamed', '', '+1', NULL),
	('d1a48e6c-f45f-448a-a246-fc64a65215ba', 'bbcc719f-7fd5-41b6-b2c0-3834a4e94018', 'expense', 'rent', 'Auto: Gym Rental', 20.00, 0.00, 0.00, 20.00, 'auto', NULL, 'EXP-AUTO-1762429559227-564', NULL, NULL, NULL, NULL, '2025-11-06', '2025-11-06 11:45:59.241123+00', NULL, NULL, 'paid', NULL, NULL, NULL, NULL, false, NULL, NULL, NULL, '3f9a5abf-a9c8-46de-ad7f-0466a8c1e054', '2025-11-06 12:12:21.060214+00', 1, '[]', NULL, NULL, NULL, '2025-11-06 12:12:21.051+00'),
	('4c7bb287-226b-4c94-873a-0fa192adb62f', 'bbcc719f-7fd5-41b6-b2c0-3834a4e94018', 'expense', 'rent', 'Auto: Gym Rental', 20.00, 0.00, 0.00, 20.00, 'auto', NULL, 'EXP-AUTO-1762429559228', NULL, NULL, NULL, NULL, '2025-11-06', '2025-11-06 12:12:28.473771+00', NULL, NULL, 'paid', NULL, NULL, NULL, NULL, false, NULL, NULL, NULL, '3f9a5abf-a9c8-46de-ad7f-0466a8c1e054', '2025-11-06 12:15:22.239059+00', 1, '[]', NULL, NULL, NULL, '2025-11-06 12:15:22.224+00'),
	('22a5a2c8-f902-4007-9815-cf5e374fec5a', 'bbcc719f-7fd5-41b6-b2c0-3834a4e94018', 'expense', 'rent', 'Auto: Gym Rental', 20.00, 0.00, 0.00, 20.00, 'auto', NULL, 'EXP-AUTO-1762429559229', NULL, NULL, NULL, NULL, '2025-11-06', '2025-11-06 12:15:36.751754+00', NULL, NULL, 'paid', NULL, NULL, NULL, NULL, false, NULL, NULL, NULL, '3f9a5abf-a9c8-46de-ad7f-0466a8c1e054', '2025-11-06 12:16:04.010703+00', 1, '[]', NULL, NULL, NULL, '2025-11-06 12:16:03.999+00'),
	('30cc1832-a8de-42c9-8cf2-6154687a8a6c', 'bbcc719f-7fd5-41b6-b2c0-3834a4e94018', 'expense', 'salaries', 'Auto: employee salary ', 50.00, 0.00, 0.00, 50.00, 'auto', NULL, 'EXP-AUTO-1762429559240', NULL, NULL, NULL, NULL, '2025-11-06', '2025-11-06 13:01:57.314433+00', NULL, NULL, 'paid', NULL, NULL, NULL, NULL, false, NULL, NULL, NULL, '3f9a5abf-a9c8-46de-ad7f-0466a8c1e054', '2025-11-06 13:06:28.681912+00', 1, '[]', NULL, NULL, NULL, '2025-11-06 13:06:28.672+00'),
	('c94f4faa-79da-40b2-b917-e565e610114e', 'bbcc719f-7fd5-41b6-b2c0-3834a4e94018', 'expense', 'salaries', 'Auto: employee salary ', 50.00, 0.00, 0.00, 50.00, 'auto', NULL, 'EXP-AUTO-1762429559239', NULL, NULL, NULL, NULL, '2025-11-06', '2025-11-06 12:54:33.490678+00', NULL, NULL, 'paid', NULL, NULL, NULL, NULL, false, NULL, NULL, NULL, '3f9a5abf-a9c8-46de-ad7f-0466a8c1e054', '2025-11-06 13:06:33.646164+00', 1, '[]', NULL, NULL, NULL, '2025-11-06 13:06:33.637+00'),
	('8b26d704-a071-493e-b6a5-633f3872e7af', 'bbcc719f-7fd5-41b6-b2c0-3834a4e94018', 'expense', 'salaries', 'Auto: employee salary ', 50.00, 0.00, 0.00, 50.00, 'auto', NULL, 'EXP-AUTO-1762429559238', NULL, NULL, NULL, NULL, '2025-11-06', '2025-11-06 12:49:13.754126+00', NULL, NULL, 'paid', NULL, NULL, NULL, NULL, false, NULL, NULL, NULL, '3f9a5abf-a9c8-46de-ad7f-0466a8c1e054', '2025-11-06 13:06:38.388344+00', 1, '[]', NULL, NULL, NULL, '2025-11-06 13:06:38.384+00'),
	('8ed92ace-f02b-479e-808b-b2ed7e1b5bc7', 'bbcc719f-7fd5-41b6-b2c0-3834a4e94018', 'expense', 'salaries', 'Auto: employee salary ', 50.00, 0.00, 0.00, 50.00, 'auto', NULL, 'EXP-AUTO-1762429559237', NULL, NULL, NULL, NULL, '2025-11-06', '2025-11-06 12:40:27.446861+00', NULL, NULL, 'paid', NULL, NULL, NULL, NULL, false, NULL, NULL, NULL, '3f9a5abf-a9c8-46de-ad7f-0466a8c1e054', '2025-11-06 13:06:41.954503+00', 1, '[]', NULL, NULL, NULL, '2025-11-06 13:06:41.949+00'),
	('b2bbcb9e-a437-43f6-a1c4-18ce7e2bfcb3', 'bbcc719f-7fd5-41b6-b2c0-3834a4e94018', 'expense', 'utilities', 'Auto: Internet', 15.00, 0.00, 0.00, 15.00, 'auto', NULL, 'EXP-AUTO-1762429559236', NULL, NULL, NULL, NULL, '2025-11-06', '2025-11-06 12:37:31.644172+00', NULL, NULL, 'paid', NULL, NULL, NULL, NULL, false, NULL, NULL, NULL, '3f9a5abf-a9c8-46de-ad7f-0466a8c1e054', '2025-11-06 13:06:45.111835+00', 1, '[]', NULL, NULL, NULL, '2025-11-06 13:06:45.109+00'),
	('0b3c064a-04c3-4fe8-a1c7-f2fe0a5a5a1f', 'bbcc719f-7fd5-41b6-b2c0-3834a4e94018', 'expense', 'utilities', 'Auto: Internet', 15.00, 0.00, 0.00, 15.00, 'auto', NULL, 'EXP-AUTO-1762429559235', NULL, NULL, NULL, NULL, '2025-11-06', '2025-11-06 12:31:50.434906+00', NULL, NULL, 'paid', NULL, NULL, NULL, NULL, false, NULL, NULL, NULL, '3f9a5abf-a9c8-46de-ad7f-0466a8c1e054', '2025-11-06 13:06:48.787875+00', 1, '[]', NULL, NULL, NULL, '2025-11-06 13:06:48.786+00'),
	('fd4bd589-ee32-495b-9eee-7196dd641613', 'bbcc719f-7fd5-41b6-b2c0-3834a4e94018', 'expense', 'utilities', 'Auto: Internet', 15.00, 0.00, 0.00, 15.00, 'auto', NULL, 'EXP-AUTO-1762429559234', NULL, NULL, NULL, NULL, '2025-11-06', '2025-11-06 12:28:44.129641+00', NULL, NULL, 'paid', NULL, NULL, NULL, NULL, false, NULL, NULL, NULL, '3f9a5abf-a9c8-46de-ad7f-0466a8c1e054', '2025-11-06 13:07:00.947061+00', 1, '[]', NULL, NULL, NULL, '2025-11-06 13:07:00.944+00'),
	('b8ef61d6-80e6-488e-9425-1ad91969aadb', 'bbcc719f-7fd5-41b6-b2c0-3834a4e94018', 'expense', 'utilities', 'Auto: Internet', 15.00, 0.00, 0.00, 15.00, 'auto', NULL, 'EXP-AUTO-1762429559233', NULL, NULL, NULL, NULL, '2025-11-06', '2025-11-06 12:27:08.414824+00', NULL, NULL, 'paid', NULL, NULL, NULL, NULL, false, NULL, NULL, NULL, '3f9a5abf-a9c8-46de-ad7f-0466a8c1e054', '2025-11-06 13:07:07.17847+00', 1, '[]', NULL, NULL, NULL, '2025-11-06 13:07:07.176+00'),
	('ac6a64dd-9a86-49a1-b9c3-2b4d58b5edbc', 'bbcc719f-7fd5-41b6-b2c0-3834a4e94018', 'expense', 'rent', 'Auto: Gym Rental', 40.00, 0.00, 0.00, 40.00, 'auto', NULL, 'EXP-AUTO-1762429559232', NULL, NULL, NULL, NULL, '2025-11-06', '2025-11-06 12:24:28.852682+00', NULL, NULL, 'paid', NULL, NULL, NULL, NULL, false, NULL, NULL, NULL, '3f9a5abf-a9c8-46de-ad7f-0466a8c1e054', '2025-11-06 13:07:13.154869+00', 1, '[]', NULL, NULL, NULL, '2025-11-06 13:07:13.149+00'),
	('540b6c34-e2fd-4b99-960c-2eaa9f952dec', 'bbcc719f-7fd5-41b6-b2c0-3834a4e94018', 'expense', 'rent', 'Auto: Gym Rental', 30.00, 0.00, 0.00, 30.00, 'auto', NULL, 'EXP-AUTO-1762429559231', NULL, NULL, NULL, NULL, '2025-11-06', '2025-11-06 12:19:33.734981+00', NULL, NULL, 'paid', NULL, NULL, NULL, NULL, false, NULL, NULL, NULL, '3f9a5abf-a9c8-46de-ad7f-0466a8c1e054', '2025-11-06 13:07:18.822561+00', 1, '[]', NULL, NULL, NULL, '2025-11-06 13:07:18.819+00'),
	('512d6201-6a36-4f2d-b012-e02b92181e42', 'bbcc719f-7fd5-41b6-b2c0-3834a4e94018', 'expense', 'rent', 'Auto: Gym Rental', 30.00, 0.00, 0.00, 30.00, 'auto', NULL, 'EXP-AUTO-1762429559230', NULL, NULL, NULL, NULL, '2025-11-06', '2025-11-06 12:16:08.420686+00', NULL, NULL, 'paid', NULL, NULL, NULL, NULL, false, NULL, NULL, NULL, '3f9a5abf-a9c8-46de-ad7f-0466a8c1e054', '2025-11-06 13:07:23.478536+00', 1, '[]', NULL, NULL, NULL, '2025-11-06 13:07:23.474+00'),
	('b03383c4-f6bc-4844-9433-fc5c1a31bff8', 'bbcc719f-7fd5-41b6-b2c0-3834a4e94018', 'expense', 'salaries', 'Auto: employee salary ', 50.00, 0.00, 0.00, 50.00, 'auto', NULL, 'EXP-AUTO-0001', NULL, NULL, NULL, NULL, '2025-11-06', '2025-11-06 13:04:39.237829+00', NULL, NULL, 'paid', NULL, NULL, NULL, NULL, false, NULL, NULL, NULL, '3f9a5abf-a9c8-46de-ad7f-0466a8c1e054', '2025-11-06 13:08:56.290445+00', 1, '[]', NULL, NULL, NULL, '2025-11-06 13:08:56.269+00'),
	('802456b8-caca-47d0-a24b-da9ac0f961ff', 'bbcc719f-7fd5-41b6-b2c0-3834a4e94018', 'expense', 'utilities', 'Auto: Internet', 15.00, 0.00, 0.00, 15.00, 'auto', NULL, 'EXP-AUTO-0002', NULL, NULL, NULL, NULL, '2025-11-06', '2025-11-06 13:09:30.587554+00', NULL, NULL, 'paid', NULL, NULL, NULL, NULL, false, NULL, NULL, NULL, NULL, '2025-11-06 13:09:30.587554+00', 1, '[]', NULL, NULL, NULL, NULL),
	('94c7d5ee-4b4f-4588-9a8e-9d473ec7f7ac', 'bbcc719f-7fd5-41b6-b2c0-3834a4e94018', 'expense', 'equipment', 'chairs', 10.00, 1.00, 10.00, 11.00, 'cash', NULL, 'REC-00011', NULL, NULL, NULL, NULL, '2025-11-09', '2025-11-09 07:25:05.037876+00', NULL, NULL, 'paid', NULL, NULL, NULL, NULL, false, NULL, NULL, NULL, NULL, '2025-11-09 07:25:05.037876+00', 1, '[]', NULL, NULL, NULL, NULL),
	('69da7876-a82d-4c28-bf1e-60c72b91c751', 'bbcc719f-7fd5-41b6-b2c0-3834a4e94018', 'product_sale', NULL, 'Manual Income: services sales', 10.00, 1.00, 10.00, 11.00, 'cash', NULL, 'REC-00012', NULL, NULL, NULL, NULL, '2025-11-09', '2025-11-09 07:57:42.108533+00', NULL, '', 'paid', NULL, NULL, NULL, NULL, false, NULL, NULL, NULL, NULL, '2025-11-09 07:57:42.108533+00', 1, '[]', NULL, NULL, NULL, NULL),
	('6bf33bbd-b9ae-42da-ac8b-150265b7b453', 'bbcc719f-7fd5-41b6-b2c0-3834a4e94018', 'expense', 'equipment', 'chairs', 5.00, 0.50, 10.00, 5.50, 'cash', NULL, 'REC-00013', NULL, NULL, NULL, NULL, '2025-11-09', '2025-11-09 08:06:20.728932+00', NULL, NULL, 'paid', NULL, NULL, NULL, NULL, false, NULL, NULL, NULL, NULL, '2025-11-09 08:06:20.728932+00', 1, '[]', NULL, NULL, NULL, NULL),
	('f3f685eb-6277-47ef-81d4-1927daef5b80', 'bbcc719f-7fd5-41b6-b2c0-3834a4e94018', 'package_fee', NULL, 'Package: Kids + (S.T.T) Group B - ahmed yousif ', 35.00, 3.50, 10.00, 38.50, 'pending', NULL, 'REC-00014', '3498249d-1454-4652-99a5-70c94a70496b', NULL, 'cc576e63-72ad-43f8-ac91-b76135a9597c', NULL, '2025-11-09', '2025-11-09 08:22:09.640161+00', NULL, '1-month package for ahmed yousif ', 'paid', 'http://127.0.0.1:54321/storage/v1/object/public/avatars/3f9a5abf-a9c8-46de-ad7f-0466a8c1e054/payment-proof-f3f685eb-6277-47ef-81d4-1927daef5b80-1762677046064.jpg', '3f9a5abf-a9c8-46de-ad7f-0466a8c1e054', '2025-11-09 08:30:50.292+00', NULL, false, NULL, NULL, NULL, '3f9a5abf-a9c8-46de-ad7f-0466a8c1e054', '2025-11-09 08:30:50.311486+00', 1, '[]', 'ahmed yousif ', '', '+1', NULL),
	('16fa20dc-0a47-4f9c-a1b8-bc93f95c4f09', 'bbcc719f-7fd5-41b6-b2c0-3834a4e94018', 'refund', NULL, 'Refund for: Package: Kids + (S.T.T) Group B - ahmed yousif ', 38.50, 3.50, 10.00, 38.50, 'refund', NULL, 'REC-00015', NULL, NULL, NULL, NULL, '2025-11-09', '2025-11-09 08:31:38.498699+00', '3f9a5abf-a9c8-46de-ad7f-0466a8c1e054', 'player want to withdraw', 'paid', NULL, NULL, NULL, NULL, true, 38.5, 'f3f685eb-6277-47ef-81d4-1927daef5b80', '', '3f9a5abf-a9c8-46de-ad7f-0466a8c1e054', '2025-11-09 08:31:38.498699+00', 1, '[]', 'ahmed yousif ', '', '+1', NULL),
	('7e75d057-dfaf-4502-9878-2f56c1787904', 'bbcc719f-7fd5-41b6-b2c0-3834a4e94018', 'package_fee', NULL, 'Package: Men & Youth (S.M.W) Group A - Youisf05Testing', 35.00, 3.50, 10.00, 38.50, 'pending', NULL, 'REC-00016', 'cc909ccd-cd1c-408d-9f66-bbc5fe724209', NULL, '26d71aa7-1a4c-4fc4-bdf4-cd443b4213ae', NULL, '2025-11-16', '2025-11-16 09:01:26.98322+00', NULL, '1-month package for Youisf05Testing', 'pending', NULL, NULL, NULL, NULL, false, NULL, NULL, NULL, NULL, '2025-11-16 09:01:26.98322+00', 1, '[]', 'Youisf05Testing', 'yousif.testing05@gmail.com', '+97339886677', NULL);


--
-- Data for Name: transaction_history; Type: TABLE DATA; Schema: public; Owner: postgres
--

INSERT INTO "public"."transaction_history" ("id", "transaction_id", "changed_by", "changed_at", "change_type", "previous_values", "new_values", "notes") VALUES
	('a85bc8ee-ad77-4a23-abb1-c04bb7ea48bd', '47c7e408-6c27-4406-ac81-c56c37a07f50', '3f9a5abf-a9c8-46de-ad7f-0466a8c1e054', '2025-11-04 11:15:12.513096+00', 'approved', '{"payment_status": "pending", "payment_proof_url": null}', '{"approved_at": "2025-11-04T11:15:12.500Z", "approved_by": "3f9a5abf-a9c8-46de-ad7f-0466a8c1e054", "payment_status": "paid", "payment_proof_url": "http://127.0.0.1:54321/storage/v1/object/public/avatars/3f9a5abf-a9c8-46de-ad7f-0466a8c1e054/payment-proof-47c7e408-6c27-4406-ac81-c56c37a07f50-1762254507844.jpg"}', 'Payment approved by admin'),
	('2080a3a7-c8b6-4e9c-a076-193eb059c5db', '851db2ce-889b-4656-9dae-699ed9dd12d0', '3f9a5abf-a9c8-46de-ad7f-0466a8c1e054', '2025-11-04 12:02:47.945022+00', 'approved', '{"payment_status": "pending", "payment_proof_url": null}', '{"approved_at": "2025-11-04T12:02:47.926Z", "approved_by": "3f9a5abf-a9c8-46de-ad7f-0466a8c1e054", "payment_status": "paid", "payment_proof_url": "http://127.0.0.1:54321/storage/v1/object/public/avatars/3f9a5abf-a9c8-46de-ad7f-0466a8c1e054/payment-proof-851db2ce-889b-4656-9dae-699ed9dd12d0-1762257765214.jpg"}', 'Payment approved by admin'),
	('e9baec55-fd3a-414b-8c1e-a4b8b99ed8c0', '42a801c7-6a04-443d-aa2c-e640d75db5ba', '3f9a5abf-a9c8-46de-ad7f-0466a8c1e054', '2025-11-04 12:07:27.989455+00', 'refunded', NULL, '{"refund_amount": 30, "is_full_refund": true, "refunded_transaction_id": "851db2ce-889b-4656-9dae-699ed9dd12d0"}', 'package dropped '),
	('4d3ff0c3-990a-46ca-93e6-d6bdbd44a4a0', '8c1b59d5-86c8-4ee0-b3e8-0f55f91f3e1f', '3f9a5abf-a9c8-46de-ad7f-0466a8c1e054', '2025-11-04 17:07:43.846818+00', 'approved', '{"payment_status": "pending", "payment_proof_url": null}', '{"approved_at": "2025-11-04T17:07:43.823Z", "approved_by": "3f9a5abf-a9c8-46de-ad7f-0466a8c1e054", "payment_status": "paid", "payment_proof_url": "http://127.0.0.1:54321/storage/v1/object/public/avatars/3f9a5abf-a9c8-46de-ad7f-0466a8c1e054/payment-proof-8c1b59d5-86c8-4ee0-b3e8-0f55f91f3e1f-1762276059527.jpg"}', 'Payment approved by admin'),
	('ab2fa4f4-1bf1-49e4-85e2-00747e37fd4d', '023facd1-47b8-450d-8794-d0bf1c6e8fc7', '3f9a5abf-a9c8-46de-ad7f-0466a8c1e054', '2025-11-04 17:11:48.538858+00', 'approved', '{"payment_status": "pending", "payment_proof_url": null}', '{"approved_at": "2025-11-04T17:11:48.520Z", "approved_by": "3f9a5abf-a9c8-46de-ad7f-0466a8c1e054", "payment_status": "paid", "payment_proof_url": "http://127.0.0.1:54321/storage/v1/object/public/avatars/3f9a5abf-a9c8-46de-ad7f-0466a8c1e054/payment-proof-023facd1-47b8-450d-8794-d0bf1c6e8fc7-1762276307442.jpg"}', 'Payment approved by admin'),
	('5586f0fc-7bb7-4c93-884b-76bc731c7ac7', '46e92b47-89a8-40d9-a724-580848b11428', '3f9a5abf-a9c8-46de-ad7f-0466a8c1e054', '2025-11-04 17:36:57.717357+00', 'refunded', NULL, '{"refund_amount": 30, "is_full_refund": true, "refunded_transaction_id": "8c1b59d5-86c8-4ee0-b3e8-0f55f91f3e1f"}', 'package removed'),
	('3b89f25b-0eb8-430b-908f-0bf26509ff93', 'be9aa087-25ee-4f6d-8647-ffd5b816a1f5', '3f9a5abf-a9c8-46de-ad7f-0466a8c1e054', '2025-11-06 09:22:56.53298+00', 'approved', '{"payment_status": "pending", "payment_proof_url": null}', '{"approved_at": "2025-11-06T09:22:56.524Z", "approved_by": "3f9a5abf-a9c8-46de-ad7f-0466a8c1e054", "payment_status": "paid", "payment_proof_url": "http://127.0.0.1:54321/storage/v1/object/public/avatars/3f9a5abf-a9c8-46de-ad7f-0466a8c1e054/payment-proof-be9aa087-25ee-4f6d-8647-ffd5b816a1f5-1762420974702.jpg"}', 'Payment approved by admin'),
	('39a03c76-fde3-49c4-8a98-12593e5e07da', '6d4b9e91-9a33-49bb-9216-91dad159cfb6', '3f9a5abf-a9c8-46de-ad7f-0466a8c1e054', '2025-11-06 09:35:35.873142+00', 'approved', '{"payment_status": "pending", "payment_proof_url": null}', '{"approved_at": "2025-11-06T09:35:35.858Z", "approved_by": "3f9a5abf-a9c8-46de-ad7f-0466a8c1e054", "payment_status": "paid", "payment_proof_url": "http://127.0.0.1:54321/storage/v1/object/public/avatars/3f9a5abf-a9c8-46de-ad7f-0466a8c1e054/payment-proof-be9aa087-25ee-4f6d-8647-ffd5b816a1f5-1762420974702.jpg"}', 'Payment approved by admin'),
	('bcd75b45-a7ae-4ca4-985a-3c84414122a7', 'e9c23123-6025-45d0-9f40-ad3bd0154119', '3f9a5abf-a9c8-46de-ad7f-0466a8c1e054', '2025-11-06 10:02:34.806818+00', 'approved', '{"payment_status": "pending", "payment_proof_url": null}', '{"approved_at": "2025-11-06T10:02:34.799Z", "approved_by": "3f9a5abf-a9c8-46de-ad7f-0466a8c1e054", "payment_status": "paid", "payment_proof_url": "http://127.0.0.1:54321/storage/v1/object/public/avatars/3f9a5abf-a9c8-46de-ad7f-0466a8c1e054/payment-proof-be9aa087-25ee-4f6d-8647-ffd5b816a1f5-1762420974702.jpg"}', 'Payment approved by admin'),
	('30129251-56da-49b9-b9bd-3092e3f31025', 'e37b051d-36ad-4560-bf29-f3d41e85e721', '3f9a5abf-a9c8-46de-ad7f-0466a8c1e054', '2025-11-06 10:04:23.459058+00', 'refunded', NULL, '{"refund_amount": 38.5, "is_full_refund": true, "refunded_transaction_id": "6d4b9e91-9a33-49bb-9216-91dad159cfb6"}', 'the package trancated'),
	('ee90e172-0f1c-4731-b902-4804c9830717', '3d1a2e81-41b1-431a-94ea-de5c520d791c', '3f9a5abf-a9c8-46de-ad7f-0466a8c1e054', '2025-11-06 10:12:03.731394+00', 'approved', '{"payment_status": "pending", "payment_proof_url": null}', '{"approved_at": "2025-11-06T10:12:03.719Z", "approved_by": "3f9a5abf-a9c8-46de-ad7f-0466a8c1e054", "payment_status": "paid", "payment_proof_url": "http://127.0.0.1:54321/storage/v1/object/public/avatars/3f9a5abf-a9c8-46de-ad7f-0466a8c1e054/payment-proof-be9aa087-25ee-4f6d-8647-ffd5b816a1f5-1762420974702.jpg"}', 'Payment approved by admin'),
	('3bcadbd5-3796-424c-96bb-161ad59ea4b2', 'ac2c946e-cc34-414b-a355-0c337dd60f53', '3f9a5abf-a9c8-46de-ad7f-0466a8c1e054', '2025-11-06 10:13:20.426493+00', 'refunded', NULL, '{"refund_amount": 38.5, "is_full_refund": true, "refunded_transaction_id": "3d1a2e81-41b1-431a-94ea-de5c520d791c"}', 'the package trancated'),
	('d1f1491f-ec8e-422d-96b0-779b1f517da0', 'bd624030-adc2-4f0f-8541-8fdd7af9c5c8', '3f9a5abf-a9c8-46de-ad7f-0466a8c1e054', '2025-11-09 08:00:44.922598+00', 'approved', '{"payment_status": "pending", "payment_proof_url": null}', '{"approved_at": "2025-11-09T08:00:44.913Z", "approved_by": "3f9a5abf-a9c8-46de-ad7f-0466a8c1e054", "payment_status": "paid", "payment_proof_url": "http://127.0.0.1:54321/storage/v1/object/public/avatars/3f9a5abf-a9c8-46de-ad7f-0466a8c1e054/payment-proof-be9aa087-25ee-4f6d-8647-ffd5b816a1f5-1762420974702.jpg"}', 'Payment approved by admin'),
	('1dea80a3-e24a-435e-8fb0-57965c1c4c3c', 'f3f685eb-6277-47ef-81d4-1927daef5b80', '3f9a5abf-a9c8-46de-ad7f-0466a8c1e054', '2025-11-09 08:30:50.34529+00', 'approved', '{"payment_status": "pending", "payment_proof_url": null}', '{"approved_at": "2025-11-09T08:30:50.335Z", "approved_by": "3f9a5abf-a9c8-46de-ad7f-0466a8c1e054", "payment_status": "paid", "payment_proof_url": "http://127.0.0.1:54321/storage/v1/object/public/avatars/3f9a5abf-a9c8-46de-ad7f-0466a8c1e054/payment-proof-f3f685eb-6277-47ef-81d4-1927daef5b80-1762677046064.jpg"}', 'Payment approved by admin'),
	('c25dfef2-dd64-4946-bfab-438b8d63bd86', '16fa20dc-0a47-4f9c-a1b8-bc93f95c4f09', '3f9a5abf-a9c8-46de-ad7f-0466a8c1e054', '2025-11-09 08:31:38.517028+00', 'refunded', NULL, '{"refund_amount": 38.5, "is_full_refund": true, "refunded_transaction_id": "f3f685eb-6277-47ef-81d4-1927daef5b80"}', 'player want to withdraw');


--
-- Data for Name: user_roles; Type: TABLE DATA; Schema: public; Owner: postgres
--

INSERT INTO "public"."user_roles" ("id", "user_id", "role", "created_at") VALUES
	('a9e4c6de-6b3a-49c4-a7f4-fef5ff1de594', '3f9a5abf-a9c8-46de-ad7f-0466a8c1e054', 'super_admin', '2025-10-15 03:46:17.38537+00'),
	('5aafe966-c8ff-4846-b81f-495d757d65a1', '28bd1311-4b1c-4155-961b-0667b0d55c96', 'admin', '2025-10-15 04:04:14.350024+00'),
	('d564cc72-0c9c-4247-a27f-e3bc77b54688', 'e54bd861-1c4e-4b4e-9fc6-ddfeac66ed19', 'admin', '2025-10-15 12:04:22.968883+00'),
	('c5e4fbcb-3d41-42af-8f5f-8a82847d556d', '7c3fe146-41ab-4506-9a8f-d646e686b00c', 'admin', '2025-10-15 21:47:02.111479+00'),
	('e168736f-a21a-4d88-b943-0d0a191f8d70', '7c3fe146-41ab-4506-9a8f-d646e686b00c', 'business_owner', '2025-10-17 19:31:10.986513+00'),
	('7d8413cc-c991-44c3-ae09-76409af8ce2e', 'e54bd861-1c4e-4b4e-9fc6-ddfeac66ed19', 'business_owner', '2025-10-18 03:51:35.4629+00'),
	('dc655b7d-d4ea-447d-a171-cf0b31ab33b1', '621e3afd-2f52-4a86-a419-9d70be632530', 'business_owner', '2025-11-02 08:27:34.159023+00'),
	('36b172de-cabd-4621-9cee-3cbf6855e3bb', '97423a6f-8c7f-4009-bc9d-56d4382f41c7', 'user', '2025-11-02 09:43:31.924619+00'),
	('8da43885-cf72-450c-b550-d5184427d9a2', '621e3afd-2f52-4a86-a419-9d70be632530', 'admin', '2025-11-03 10:36:11.477162+00'),
	('bfa650b0-a263-4c1c-b8ab-e1952a9f6aa3', '5b96f0b1-bd3f-4fbb-b8ef-239b10a14ecf', 'user', '2025-11-03 18:07:00.26844+00'),
	('45b3a4be-d6a9-46d3-aeb9-c2fd41c25ac5', '5b96f0b1-bd3f-4fbb-b8ef-239b10a14ecf', 'business_owner', '2025-11-03 19:00:58.246853+00'),
	('7c9a0fbb-30ba-4c1e-9c59-4490a16d9928', 'ef208d03-62dd-4a96-83ce-17831b298a52', 'user', '2025-11-16 07:48:33.541858+00');


--
-- Data for Name: buckets; Type: TABLE DATA; Schema: storage; Owner: supabase_storage_admin
--

INSERT INTO "storage"."buckets" ("id", "name", "owner", "created_at", "updated_at", "public", "avif_autodetection", "file_size_limit", "allowed_mime_types", "owner_id", "type") VALUES
	('avatars', 'avatars', NULL, '2025-10-28 12:32:38.683557+00', '2025-10-28 12:32:38.683557+00', true, false, 2097152, '{image/jpeg,image/jpg,image/png,image/webp}', NULL, 'STANDARD');


--
-- Data for Name: buckets_analytics; Type: TABLE DATA; Schema: storage; Owner: supabase_storage_admin
--



--
-- Data for Name: iceberg_namespaces; Type: TABLE DATA; Schema: storage; Owner: supabase_storage_admin
--



--
-- Data for Name: iceberg_tables; Type: TABLE DATA; Schema: storage; Owner: supabase_storage_admin
--



--
-- Data for Name: objects; Type: TABLE DATA; Schema: storage; Owner: supabase_storage_admin
--

INSERT INTO "storage"."objects" ("id", "bucket_id", "name", "owner", "created_at", "updated_at", "last_accessed_at", "metadata", "version", "owner_id", "user_metadata", "level") VALUES
	('96a2cedd-bae6-4e7b-a8b3-b2661ef2df58', 'avatars', '621e3afd-2f52-4a86-a419-9d70be632530/avatar-1762171090129.jpg', '621e3afd-2f52-4a86-a419-9d70be632530', '2025-11-03 11:58:10.523965+00', '2025-11-03 11:58:10.523965+00', '2025-11-03 11:58:10.523965+00', '{"eTag": "\"169ab30919cd414f3dd9cba4e87f068c\"", "size": 7783, "mimetype": "image/jpeg", "cacheControl": "max-age=3600", "lastModified": "2025-11-03T11:58:10.508Z", "contentLength": 7783, "httpStatusCode": 200}', 'bfb5d30c-c53d-4943-8896-6b829e8ff172', '621e3afd-2f52-4a86-a419-9d70be632530', '{}', 2),
	('101c1c24-3197-4558-9a5f-9b8da6c9a1a6', 'avatars', '621e3afd-2f52-4a86-a419-9d70be632530/avatar-1762171276536.jpg', '621e3afd-2f52-4a86-a419-9d70be632530', '2025-11-03 12:01:16.605691+00', '2025-11-03 12:01:16.605691+00', '2025-11-03 12:01:16.605691+00', '{"eTag": "\"d93bdae033cdac4aeec0fe75b93a4a1e\"", "size": 12182, "mimetype": "image/jpeg", "cacheControl": "max-age=3600", "lastModified": "2025-11-03T12:01:16.602Z", "contentLength": 12182, "httpStatusCode": 200}', '8eafea0b-885d-4983-bcb0-6da9840d6079', '621e3afd-2f52-4a86-a419-9d70be632530', '{}', 2),
	('d654047e-8da5-45b6-9ac4-38b5d508502b', 'avatars', '621e3afd-2f52-4a86-a419-9d70be632530/avatar-1762171444900.jpg', '621e3afd-2f52-4a86-a419-9d70be632530', '2025-11-03 12:04:04.97104+00', '2025-11-03 12:04:04.97104+00', '2025-11-03 12:04:04.97104+00', '{"eTag": "\"169ab30919cd414f3dd9cba4e87f068c\"", "size": 7783, "mimetype": "image/jpeg", "cacheControl": "max-age=3600", "lastModified": "2025-11-03T12:04:04.968Z", "contentLength": 7783, "httpStatusCode": 200}', 'ff4b04f1-be80-4271-81fd-572e4ac623b0', '621e3afd-2f52-4a86-a419-9d70be632530', '{}', 2),
	('7533b7a1-ef05-4e0f-b465-5c16c8cbde64', 'avatars', '621e3afd-2f52-4a86-a419-9d70be632530/avatar-1762193033243.jpg', '621e3afd-2f52-4a86-a419-9d70be632530', '2025-11-03 18:03:53.302841+00', '2025-11-03 18:03:53.302841+00', '2025-11-03 18:03:53.302841+00', '{"eTag": "\"169ab30919cd414f3dd9cba4e87f068c\"", "size": 7783, "mimetype": "image/jpeg", "cacheControl": "max-age=3600", "lastModified": "2025-11-03T18:03:53.300Z", "contentLength": 7783, "httpStatusCode": 200}', '2d9762e3-a756-4117-a9ca-05f3448c81d0', '621e3afd-2f52-4a86-a419-9d70be632530', '{}', 2),
	('ff876ea6-2f76-43fa-9089-cf54e8e92645', 'avatars', '3f9a5abf-a9c8-46de-ad7f-0466a8c1e054/payment-proof-47c7e408-6c27-4406-ac81-c56c37a07f50-1762254507844.jpg', '3f9a5abf-a9c8-46de-ad7f-0466a8c1e054', '2025-11-04 11:08:27.980748+00', '2025-11-04 11:08:27.980748+00', '2025-11-04 11:08:27.980748+00', '{"eTag": "\"2e5f0a910532d02635233e1863c4241f\"", "size": 4976, "mimetype": "image/jpeg", "cacheControl": "max-age=3600", "lastModified": "2025-11-04T11:08:27.971Z", "contentLength": 4976, "httpStatusCode": 200}', '54fd935b-3838-4655-a12b-5488b29a2c8c', '3f9a5abf-a9c8-46de-ad7f-0466a8c1e054', '{}', 2),
	('f44712fd-f58f-4ac6-b09f-4ba13dcfbef8', 'avatars', '3f9a5abf-a9c8-46de-ad7f-0466a8c1e054/payment-proof-851db2ce-889b-4656-9dae-699ed9dd12d0-1762257765214.jpg', '3f9a5abf-a9c8-46de-ad7f-0466a8c1e054', '2025-11-04 12:02:45.326701+00', '2025-11-04 12:02:45.326701+00', '2025-11-04 12:02:45.326701+00', '{"eTag": "\"0390e3781ba395fbc771c790c62e4898\"", "size": 6169, "mimetype": "image/jpeg", "cacheControl": "max-age=3600", "lastModified": "2025-11-04T12:02:45.320Z", "contentLength": 6169, "httpStatusCode": 200}', 'f671ea07-31a2-45ca-8cdf-259cff8f530a', '3f9a5abf-a9c8-46de-ad7f-0466a8c1e054', '{}', 2),
	('951e0c62-e57f-4f61-a607-fe4d2e3b7e30', 'avatars', '3f9a5abf-a9c8-46de-ad7f-0466a8c1e054/payment-proof-8c1b59d5-86c8-4ee0-b3e8-0f55f91f3e1f-1762276059527.jpg', '3f9a5abf-a9c8-46de-ad7f-0466a8c1e054', '2025-11-04 17:07:39.673073+00', '2025-11-04 17:07:39.673073+00', '2025-11-04 17:07:39.673073+00', '{"eTag": "\"76dd7a9f71b7e98d389193c821e9b28e\"", "size": 5054, "mimetype": "image/jpeg", "cacheControl": "max-age=3600", "lastModified": "2025-11-04T17:07:39.664Z", "contentLength": 5054, "httpStatusCode": 200}', '1fd50498-64ee-4bea-9878-8638e97e0bc4', '3f9a5abf-a9c8-46de-ad7f-0466a8c1e054', '{}', 2),
	('ecb211b6-1857-4cb0-9432-716231c363b4', 'avatars', '3f9a5abf-a9c8-46de-ad7f-0466a8c1e054/payment-proof-023facd1-47b8-450d-8794-d0bf1c6e8fc7-1762276307442.jpg', '3f9a5abf-a9c8-46de-ad7f-0466a8c1e054', '2025-11-04 17:11:47.586109+00', '2025-11-04 17:11:47.586109+00', '2025-11-04 17:11:47.586109+00', '{"eTag": "\"76dd7a9f71b7e98d389193c821e9b28e\"", "size": 5054, "mimetype": "image/jpeg", "cacheControl": "max-age=3600", "lastModified": "2025-11-04T17:11:47.579Z", "contentLength": 5054, "httpStatusCode": 200}', '63690f7e-80f9-4440-b644-b21c86859789', '3f9a5abf-a9c8-46de-ad7f-0466a8c1e054', '{}', 2),
	('4e85ae0f-a400-4bae-8c9e-143d37452d08', 'avatars', '3f9a5abf-a9c8-46de-ad7f-0466a8c1e054/refund-proof-8c1b59d5-86c8-4ee0-b3e8-0f55f91f3e1f-1762277797564.jpg', '3f9a5abf-a9c8-46de-ad7f-0466a8c1e054', '2025-11-04 17:36:37.831127+00', '2025-11-04 17:36:37.831127+00', '2025-11-04 17:36:37.831127+00', '{"eTag": "\"76dd7a9f71b7e98d389193c821e9b28e\"", "size": 5054, "mimetype": "image/jpeg", "cacheControl": "max-age=3600", "lastModified": "2025-11-04T17:36:37.823Z", "contentLength": 5054, "httpStatusCode": 200}', 'c619a70f-e8e9-4466-91ca-802b79113606', '3f9a5abf-a9c8-46de-ad7f-0466a8c1e054', '{}', 2),
	('2ab2cb26-5a5d-48d0-a6b1-ece67efcddda', 'avatars', '3f9a5abf-a9c8-46de-ad7f-0466a8c1e054/payment-proof-be9aa087-25ee-4f6d-8647-ffd5b816a1f5-1762420974702.jpg', '3f9a5abf-a9c8-46de-ad7f-0466a8c1e054', '2025-11-06 09:22:54.90055+00', '2025-11-06 09:22:54.90055+00', '2025-11-06 09:22:54.90055+00', '{"eTag": "\"76dd7a9f71b7e98d389193c821e9b28e\"", "size": 5054, "mimetype": "image/jpeg", "cacheControl": "max-age=3600", "lastModified": "2025-11-06T09:22:54.890Z", "contentLength": 5054, "httpStatusCode": 200}', '6697d483-6b66-4794-a0bf-b66019a0452b', '3f9a5abf-a9c8-46de-ad7f-0466a8c1e054', '{}', 2),
	('79b309c9-5f08-46e3-9113-07429d199748', 'avatars', '3f9a5abf-a9c8-46de-ad7f-0466a8c1e054/payment-proof-f3f685eb-6277-47ef-81d4-1927daef5b80-1762677046064.jpg', '3f9a5abf-a9c8-46de-ad7f-0466a8c1e054', '2025-11-09 08:30:46.265606+00', '2025-11-09 08:30:46.265606+00', '2025-11-09 08:30:46.265606+00', '{"eTag": "\"76dd7a9f71b7e98d389193c821e9b28e\"", "size": 5054, "mimetype": "image/jpeg", "cacheControl": "max-age=3600", "lastModified": "2025-11-09T08:30:46.255Z", "contentLength": 5054, "httpStatusCode": 200}', '504ff0b5-6f5d-42dc-80a8-b1b6710a1285', '3f9a5abf-a9c8-46de-ad7f-0466a8c1e054', '{}', 2);


--
-- Data for Name: prefixes; Type: TABLE DATA; Schema: storage; Owner: supabase_storage_admin
--

INSERT INTO "storage"."prefixes" ("bucket_id", "name", "created_at", "updated_at") VALUES
	('avatars', '621e3afd-2f52-4a86-a419-9d70be632530', '2025-11-03 11:58:10.523965+00', '2025-11-03 11:58:10.523965+00'),
	('avatars', '3f9a5abf-a9c8-46de-ad7f-0466a8c1e054', '2025-11-04 11:08:27.980748+00', '2025-11-04 11:08:27.980748+00');


--
-- Data for Name: s3_multipart_uploads; Type: TABLE DATA; Schema: storage; Owner: supabase_storage_admin
--



--
-- Data for Name: s3_multipart_uploads_parts; Type: TABLE DATA; Schema: storage; Owner: supabase_storage_admin
--



--
-- Data for Name: hooks; Type: TABLE DATA; Schema: supabase_functions; Owner: supabase_functions_admin
--



--
-- Name: refresh_tokens_id_seq; Type: SEQUENCE SET; Schema: auth; Owner: supabase_auth_admin
--

SELECT pg_catalog.setval('"auth"."refresh_tokens_id_seq"', 354, true);


--
-- Name: hooks_id_seq; Type: SEQUENCE SET; Schema: supabase_functions; Owner: supabase_functions_admin
--

SELECT pg_catalog.setval('"supabase_functions"."hooks_id_seq"', 1, false);


--
-- PostgreSQL database dump complete
--

-- \unrestrict 6qrd6LEb3kaVjudWS3ERBIyXDuCmUTw3qcLNBAvS1A3a5DUPQewUuzDJiqWn4wf

RESET ALL;
