-- Database Backup Restore
-- Generated: 2025-10-29T08:04:31.710Z

-- Disable triggers and foreign key constraints during import
SET session_replication_role = replica;

-- Inserting 8 rows into profiles
INSERT INTO "profiles" ("id", "user_id", "name", "avatar_url", "phone", "country_code", "date_of_birth", "gender", "nationality", "address", "created_at", "updated_at", "blood_type", "email") VALUES ('acdf0295-99f5-4609-93d1-4b8b51a5883b', '6efe5161-8bd0-4088-b2d2-beb995b6a0f1', 'Sulaiman Rashid Shabib', 'https://zcwfreuywtlrrgevhtmo.supabase.co/storage/v1/object/public/avatars/3f9a5abf-a9c8-46de-ad7f-0466a8c1e054/instructor-bbcc719f-7fd5-41b6-b2c0-3834a4e94018-1760759255222.jpg', '37700894', '+973', '2007-08-01', 'male', 'BH', NULL, '2025-10-18T03:04:06.229543+00:00', '2025-10-18T05:53:06.529796+00:00', 'dont_know', 'sshbyb411@gmil.com') ON CONFLICT DO NOTHING;
INSERT INTO "profiles" ("id", "user_id", "name", "avatar_url", "phone", "country_code", "date_of_birth", "gender", "nationality", "address", "created_at", "updated_at", "blood_type", "email") VALUES ('3adc3b13-6232-4713-845e-42b758664587', '7c3fe146-41ab-4506-9a8f-d646e686b00c', 'Manar Al Rayes', 'https://zcwfreuywtlrrgevhtmo.supabase.co/storage/v1/object/public/avatars/3f9a5abf-a9c8-46de-ad7f-0466a8c1e054/profile-1760586475557.jpg', '39824114', '+973', '1989-05-10', 'female', 'BH', NULL, '2025-10-15T21:43:41.78652+00:00', '2025-10-18T05:55:20.131817+00:00', 'dont_know', 'phoenix.tkd.bh@gmail.com') ON CONFLICT DO NOTHING;
INSERT INTO "profiles" ("id", "user_id", "name", "avatar_url", "phone", "country_code", "date_of_birth", "gender", "nationality", "address", "created_at", "updated_at", "blood_type", "email") VALUES ('1b5e9703-e28a-46f2-91ed-b20fcecc6ff4', '6012dbc2-411f-4c50-a828-43c1263618dd', 'Ahmed', 'https://zcwfreuywtlrrgevhtmo.supabase.co/storage/v1/object/public/avatars/3f9a5abf-a9c8-46de-ad7f-0466a8c1e054/profile-1760586524468.jpg', '33791210', '+973', '1996-03-03', 'male', 'BH', NULL, '2025-10-16T03:50:19.348804+00:00', '2025-10-16T03:50:19.708108+00:00', 'dont_know', 'ahmed@gmaill.com') ON CONFLICT DO NOTHING;
INSERT INTO "profiles" ("id", "user_id", "name", "avatar_url", "phone", "country_code", "date_of_birth", "gender", "nationality", "address", "created_at", "updated_at", "blood_type", "email") VALUES ('dc9d8e95-1c5b-4167-8c86-81156099039b', '3f9a5abf-a9c8-46de-ad7f-0466a8c1e054', 'Ghassan Mohamed Yusuf', 'https://zcwfreuywtlrrgevhtmo.supabase.co/storage/v1/object/public/avatars/3f9a5abf-a9c8-46de-ad7f-0466a8c1e054/profile-1760503128271.jpg', '33165444', '+973', '1983-01-30', 'male', 'BH', NULL, '2025-10-15T04:37:31.602804+00:00', '2025-10-15T04:40:57.774966+00:00', 'dont_know', 'platformtakeone@gmail.com') ON CONFLICT DO NOTHING;
INSERT INTO "profiles" ("id", "user_id", "name", "avatar_url", "phone", "country_code", "date_of_birth", "gender", "nationality", "address", "created_at", "updated_at", "blood_type", "email") VALUES ('59df86d5-0040-401e-aef7-8eecc10bc58a', '28bd1311-4b1c-4155-961b-0667b0d55c96', 'Hassan Ali Shalan', 'https://zcwfreuywtlrrgevhtmo.supabase.co/storage/v1/object/public/avatars/3f9a5abf-a9c8-46de-ad7f-0466a8c1e054/profile-1760502805477.jpg', '36722245', '+973', '1987-12-22', 'male', 'BH', NULL, '2025-10-15T04:04:14.077775+00:00', '2025-10-15T09:41:51.798+00:00', 'dont_know', 'hasanshalan114@gmail.com') ON CONFLICT DO NOTHING;
INSERT INTO "profiles" ("id", "user_id", "name", "avatar_url", "phone", "country_code", "date_of_birth", "gender", "nationality", "address", "created_at", "updated_at", "blood_type", "email") VALUES ('8146285b-15af-4932-a56d-d85055c10276', 'e54bd861-1c4e-4b4e-9fc6-ddfeac66ed19', 'Sami Al Manea', 'https://zcwfreuywtlrrgevhtmo.supabase.co/storage/v1/object/public/avatars/3f9a5abf-a9c8-46de-ad7f-0466a8c1e054/profile-1760528371681.jpg', '33950778', '+973', '1976-12-10', 'male', 'BH', NULL, '2025-10-15T11:36:10.498537+00:00', '2025-10-15T11:41:38.848696+00:00', 'dont_know', 'emperorsameta@gmail.com') ON CONFLICT DO NOTHING;
INSERT INTO "profiles" ("id", "user_id", "name", "avatar_url", "phone", "country_code", "date_of_birth", "gender", "nationality", "address", "created_at", "updated_at", "blood_type", "email") VALUES ('90c950d6-5097-48c4-b761-d89c940dd4f3', 'e6918d3a-50dc-4855-8843-bf85b1cd8ae5', 'Ghaida', 'https://zcwfreuywtlrrgevhtmo.supabase.co/storage/v1/object/public/avatars/3f9a5abf-a9c8-46de-ad7f-0466a8c1e054/profile-1760586179874.jpg', '38357672', '+973', '1997-06-02', 'female', 'BH', NULL, '2025-10-16T03:46:47.281247+00:00', '2025-10-16T03:46:47.71166+00:00', 'dont_know', 'ghaidaa@gmail.com') ON CONFLICT DO NOTHING;
INSERT INTO "profiles" ("id", "user_id", "name", "avatar_url", "phone", "country_code", "date_of_birth", "gender", "nationality", "address", "created_at", "updated_at", "blood_type", "email") VALUES ('44380416-6ad6-43a1-bd94-dbe9bd11b678', '4092bc21-4832-467f-841a-2b3a9b969029', 'Fahad Aayed Alanzi', 'https://zcwfreuywtlrrgevhtmo.supabase.co/storage/v1/object/public/avatars/3f9a5abf-a9c8-46de-ad7f-0466a8c1e054/instructor-fb19b81e-1874-4451-8193-9429d637efc8-1760564153268.jpg', '36424438', '+973', '1998-03-15', 'male', 'BH', NULL, '2025-10-15T21:36:51.993718+00:00', '2025-10-18T11:50:53.514292+00:00', 'dont_know', 'theemperorfahad@gmail.com') ON CONFLICT DO NOTHING;

-- Inserting 6 rows into user_roles
INSERT INTO "user_roles" ("id", "user_id", "role", "created_at") VALUES ('a9e4c6de-6b3a-49c4-a7f4-fef5ff1de594', '3f9a5abf-a9c8-46de-ad7f-0466a8c1e054', 'super_admin', '2025-10-15T03:46:17.38537+00:00') ON CONFLICT DO NOTHING;
INSERT INTO "user_roles" ("id", "user_id", "role", "created_at") VALUES ('5aafe966-c8ff-4846-b81f-495d757d65a1', '28bd1311-4b1c-4155-961b-0667b0d55c96', 'admin', '2025-10-15T04:04:14.350024+00:00') ON CONFLICT DO NOTHING;
INSERT INTO "user_roles" ("id", "user_id", "role", "created_at") VALUES ('d564cc72-0c9c-4247-a27f-e3bc77b54688', 'e54bd861-1c4e-4b4e-9fc6-ddfeac66ed19', 'admin', '2025-10-15T12:04:22.968883+00:00') ON CONFLICT DO NOTHING;
INSERT INTO "user_roles" ("id", "user_id", "role", "created_at") VALUES ('c5e4fbcb-3d41-42af-8f5f-8a82847d556d', '7c3fe146-41ab-4506-9a8f-d646e686b00c', 'admin', '2025-10-15T21:47:02.111479+00:00') ON CONFLICT DO NOTHING;
INSERT INTO "user_roles" ("id", "user_id", "role", "created_at") VALUES ('e168736f-a21a-4d88-b943-0d0a191f8d70', '7c3fe146-41ab-4506-9a8f-d646e686b00c', 'business_owner', '2025-10-17T19:31:10.986513+00:00') ON CONFLICT DO NOTHING;
INSERT INTO "user_roles" ("id", "user_id", "role", "created_at") VALUES ('7d8413cc-c991-44c3-ae09-76409af8ce2e', 'e54bd861-1c4e-4b4e-9fc6-ddfeac66ed19', 'business_owner', '2025-10-18T03:51:35.4629+00:00') ON CONFLICT DO NOTHING;

-- Inserting 3 rows into children
INSERT INTO "children" ("id", "parent_user_id", "name", "gender", "date_of_birth", "avatar_url", "created_at", "updated_at", "blood_type", "nationality") VALUES ('b58cb0ed-c095-4b58-9bc6-a40fce9f4001', '3f9a5abf-a9c8-46de-ad7f-0466a8c1e054', 'Ayoob Ghassan Mohamed', 'male', '2020-06-04', 'https://zcwfreuywtlrrgevhtmo.supabase.co/storage/v1/object/public/avatars/3f9a5abf-a9c8-46de-ad7f-0466a8c1e054/profile-1760714470479.png', '2025-10-17T09:48:49.849405+00:00', '2025-10-17T15:23:37.672301+00:00', 'dont_know', 'Bahrain') ON CONFLICT DO NOTHING;
INSERT INTO "children" ("id", "parent_user_id", "name", "gender", "date_of_birth", "avatar_url", "created_at", "updated_at", "blood_type", "nationality") VALUES ('c9f30e02-887a-4f28-b93f-105bdcac6ea9', '3f9a5abf-a9c8-46de-ad7f-0466a8c1e054', 'Mohamed Ghassan Mohammed', 'male', '2015-02-17', 'https://zcwfreuywtlrrgevhtmo.supabase.co/storage/v1/object/public/avatars/3f9a5abf-a9c8-46de-ad7f-0466a8c1e054/child-1760758196623.png', '2025-10-18T03:30:29.686855+00:00', '2025-10-18T03:30:29.686855+00:00', 'dont_know', 'BH') ON CONFLICT DO NOTHING;
INSERT INTO "children" ("id", "parent_user_id", "name", "gender", "date_of_birth", "avatar_url", "created_at", "updated_at", "blood_type", "nationality") VALUES ('cb4748a6-0523-484a-a3ee-7be6d2a9a395', '3f9a5abf-a9c8-46de-ad7f-0466a8c1e054', 'Zahra Ghassan Mohamed', 'female', '2022-09-19', 'https://zcwfreuywtlrrgevhtmo.supabase.co/storage/v1/object/public/avatars/3f9a5abf-a9c8-46de-ad7f-0466a8c1e054/child-1760758334390.jpg', '2025-10-18T03:33:25.269823+00:00', '2025-10-18T03:33:25.269823+00:00', 'dont_know', 'BH') ON CONFLICT DO NOTHING;

-- Inserting 3 rows into clubs
INSERT INTO "clubs" ("id", "name", "description", "location", "rating", "members_count", "classes_count", "trainers_count", "peak_hours", "image_url", "created_at", "updated_at", "welcoming_message", "gps_latitude", "gps_longitude", "link_tree", "logo_url", "owner_name", "owner_contact", "owner_email", "slogan", "slogan_explanation", "club_email", "club_phone", "currency", "timezone", "club_slug", "opening_hours", "bank_name", "bank_account_name", "bank_account_number", "bank_iban", "bank_swift_code", "member_code_prefix", "invoice_code_prefix", "receipt_code_prefix", "expense_code_prefix", "specialist_code_prefix", "favicon_url", "club_phone_code", "owner_contact_code", "enrollment_fee", "child_code_prefix", "commercial_registration_number", "vat_registration_number", "vat_percentage", "map_zoom", "business_owner_id", "country_iso") VALUES ('bbcc719f-7fd5-41b6-b2c0-3834a4e94018', 'EMPEROR TAEKWONDO ACADEMY', 'a happy welcoming socializing place built for achieving greatnes', 'Road 1238, Dar Kulayb, Northern Governorate, Bahrain', 0, 7, 0, 0, NULL, 'https://zcwfreuywtlrrgevhtmo.supabase.co/storage/v1/object/public/avatars/3f9a5abf-a9c8-46de-ad7f-0466a8c1e054/club-bbcc719f-7fd5-41b6-b2c0-3834a4e94018-cover-1760759485991.jpg', '2025-10-15T12:04:18.242307+00:00', '2025-10-26T14:35:21.633506+00:00', '', 26.09207319920245, 50.512003898620605, '[{"url":"https://www.instagram.com/emperor_eta/","title":"Instagram"},{"url":"https://www.tiktok.com/@emperor7612","title":"TikTok"},{"url":"https://www.snapchat.com/@emperorsameta","title":"snapchat"},{"url":"https://wa.me/97333950778","title":"WhatsApp"},{"url":"tel:0097333950778","title":"Phone"},{"url":"mailto:emperorsameta@gmail.com","title":"Email"}]', 'https://zcwfreuywtlrrgevhtmo.supabase.co/storage/v1/object/public/avatars/3f9a5abf-a9c8-46de-ad7f-0466a8c1e054/club-bbcc719f-7fd5-41b6-b2c0-3834a4e94018-logo-1760529898182.png', 'Sami Al Manea', '33950778', 'emperorsameta@gmail.com', 'walk the path and build your empire', NULL, 'emperorsameta@gmail.com', '33950778', 'BHD', 'Asia/Bahrain', 'eta', '{}', NULL, NULL, NULL, NULL, NULL, 'MEM', 'INV', 'REC', 'EXP', 'SPEC', 'https://zcwfreuywtlrrgevhtmo.supabase.co/storage/v1/object/public/avatars/3f9a5abf-a9c8-46de-ad7f-0466a8c1e054/club-bbcc719f-7fd5-41b6-b2c0-3834a4e94018-favicon-1760529903680.png', '+973', '+973', 10, 'CHILD', NULL, NULL, 10, 16, 'e54bd861-1c4e-4b4e-9fc6-ddfeac66ed19', 'BH') ON CONFLICT DO NOTHING;
INSERT INTO "clubs" ("id", "name", "description", "location", "rating", "members_count", "classes_count", "trainers_count", "peak_hours", "image_url", "created_at", "updated_at", "welcoming_message", "gps_latitude", "gps_longitude", "link_tree", "logo_url", "owner_name", "owner_contact", "owner_email", "slogan", "slogan_explanation", "club_email", "club_phone", "currency", "timezone", "club_slug", "opening_hours", "bank_name", "bank_account_name", "bank_account_number", "bank_iban", "bank_swift_code", "member_code_prefix", "invoice_code_prefix", "receipt_code_prefix", "expense_code_prefix", "specialist_code_prefix", "favicon_url", "club_phone_code", "owner_contact_code", "enrollment_fee", "child_code_prefix", "commercial_registration_number", "vat_registration_number", "vat_percentage", "map_zoom", "business_owner_id", "country_iso") VALUES ('fb19b81e-1874-4451-8193-9429d637efc8', 'LEGEND TAEKWONDO ACADEMY', 'Whatever', 'Road 3820, الدراز, Northern Governorate, Bahrain', 0, 6, 0, 0, NULL, 'https://zcwfreuywtlrrgevhtmo.supabase.co/storage/v1/object/public/avatars/3f9a5abf-a9c8-46de-ad7f-0466a8c1e054/club-fb19b81e-1874-4451-8193-9429d637efc8-cover-1760502366322.jpg', '2025-10-15T04:04:10.09307+00:00', '2025-10-26T07:00:00.315239+00:00', '', 26.21591449932823, 50.464249849319465, '{}', 'https://zcwfreuywtlrrgevhtmo.supabase.co/storage/v1/object/public/avatars/3f9a5abf-a9c8-46de-ad7f-0466a8c1e054/club-fb19b81e-1874-4451-8193-9429d637efc8-logo-1760502306248.png', 'Hassan Ali Shalan', '36722245', 'hasanshalan114@gmail.com', '', NULL, 'hasanshalan114@gmail.com', '36722245', 'BHD', 'Asia/Bahrain', 'lta', '{}', NULL, NULL, NULL, NULL, NULL, 'MEM', 'INV', 'REC', 'EXP', 'SPEC', 'https://zcwfreuywtlrrgevhtmo.supabase.co/storage/v1/object/public/avatars/3f9a5abf-a9c8-46de-ad7f-0466a8c1e054/club-fb19b81e-1874-4451-8193-9429d637efc8-favicon-1760502315742.png', '+973', '+973', 7, 'CHILD', NULL, NULL, 10, 17, NULL, 'BH') ON CONFLICT DO NOTHING;
INSERT INTO "clubs" ("id", "name", "description", "location", "rating", "members_count", "classes_count", "trainers_count", "peak_hours", "image_url", "created_at", "updated_at", "welcoming_message", "gps_latitude", "gps_longitude", "link_tree", "logo_url", "owner_name", "owner_contact", "owner_email", "slogan", "slogan_explanation", "club_email", "club_phone", "currency", "timezone", "club_slug", "opening_hours", "bank_name", "bank_account_name", "bank_account_number", "bank_iban", "bank_swift_code", "member_code_prefix", "invoice_code_prefix", "receipt_code_prefix", "expense_code_prefix", "specialist_code_prefix", "favicon_url", "club_phone_code", "owner_contact_code", "enrollment_fee", "child_code_prefix", "commercial_registration_number", "vat_registration_number", "vat_percentage", "map_zoom", "business_owner_id", "country_iso") VALUES ('7a7643d1-15c5-4750-8f21-dcec5179f82d', 'PHOENIX TAEKWONDO ACADEMY', '', 'Road 1101, Manama, Capital Governorate, Bahrain', 0, 11, 0, 0, NULL, 'https://zcwfreuywtlrrgevhtmo.supabase.co/storage/v1/object/public/avatars/3f9a5abf-a9c8-46de-ad7f-0466a8c1e054/club-7a7643d1-15c5-4750-8f21-dcec5179f82d-cover-1760726358161.jpg', '2025-10-15T21:47:00.53319+00:00', '2025-10-26T07:04:06.46795+00:00', '', 26.1984241570691, 50.564113855361946, '{}', 'https://zcwfreuywtlrrgevhtmo.supabase.co/storage/v1/object/public/avatars/3f9a5abf-a9c8-46de-ad7f-0466a8c1e054/club-7a7643d1-15c5-4750-8f21-dcec5179f82d-logo-1760564920704.png', 'Manar Al Rayes', '39824114', 'manar@gmail.com', '', NULL, 'phoenix.tkd.bh@gmail.com', '39824114', 'BHD', 'Asia/Bahrain', 'pta', '{}', NULL, NULL, NULL, NULL, NULL, 'MEM', 'INV', 'REC', 'EXP', 'SPEC', 'https://zcwfreuywtlrrgevhtmo.supabase.co/storage/v1/object/public/avatars/3f9a5abf-a9c8-46de-ad7f-0466a8c1e054/club-7a7643d1-15c5-4750-8f21-dcec5179f82d-favicon-1760564927189.png', '+973', '+973', 7, 'CHILD', NULL, NULL, 0, 16, '7c3fe146-41ab-4506-9a8f-d646e686b00c', 'BH') ON CONFLICT DO NOTHING;

-- Inserting 3 rows into club_facilities
INSERT INTO "club_facilities" ("id", "club_id", "name", "address", "latitude", "longitude", "is_rentable", "created_at", "updated_at", "description", "is_available", "map_zoom") VALUES ('095e0b27-d269-413f-a057-5c3b227643fd', 'bbcc719f-7fd5-41b6-b2c0-3834a4e94018', 'Main Hall', 'Road 1238, Dar Kulayb, Northern Governorate, Bahrain', 26.09205393, 50.5120039, false, '2025-10-15T18:31:12.185224+00:00', '2025-10-15T18:31:12.185224+00:00', NULL, true, 16) ON CONFLICT DO NOTHING;
INSERT INTO "club_facilities" ("id", "club_id", "name", "address", "latitude", "longitude", "is_rentable", "created_at", "updated_at", "description", "is_available", "map_zoom") VALUES ('f367e4cd-d41e-49a7-ba0e-317337f34952', 'fb19b81e-1874-4451-8193-9429d637efc8', 'Main Hall', 'Road 3624, المدينة الشمالية, Northern Governorate, Bahrain', 26.21653532, 50.47044039, false, '2025-10-15T19:06:41.130328+00:00', '2025-10-15T19:06:41.130328+00:00', NULL, true, 16) ON CONFLICT DO NOTHING;
INSERT INTO "club_facilities" ("id", "club_id", "name", "address", "latitude", "longitude", "is_rentable", "created_at", "updated_at", "description", "is_available", "map_zoom") VALUES ('842d7a64-a4a8-43ae-8eef-7359a604960d', '7a7643d1-15c5-4750-8f21-dcec5179f82d', 'Main Hall', 'Avenue 73, Manama, Capital Governorate, Bahrain', 26.20065271, 50.56716084, false, '2025-10-17T19:38:49.244026+00:00', '2025-10-17T19:38:49.244026+00:00', NULL, true, 17) ON CONFLICT DO NOTHING;

-- Inserting 7 rows into club_instructors
INSERT INTO "club_instructors" ("id", "club_id", "name", "specialty", "rating", "experience", "bio", "image_url", "created_at", "updated_at", "achievements", "certifications", "credentials", "specialty_tags", "link_tree", "member_id", "club_rating", "offers_personal_training") VALUES ('3acb6516-0e33-4c5e-85ca-93ae89384d94', '7a7643d1-15c5-4750-8f21-dcec5179f82d', 'Manar Al Rayes', 'TaeKwonDo Instructor, International Referee', 4.5, '15', NULL, 'https://zcwfreuywtlrrgevhtmo.supabase.co/storage/v1/object/public/avatars/3f9a5abf-a9c8-46de-ad7f-0466a8c1e054/profile-1760586475557.jpg', '2025-10-16T05:26:34.611505+00:00', '2025-10-16T05:26:34.611505+00:00', NULL, NULL, NULL, '{"taekwondo","judo"}', '{}', '8138a6e4-aea3-47e1-91b3-1dfaf8632bdf', NULL, false) ON CONFLICT DO NOTHING;
INSERT INTO "club_instructors" ("id", "club_id", "name", "specialty", "rating", "experience", "bio", "image_url", "created_at", "updated_at", "achievements", "certifications", "credentials", "specialty_tags", "link_tree", "member_id", "club_rating", "offers_personal_training") VALUES ('5aba852c-2af9-4912-ae14-3dde451b26eb', 'fb19b81e-1874-4451-8193-9429d637efc8', 'Fahad Aayed Alanzi', 'TaeKwonDo Instructor', 4.5, '10', NULL, 'https://zcwfreuywtlrrgevhtmo.supabase.co/storage/v1/object/public/avatars/3f9a5abf-a9c8-46de-ad7f-0466a8c1e054/instructor-fb19b81e-1874-4451-8193-9429d637efc8-1760564153268.jpg', '2025-10-19T01:09:56.235784+00:00', '2025-10-19T01:09:56.235784+00:00', NULL, NULL, NULL, '{"taekwondo"}', '{}', '63a62e9c-37b9-40d4-9da4-40550f7d1121', NULL, false) ON CONFLICT DO NOTHING;
INSERT INTO "club_instructors" ("id", "club_id", "name", "specialty", "rating", "experience", "bio", "image_url", "created_at", "updated_at", "achievements", "certifications", "credentials", "specialty_tags", "link_tree", "member_id", "club_rating", "offers_personal_training") VALUES ('31735e81-f023-4543-999a-c91a09f6add5', 'bbcc719f-7fd5-41b6-b2c0-3834a4e94018', 'Sami Al Manea', 'TaeKwonDo Instructor', 4.5, '25', NULL, 'https://zcwfreuywtlrrgevhtmo.supabase.co/storage/v1/object/public/avatars/3f9a5abf-a9c8-46de-ad7f-0466a8c1e054/profile-1760528371681.jpg', '2025-10-16T04:28:29.139461+00:00', '2025-10-16T04:28:29.139461+00:00', NULL, NULL, NULL, '{"taekwondo","fitness"}', '{}', '805fa4e4-0f6a-420f-89be-c3adbbc5a2a8', NULL, false) ON CONFLICT DO NOTHING;
INSERT INTO "club_instructors" ("id", "club_id", "name", "specialty", "rating", "experience", "bio", "image_url", "created_at", "updated_at", "achievements", "certifications", "credentials", "specialty_tags", "link_tree", "member_id", "club_rating", "offers_personal_training") VALUES ('cd9a2bc6-121a-4fa1-b7f4-9b041242a8e6', '7a7643d1-15c5-4750-8f21-dcec5179f82d', 'Ahmed', 'Men TaeKwonDo Instructor', 4.5, '8', NULL, 'https://zcwfreuywtlrrgevhtmo.supabase.co/storage/v1/object/public/avatars/3f9a5abf-a9c8-46de-ad7f-0466a8c1e054/profile-1760586524468.jpg', '2025-10-16T04:39:04.309343+00:00', '2025-10-16T04:39:04.309343+00:00', NULL, NULL, NULL, '{"taekwondo"}', '{}', 'e5858643-24ad-468e-bb75-ae74eaa2a518', NULL, false) ON CONFLICT DO NOTHING;
INSERT INTO "club_instructors" ("id", "club_id", "name", "specialty", "rating", "experience", "bio", "image_url", "created_at", "updated_at", "achievements", "certifications", "credentials", "specialty_tags", "link_tree", "member_id", "club_rating", "offers_personal_training") VALUES ('592530b9-c014-4146-a635-accae64e5d5a', 'fb19b81e-1874-4451-8193-9429d637efc8', 'Hassan Ali Shalan', 'TaeKwonDo Instructor', 4.5, '20', NULL, 'https://zcwfreuywtlrrgevhtmo.supabase.co/storage/v1/object/public/avatars/3f9a5abf-a9c8-46de-ad7f-0466a8c1e054/profile-1760502805477.jpg', '2025-10-16T05:56:48.141424+00:00', '2025-10-16T05:56:48.141424+00:00', NULL, NULL, NULL, '{"taekwondo"}', '{}', '374f2fab-e687-408c-beb3-368faaff401a', NULL, false) ON CONFLICT DO NOTHING;
INSERT INTO "club_instructors" ("id", "club_id", "name", "specialty", "rating", "experience", "bio", "image_url", "created_at", "updated_at", "achievements", "certifications", "credentials", "specialty_tags", "link_tree", "member_id", "club_rating", "offers_personal_training") VALUES ('0f4b8a8b-4231-4ead-9753-c85ce320ddb6', 'bbcc719f-7fd5-41b6-b2c0-3834a4e94018', 'Sulaiman', 'TaeKwonDo Instructor', 4.5, '8', NULL, 'https://zcwfreuywtlrrgevhtmo.supabase.co/storage/v1/object/public/avatars/3f9a5abf-a9c8-46de-ad7f-0466a8c1e054/instructor-bbcc719f-7fd5-41b6-b2c0-3834a4e94018-1760759255222.jpg', '2025-10-18T03:04:12.036919+00:00', '2025-10-18T03:47:42.681936+00:00', NULL, NULL, NULL, '{"taekwondo"}', '{}', '783970b1-629f-4aad-a43d-5e9f01095ae3', NULL, false) ON CONFLICT DO NOTHING;
INSERT INTO "club_instructors" ("id", "club_id", "name", "specialty", "rating", "experience", "bio", "image_url", "created_at", "updated_at", "achievements", "certifications", "credentials", "specialty_tags", "link_tree", "member_id", "club_rating", "offers_personal_training") VALUES ('bf4b5471-c006-4392-9f5c-2a1dfe2686b6', '7a7643d1-15c5-4750-8f21-dcec5179f82d', 'Ghaida', 'Ladies TaeKwonDo Instructor', 4.5, '10', NULL, 'https://zcwfreuywtlrrgevhtmo.supabase.co/storage/v1/object/public/avatars/3f9a5abf-a9c8-46de-ad7f-0466a8c1e054/profile-1760586179874.jpg', '2025-10-16T04:37:38.234663+00:00', '2025-10-16T04:37:38.234663+00:00', NULL, NULL, NULL, '{"taekwondo"}', '{}', '1ce1d09d-49fd-4b7d-80ab-c99b0a901040', NULL, false) ON CONFLICT DO NOTHING;

-- Inserting 17 rows into club_packages
INSERT INTO "club_packages" ("id", "club_id", "name", "price", "duration_months", "is_popular", "created_at", "updated_at", "popularity", "activity_type", "age_min", "age_max", "gender_restriction", "picture_url", "duration_type", "session_count", "discount_code", "discount_percentage", "start_date", "end_date", "booking_enabled", "max_bookings", "description") VALUES ('6858ac77-8e42-4335-9304-8f65a4d02144', 'bbcc719f-7fd5-41b6-b2c0-3834a4e94018', 'Ladies (S.T.T) Group B', 35, 1, false, '2025-10-15T20:46:12.014316+00:00', '2025-10-28T00:00:00.170296+00:00', 0, 'single', NULL, NULL, 'female', 'https://zcwfreuywtlrrgevhtmo.supabase.co/storage/v1/object/public/avatars/3f9a5abf-a9c8-46de-ad7f-0466a8c1e054/1760758699586-1760758721755.jpg', 'duration', NULL, NULL, 0, NULL, NULL, true, NULL, NULL) ON CONFLICT DO NOTHING;
INSERT INTO "club_packages" ("id", "club_id", "name", "price", "duration_months", "is_popular", "created_at", "updated_at", "popularity", "activity_type", "age_min", "age_max", "gender_restriction", "picture_url", "duration_type", "session_count", "discount_code", "discount_percentage", "start_date", "end_date", "booking_enabled", "max_bookings", "description") VALUES ('cedf7781-6296-4958-86e3-051b1f90eacc', 'bbcc719f-7fd5-41b6-b2c0-3834a4e94018', 'Kids (S.M.W) Group A', 35, 1, false, '2025-10-15T20:19:58.563145+00:00', '2025-10-28T00:00:00.170296+00:00', 0, 'single', 5, 6, 'mixed', 'https://zcwfreuywtlrrgevhtmo.supabase.co/storage/v1/object/public/avatars/3f9a5abf-a9c8-46de-ad7f-0466a8c1e054/1760758878940-1760758898196.jpg', 'duration', NULL, NULL, 0, NULL, NULL, true, NULL, NULL) ON CONFLICT DO NOTHING;
INSERT INTO "club_packages" ("id", "club_id", "name", "price", "duration_months", "is_popular", "created_at", "updated_at", "popularity", "activity_type", "age_min", "age_max", "gender_restriction", "picture_url", "duration_type", "session_count", "discount_code", "discount_percentage", "start_date", "end_date", "booking_enabled", "max_bookings", "description") VALUES ('70640995-dd65-4d9b-8938-6eee5e370667', 'bbcc719f-7fd5-41b6-b2c0-3834a4e94018', 'Juniors & Fighters (S.M.W) Group A', 35, 1, false, '2025-10-15T20:30:16.861667+00:00', '2025-10-28T00:00:00.170296+00:00', 0, 'single', 7, 14, 'mixed', 'https://zcwfreuywtlrrgevhtmo.supabase.co/storage/v1/object/public/avatars/3f9a5abf-a9c8-46de-ad7f-0466a8c1e054/1760758922444-1760758946883.jpg', 'duration', NULL, NULL, 0, NULL, NULL, true, NULL, NULL) ON CONFLICT DO NOTHING;
INSERT INTO "club_packages" ("id", "club_id", "name", "price", "duration_months", "is_popular", "created_at", "updated_at", "popularity", "activity_type", "age_min", "age_max", "gender_restriction", "picture_url", "duration_type", "session_count", "discount_code", "discount_percentage", "start_date", "end_date", "booking_enabled", "max_bookings", "description") VALUES ('6cc31494-f8f3-41de-aa09-7ad8849868ab', 'bbcc719f-7fd5-41b6-b2c0-3834a4e94018', 'Juniors (S.T.T) Group B', 35, 1, false, '2025-10-15T20:42:50.09757+00:00', '2025-10-28T00:00:00.170296+00:00', 0, 'single', 11, 13, 'mixed', 'https://zcwfreuywtlrrgevhtmo.supabase.co/storage/v1/object/public/avatars/3f9a5abf-a9c8-46de-ad7f-0466a8c1e054/1760759003755-1760759026625.jpg', 'duration', NULL, NULL, 0, NULL, NULL, true, NULL, NULL) ON CONFLICT DO NOTHING;
INSERT INTO "club_packages" ("id", "club_id", "name", "price", "duration_months", "is_popular", "created_at", "updated_at", "popularity", "activity_type", "age_min", "age_max", "gender_restriction", "picture_url", "duration_type", "session_count", "discount_code", "discount_percentage", "start_date", "end_date", "booking_enabled", "max_bookings", "description") VALUES ('86b3de2b-db80-4dcb-9399-444cf6901105', 'bbcc719f-7fd5-41b6-b2c0-3834a4e94018', 'Kids (S.T.T) Group A', 35, 1, false, '2025-10-15T20:39:08.758255+00:00', '2025-10-28T00:00:00.170296+00:00', 0, 'single', 3, 5, 'mixed', 'https://zcwfreuywtlrrgevhtmo.supabase.co/storage/v1/object/public/avatars/3f9a5abf-a9c8-46de-ad7f-0466a8c1e054/1760759086525-1760759104005.jpg', 'duration', NULL, NULL, 0, NULL, NULL, true, NULL, NULL) ON CONFLICT DO NOTHING;
INSERT INTO "club_packages" ("id", "club_id", "name", "price", "duration_months", "is_popular", "created_at", "updated_at", "popularity", "activity_type", "age_min", "age_max", "gender_restriction", "picture_url", "duration_type", "session_count", "discount_code", "discount_percentage", "start_date", "end_date", "booking_enabled", "max_bookings", "description") VALUES ('27089697-a56b-4c29-8689-7a8882dd99e0', 'bbcc719f-7fd5-41b6-b2c0-3834a4e94018', 'Men & Youth (S.M.W) Group A', 35, 1, false, '2025-10-15T20:32:27.277455+00:00', '2025-10-28T00:00:00.170296+00:00', 0, 'single', 14, NULL, 'mixed', 'https://zcwfreuywtlrrgevhtmo.supabase.co/storage/v1/object/public/avatars/3f9a5abf-a9c8-46de-ad7f-0466a8c1e054/1760758793819-1760758822280.jpg', 'duration', NULL, NULL, 0, NULL, NULL, true, NULL, NULL) ON CONFLICT DO NOTHING;
INSERT INTO "club_packages" ("id", "club_id", "name", "price", "duration_months", "is_popular", "created_at", "updated_at", "popularity", "activity_type", "age_min", "age_max", "gender_restriction", "picture_url", "duration_type", "session_count", "discount_code", "discount_percentage", "start_date", "end_date", "booking_enabled", "max_bookings", "description") VALUES ('ff88d577-fb97-4095-bf94-93b02e090013', 'fb19b81e-1874-4451-8193-9429d637efc8', 'Kids', 30, 1, false, '2025-10-15T21:29:52.321336+00:00', '2025-10-28T00:00:00.170296+00:00', 0, 'single', 4, 6, 'mixed', NULL, 'duration', NULL, NULL, 0, NULL, NULL, true, NULL, NULL) ON CONFLICT DO NOTHING;
INSERT INTO "club_packages" ("id", "club_id", "name", "price", "duration_months", "is_popular", "created_at", "updated_at", "popularity", "activity_type", "age_min", "age_max", "gender_restriction", "picture_url", "duration_type", "session_count", "discount_code", "discount_percentage", "start_date", "end_date", "booking_enabled", "max_bookings", "description") VALUES ('83a29f3a-cac5-4404-8750-847a11495010', 'fb19b81e-1874-4451-8193-9429d637efc8', 'Kids+ Group B', 30, 1, false, '2025-10-15T21:31:42.336497+00:00', '2025-10-28T00:00:00.170296+00:00', 0, 'single', 7, 12, 'mixed', NULL, 'duration', NULL, NULL, 0, NULL, NULL, true, NULL, NULL) ON CONFLICT DO NOTHING;
INSERT INTO "club_packages" ("id", "club_id", "name", "price", "duration_months", "is_popular", "created_at", "updated_at", "popularity", "activity_type", "age_min", "age_max", "gender_restriction", "picture_url", "duration_type", "session_count", "discount_code", "discount_percentage", "start_date", "end_date", "booking_enabled", "max_bookings", "description") VALUES ('acb684fd-2896-4910-8d70-d5cdce575be7', 'fb19b81e-1874-4451-8193-9429d637efc8', 'Kids+ Group A', 30, 1, false, '2025-10-15T21:30:43.161335+00:00', '2025-10-28T00:00:00.170296+00:00', 0, 'single', 7, 12, 'mixed', NULL, 'duration', NULL, NULL, 0, NULL, NULL, true, NULL, NULL) ON CONFLICT DO NOTHING;
INSERT INTO "club_packages" ("id", "club_id", "name", "price", "duration_months", "is_popular", "created_at", "updated_at", "popularity", "activity_type", "age_min", "age_max", "gender_restriction", "picture_url", "duration_type", "session_count", "discount_code", "discount_percentage", "start_date", "end_date", "booking_enabled", "max_bookings", "description") VALUES ('af9af30b-c9fd-491b-8e95-35a1f13a88e0', 'fb19b81e-1874-4451-8193-9429d637efc8', 'Teenagers', 30, 1, false, '2025-10-15T21:32:59.246056+00:00', '2025-10-28T00:00:00.170296+00:00', 0, 'single', 9, NULL, 'mixed', NULL, 'duration', NULL, NULL, 0, NULL, NULL, true, NULL, NULL) ON CONFLICT DO NOTHING;
INSERT INTO "club_packages" ("id", "club_id", "name", "price", "duration_months", "is_popular", "created_at", "updated_at", "popularity", "activity_type", "age_min", "age_max", "gender_restriction", "picture_url", "duration_type", "session_count", "discount_code", "discount_percentage", "start_date", "end_date", "booking_enabled", "max_bookings", "description") VALUES ('537d775e-a067-4683-8404-d68fcb57ebf9', '7a7643d1-15c5-4750-8f21-dcec5179f82d', 'Kids', 30, 1, false, '2025-10-17T19:47:06.01847+00:00', '2025-10-28T00:00:00.170296+00:00', 0, 'single', 4, 6, 'mixed', NULL, 'duration', NULL, NULL, 0, NULL, NULL, true, NULL, NULL) ON CONFLICT DO NOTHING;
INSERT INTO "club_packages" ("id", "club_id", "name", "price", "duration_months", "is_popular", "created_at", "updated_at", "popularity", "activity_type", "age_min", "age_max", "gender_restriction", "picture_url", "duration_type", "session_count", "discount_code", "discount_percentage", "start_date", "end_date", "booking_enabled", "max_bookings", "description") VALUES ('b2d65d14-110e-44eb-b1c7-41b3932531e1', '7a7643d1-15c5-4750-8f21-dcec5179f82d', 'Kids+ CLASS B', 30, 1, false, '2025-10-17T20:08:17.106604+00:00', '2025-10-28T00:00:00.170296+00:00', 100, 'single', 7, 12, 'mixed', NULL, 'duration', NULL, NULL, 0, NULL, NULL, true, NULL, NULL) ON CONFLICT DO NOTHING;
INSERT INTO "club_packages" ("id", "club_id", "name", "price", "duration_months", "is_popular", "created_at", "updated_at", "popularity", "activity_type", "age_min", "age_max", "gender_restriction", "picture_url", "duration_type", "session_count", "discount_code", "discount_percentage", "start_date", "end_date", "booking_enabled", "max_bookings", "description") VALUES ('cd1b7b06-5cb1-4f32-a28c-1b461c7177cd', 'bbcc719f-7fd5-41b6-b2c0-3834a4e94018', 'Kids + (S.M.W) Group B', 35, 1, false, '2025-10-15T20:28:50.799465+00:00', '2025-10-28T00:00:00.170296+00:00', 0, 'single', 7, 10, 'mixed', 'https://zcwfreuywtlrrgevhtmo.supabase.co/storage/v1/object/public/avatars/3f9a5abf-a9c8-46de-ad7f-0466a8c1e054/1760759615273-1760759625905.jpg', 'duration', NULL, NULL, 0, NULL, NULL, true, NULL, NULL) ON CONFLICT DO NOTHING;
INSERT INTO "club_packages" ("id", "club_id", "name", "price", "duration_months", "is_popular", "created_at", "updated_at", "popularity", "activity_type", "age_min", "age_max", "gender_restriction", "picture_url", "duration_type", "session_count", "discount_code", "discount_percentage", "start_date", "end_date", "booking_enabled", "max_bookings", "description") VALUES ('15ff2ba3-5455-423a-a813-2d4a3575c803', 'bbcc719f-7fd5-41b6-b2c0-3834a4e94018', 'Kids + (S.T.T) Group B', 35, 1, false, '2025-10-15T20:40:06.456039+00:00', '2025-10-28T00:00:00.170296+00:00', 0, 'single', 7, 10, 'mixed', 'https://zcwfreuywtlrrgevhtmo.supabase.co/storage/v1/object/public/avatars/3f9a5abf-a9c8-46de-ad7f-0466a8c1e054/1760759726882-1760759744953.jpg', 'duration', NULL, NULL, 0, NULL, NULL, true, NULL, NULL) ON CONFLICT DO NOTHING;
INSERT INTO "club_packages" ("id", "club_id", "name", "price", "duration_months", "is_popular", "created_at", "updated_at", "popularity", "activity_type", "age_min", "age_max", "gender_restriction", "picture_url", "duration_type", "session_count", "discount_code", "discount_percentage", "start_date", "end_date", "booking_enabled", "max_bookings", "description") VALUES ('4eb0796f-8c81-49da-ad52-a6820915fc92', 'bbcc719f-7fd5-41b6-b2c0-3834a4e94018', 'Ladies (S.T.T) Group A', 35, 1, false, '2025-10-15T20:45:38.84089+00:00', '2025-10-28T00:00:00.170296+00:00', 0, 'single', 11, NULL, 'female', 'https://zcwfreuywtlrrgevhtmo.supabase.co/storage/v1/object/public/avatars/3f9a5abf-a9c8-46de-ad7f-0466a8c1e054/1760758625570-1760758648722.jpg', 'duration', NULL, NULL, 0, NULL, NULL, true, NULL, NULL) ON CONFLICT DO NOTHING;
INSERT INTO "club_packages" ("id", "club_id", "name", "price", "duration_months", "is_popular", "created_at", "updated_at", "popularity", "activity_type", "age_min", "age_max", "gender_restriction", "picture_url", "duration_type", "session_count", "discount_code", "discount_percentage", "start_date", "end_date", "booking_enabled", "max_bookings", "description") VALUES ('1e5d4692-6eea-47de-a351-8ef2b440875e', '7a7643d1-15c5-4750-8f21-dcec5179f82d', 'Teenager +', 30, 1, false, '2025-10-17T20:10:02.247821+00:00', '2025-10-28T00:00:00.170296+00:00', 0, 'single', 9, 12, 'mixed', NULL, 'duration', NULL, NULL, 0, NULL, NULL, true, NULL, NULL) ON CONFLICT DO NOTHING;
INSERT INTO "club_packages" ("id", "club_id", "name", "price", "duration_months", "is_popular", "created_at", "updated_at", "popularity", "activity_type", "age_min", "age_max", "gender_restriction", "picture_url", "duration_type", "session_count", "discount_code", "discount_percentage", "start_date", "end_date", "booking_enabled", "max_bookings", "description") VALUES ('56665c17-7819-4dc7-9c77-db50fe9325e9', '7a7643d1-15c5-4750-8f21-dcec5179f82d', 'Kids+ CLASS A', 30, 1, false, '2025-10-17T20:06:13.614653+00:00', '2025-10-28T00:00:00.170296+00:00', 0, 'single', 7, 12, 'mixed', NULL, 'duration', NULL, NULL, 0, NULL, NULL, true, NULL, NULL) ON CONFLICT DO NOTHING;

-- Inserting 13 rows into club_members
INSERT INTO "club_members" ("id", "club_id", "user_id", "name", "avatar_url", "rank", "achievements", "joined_date", "created_at", "updated_at", "child_id", "left_date", "is_active", "leave_reason", "is_instructor", "payment_screenshot_url") VALUES ('805fa4e4-0f6a-420f-89be-c3adbbc5a2a8', 'bbcc719f-7fd5-41b6-b2c0-3834a4e94018', 'e54bd861-1c4e-4b4e-9fc6-ddfeac66ed19', 'Sami Al Manea', NULL, 'Owner', 0, '2025-10-15', '2025-10-15T12:04:23.537074+00:00', '2025-10-16T04:28:27.713+00:00', NULL, NULL, true, NULL, true, NULL) ON CONFLICT DO NOTHING;
INSERT INTO "club_members" ("id", "club_id", "user_id", "name", "avatar_url", "rank", "achievements", "joined_date", "created_at", "updated_at", "child_id", "left_date", "is_active", "leave_reason", "is_instructor", "payment_screenshot_url") VALUES ('1261b5ec-f8cb-4374-81a3-22bf06ed565c', 'fb19b81e-1874-4451-8193-9429d637efc8', '3f9a5abf-a9c8-46de-ad7f-0466a8c1e054', 'Ghassan Mohamed Yusuf', 'https://zcwfreuywtlrrgevhtmo.supabase.co/storage/v1/object/public/avatars/3f9a5abf-a9c8-46de-ad7f-0466a8c1e054/profile-1760503128271.jpg', 'Instructor', 0, '2025-10-15', '2025-10-15T04:59:56.944768+00:00', '2025-10-15T05:20:12.295+00:00', NULL, '2025-10-15', false, 'found better oppertunity', true, NULL) ON CONFLICT DO NOTHING;
INSERT INTO "club_members" ("id", "club_id", "user_id", "name", "avatar_url", "rank", "achievements", "joined_date", "created_at", "updated_at", "child_id", "left_date", "is_active", "leave_reason", "is_instructor", "payment_screenshot_url") VALUES ('1ce1d09d-49fd-4b7d-80ab-c99b0a901040', '7a7643d1-15c5-4750-8f21-dcec5179f82d', 'e6918d3a-50dc-4855-8843-bf85b1cd8ae5', 'Ghaida', 'https://zcwfreuywtlrrgevhtmo.supabase.co/storage/v1/object/public/avatars/3f9a5abf-a9c8-46de-ad7f-0466a8c1e054/profile-1760586179874.jpg', 'Instructor', 0, '2025-10-16', '2025-10-16T03:54:25.359671+00:00', '2025-10-16T04:37:36.774+00:00', NULL, NULL, true, NULL, true, NULL) ON CONFLICT DO NOTHING;
INSERT INTO "club_members" ("id", "club_id", "user_id", "name", "avatar_url", "rank", "achievements", "joined_date", "created_at", "updated_at", "child_id", "left_date", "is_active", "leave_reason", "is_instructor", "payment_screenshot_url") VALUES ('e5858643-24ad-468e-bb75-ae74eaa2a518', '7a7643d1-15c5-4750-8f21-dcec5179f82d', '6012dbc2-411f-4c50-a828-43c1263618dd', 'Ahmed', 'https://zcwfreuywtlrrgevhtmo.supabase.co/storage/v1/object/public/avatars/3f9a5abf-a9c8-46de-ad7f-0466a8c1e054/profile-1760586524468.jpg', 'Instructor', 0, '2025-10-16', '2025-10-16T03:52:58.903659+00:00', '2025-10-16T04:39:02.898+00:00', NULL, NULL, true, NULL, true, NULL) ON CONFLICT DO NOTHING;
INSERT INTO "club_members" ("id", "club_id", "user_id", "name", "avatar_url", "rank", "achievements", "joined_date", "created_at", "updated_at", "child_id", "left_date", "is_active", "leave_reason", "is_instructor", "payment_screenshot_url") VALUES ('8138a6e4-aea3-47e1-91b3-1dfaf8632bdf', '7a7643d1-15c5-4750-8f21-dcec5179f82d', '7c3fe146-41ab-4506-9a8f-d646e686b00c', 'Manar Al Rayes', NULL, 'Owner', 0, '2025-10-15', '2025-10-15T21:47:02.654715+00:00', '2025-10-16T05:26:33.401+00:00', NULL, NULL, true, NULL, true, NULL) ON CONFLICT DO NOTHING;
INSERT INTO "club_members" ("id", "club_id", "user_id", "name", "avatar_url", "rank", "achievements", "joined_date", "created_at", "updated_at", "child_id", "left_date", "is_active", "leave_reason", "is_instructor", "payment_screenshot_url") VALUES ('374f2fab-e687-408c-beb3-368faaff401a', 'fb19b81e-1874-4451-8193-9429d637efc8', '28bd1311-4b1c-4155-961b-0667b0d55c96', 'Hassan Ali Shalan', NULL, 'Owner', 0, '2025-10-15', '2025-10-15T04:04:14.890522+00:00', '2025-10-16T05:56:46.902+00:00', NULL, NULL, true, NULL, true, NULL) ON CONFLICT DO NOTHING;
INSERT INTO "club_members" ("id", "club_id", "user_id", "name", "avatar_url", "rank", "achievements", "joined_date", "created_at", "updated_at", "child_id", "left_date", "is_active", "leave_reason", "is_instructor", "payment_screenshot_url") VALUES ('35c98e1c-30e3-4fb1-8797-0736b32e0772', '7a7643d1-15c5-4750-8f21-dcec5179f82d', NULL, 'Ayoob Ghassan Mohamed', 'https://zcwfreuywtlrrgevhtmo.supabase.co/storage/v1/object/public/avatars/3f9a5abf-a9c8-46de-ad7f-0466a8c1e054/profile-1760714470479.png', 'Member', 0, '2025-10-17', '2025-10-17T20:55:45.613827+00:00', '2025-10-17T20:55:45.613827+00:00', 'b58cb0ed-c095-4b58-9bc6-a40fce9f4001', NULL, true, NULL, false, NULL) ON CONFLICT DO NOTHING;
INSERT INTO "club_members" ("id", "club_id", "user_id", "name", "avatar_url", "rank", "achievements", "joined_date", "created_at", "updated_at", "child_id", "left_date", "is_active", "leave_reason", "is_instructor", "payment_screenshot_url") VALUES ('783970b1-629f-4aad-a43d-5e9f01095ae3', 'bbcc719f-7fd5-41b6-b2c0-3834a4e94018', '6efe5161-8bd0-4088-b2d2-beb995b6a0f1', 'Sulaiman', NULL, 'Instructor', 0, '2025-10-18', '2025-10-18T03:04:10.974561+00:00', '2025-10-18T03:04:10.974561+00:00', NULL, NULL, true, NULL, true, NULL) ON CONFLICT DO NOTHING;
INSERT INTO "club_members" ("id", "club_id", "user_id", "name", "avatar_url", "rank", "achievements", "joined_date", "created_at", "updated_at", "child_id", "left_date", "is_active", "leave_reason", "is_instructor", "payment_screenshot_url") VALUES ('63a62e9c-37b9-40d4-9da4-40550f7d1121', 'fb19b81e-1874-4451-8193-9429d637efc8', '4092bc21-4832-467f-841a-2b3a9b969029', 'Fahad', 'https://zcwfreuywtlrrgevhtmo.supabase.co/storage/v1/object/public/avatars/3f9a5abf-a9c8-46de-ad7f-0466a8c1e054/instructor-fb19b81e-1874-4451-8193-9429d637efc8-1760564153268.jpg', 'Instructor', 0, '2025-10-15', '2025-10-15T21:36:56.472585+00:00', '2025-10-19T01:09:55.039+00:00', NULL, NULL, true, NULL, true, NULL) ON CONFLICT DO NOTHING;
INSERT INTO "club_members" ("id", "club_id", "user_id", "name", "avatar_url", "rank", "achievements", "joined_date", "created_at", "updated_at", "child_id", "left_date", "is_active", "leave_reason", "is_instructor", "payment_screenshot_url") VALUES ('4b9a8e69-8bda-4de9-8d80-8bf80db0c93f', '7a7643d1-15c5-4750-8f21-dcec5179f82d', NULL, 'Mohamed Ghassan Mohammed', 'https://zcwfreuywtlrrgevhtmo.supabase.co/storage/v1/object/public/avatars/3f9a5abf-a9c8-46de-ad7f-0466a8c1e054/child-1760758196623.png', 'Beginner', 0, '2025-10-26', '2025-10-26T07:04:06.46795+00:00', '2025-10-26T07:04:06.46795+00:00', 'c9f30e02-887a-4f28-b93f-105bdcac6ea9', NULL, true, NULL, false, 'https://zcwfreuywtlrrgevhtmo.supabase.co/storage/v1/object/public/avatars/3f9a5abf-a9c8-46de-ad7f-0466a8c1e054/payment-7a7643d1-15c5-4750-8f21-dcec5179f82d-1761462239422.jpg') ON CONFLICT DO NOTHING;
INSERT INTO "club_members" ("id", "club_id", "user_id", "name", "avatar_url", "rank", "achievements", "joined_date", "created_at", "updated_at", "child_id", "left_date", "is_active", "leave_reason", "is_instructor", "payment_screenshot_url") VALUES ('b9ce2527-33bf-4017-95a0-bf81bc152984', 'bbcc719f-7fd5-41b6-b2c0-3834a4e94018', NULL, 'Ayoob Ghassan Mohamed', 'https://zcwfreuywtlrrgevhtmo.supabase.co/storage/v1/object/public/avatars/3f9a5abf-a9c8-46de-ad7f-0466a8c1e054/profile-1760714470479.png', 'Member', 0, '2025-10-26', '2025-10-26T14:35:21.633506+00:00', '2025-10-26T14:35:21.633506+00:00', 'b58cb0ed-c095-4b58-9bc6-a40fce9f4001', NULL, true, NULL, false, NULL) ON CONFLICT DO NOTHING;
INSERT INTO "club_members" ("id", "club_id", "user_id", "name", "avatar_url", "rank", "achievements", "joined_date", "created_at", "updated_at", "child_id", "left_date", "is_active", "leave_reason", "is_instructor", "payment_screenshot_url") VALUES ('a627d0ea-c684-4293-936c-16d5932e4541', 'bbcc719f-7fd5-41b6-b2c0-3834a4e94018', NULL, 'Mohamed Ghassan Mohammed', 'https://zcwfreuywtlrrgevhtmo.supabase.co/storage/v1/object/public/avatars/3f9a5abf-a9c8-46de-ad7f-0466a8c1e054/child-1760758196623.png', 'Member', 0, '2025-10-26', '2025-10-26T14:35:21.633506+00:00', '2025-10-26T14:35:21.633506+00:00', 'c9f30e02-887a-4f28-b93f-105bdcac6ea9', NULL, true, NULL, false, NULL) ON CONFLICT DO NOTHING;
INSERT INTO "club_members" ("id", "club_id", "user_id", "name", "avatar_url", "rank", "achievements", "joined_date", "created_at", "updated_at", "child_id", "left_date", "is_active", "leave_reason", "is_instructor", "payment_screenshot_url") VALUES ('1d26acbb-f15b-4d6d-aee3-a11211ad9c6d', 'bbcc719f-7fd5-41b6-b2c0-3834a4e94018', NULL, 'Zahra Ghassan Mohamed', 'https://zcwfreuywtlrrgevhtmo.supabase.co/storage/v1/object/public/avatars/3f9a5abf-a9c8-46de-ad7f-0466a8c1e054/child-1760758334390.jpg', 'Member', 0, '2025-10-26', '2025-10-26T14:35:21.633506+00:00', '2025-10-26T14:35:21.633506+00:00', 'cb4748a6-0523-484a-a3ee-7be6d2a9a395', NULL, true, NULL, false, NULL) ON CONFLICT DO NOTHING;

-- Inserting 4 rows into club_pictures
INSERT INTO "club_pictures" ("id", "club_id", "image_url", "display_order", "created_at", "description") VALUES ('42a9255e-17bd-46b9-80ab-630a111dd3e7', 'bbcc719f-7fd5-41b6-b2c0-3834a4e94018', 'https://zcwfreuywtlrrgevhtmo.supabase.co/storage/v1/object/public/avatars/3f9a5abf-a9c8-46de-ad7f-0466a8c1e054/club-bbcc719f-7fd5-41b6-b2c0-3834a4e94018-gallery-1760556288190.jpg', 6, '2025-10-15T19:24:50.122636+00:00', NULL) ON CONFLICT DO NOTHING;
INSERT INTO "club_pictures" ("id", "club_id", "image_url", "display_order", "created_at", "description") VALUES ('c8119084-b055-4a02-b1a8-9228a344b90b', 'bbcc719f-7fd5-41b6-b2c0-3834a4e94018', 'https://zcwfreuywtlrrgevhtmo.supabase.co/storage/v1/object/public/avatars/3f9a5abf-a9c8-46de-ad7f-0466a8c1e054/club-bbcc719f-7fd5-41b6-b2c0-3834a4e94018-gallery-1760556106860.jpg', 2, '2025-10-15T19:21:49.111834+00:00', NULL) ON CONFLICT DO NOTHING;
INSERT INTO "club_pictures" ("id", "club_id", "image_url", "display_order", "created_at", "description") VALUES ('41f52c59-1b13-4367-ad7e-e17c6add13f8', 'bbcc719f-7fd5-41b6-b2c0-3834a4e94018', 'https://zcwfreuywtlrrgevhtmo.supabase.co/storage/v1/object/public/avatars/3f9a5abf-a9c8-46de-ad7f-0466a8c1e054/club-bbcc719f-7fd5-41b6-b2c0-3834a4e94018-gallery-1760556154712.jpg', 3, '2025-10-15T19:22:36.603293+00:00', NULL) ON CONFLICT DO NOTHING;
INSERT INTO "club_pictures" ("id", "club_id", "image_url", "display_order", "created_at", "description") VALUES ('cab78a71-be0a-4266-899e-3710aeaeda3e', 'bbcc719f-7fd5-41b6-b2c0-3834a4e94018', 'https://zcwfreuywtlrrgevhtmo.supabase.co/storage/v1/object/public/avatars/3f9a5abf-a9c8-46de-ad7f-0466a8c1e054/club-bbcc719f-7fd5-41b6-b2c0-3834a4e94018-gallery-1760556254387.jpg', 5, '2025-10-15T19:24:16.601518+00:00', NULL) ON CONFLICT DO NOTHING;

-- Inserting 17 rows into activities
INSERT INTO "activities" ("id", "club_id", "club_facility_id", "title", "monthly_fee", "sessions_per_week", "notes", "picture_url", "created_at", "updated_at", "description", "duration_minutes", "max_capacity", "cost_per_session", "booking_enabled", "requires_prebooking") VALUES ('7c86302d-4b0d-46ad-a6a0-3acd45a4d025', '7a7643d1-15c5-4750-8f21-dcec5179f82d', '842d7a64-a4a8-43ae-8eef-7359a604960d', 'TAEKWONDO - CLASS A', 30, 3, NULL, NULL, '2025-10-17T19:40:13.105057+00:00', '2025-10-17T19:40:13.105057+00:00', NULL, 60, NULL, 2.5, false, false) ON CONFLICT DO NOTHING;
INSERT INTO "activities" ("id", "club_id", "club_facility_id", "title", "monthly_fee", "sessions_per_week", "notes", "picture_url", "created_at", "updated_at", "description", "duration_minutes", "max_capacity", "cost_per_session", "booking_enabled", "requires_prebooking") VALUES ('16512cae-942a-427d-9d34-09f618141183', '7a7643d1-15c5-4750-8f21-dcec5179f82d', '842d7a64-a4a8-43ae-8eef-7359a604960d', 'TAEKWONDO - CLASS C', 30, 3, NULL, NULL, '2025-10-17T19:41:57.529902+00:00', '2025-10-17T19:41:57.529902+00:00', NULL, 60, NULL, 2.5, false, false) ON CONFLICT DO NOTHING;
INSERT INTO "activities" ("id", "club_id", "club_facility_id", "title", "monthly_fee", "sessions_per_week", "notes", "picture_url", "created_at", "updated_at", "description", "duration_minutes", "max_capacity", "cost_per_session", "booking_enabled", "requires_prebooking") VALUES ('b9eccf70-cc83-4124-9468-20d7646443c9', '7a7643d1-15c5-4750-8f21-dcec5179f82d', '842d7a64-a4a8-43ae-8eef-7359a604960d', 'TAEKWONDO - CLASS B', 30, 3, NULL, NULL, '2025-10-17T19:41:11.536273+00:00', '2025-10-17T19:41:11.536273+00:00', NULL, 60, NULL, 2.5, false, false) ON CONFLICT DO NOTHING;
INSERT INTO "activities" ("id", "club_id", "club_facility_id", "title", "monthly_fee", "sessions_per_week", "notes", "picture_url", "created_at", "updated_at", "description", "duration_minutes", "max_capacity", "cost_per_session", "booking_enabled", "requires_prebooking") VALUES ('4541b920-6b36-4459-b7cb-c3f714e1d3ec', '7a7643d1-15c5-4750-8f21-dcec5179f82d', '842d7a64-a4a8-43ae-8eef-7359a604960d', 'TAEKWONDO - CLASS D', 30, 3, NULL, NULL, '2025-10-17T19:42:36.100062+00:00', '2025-10-17T19:43:04.309369+00:00', NULL, 60, NULL, 2.5, false, false) ON CONFLICT DO NOTHING;
INSERT INTO "activities" ("id", "club_id", "club_facility_id", "title", "monthly_fee", "sessions_per_week", "notes", "picture_url", "created_at", "updated_at", "description", "duration_minutes", "max_capacity", "cost_per_session", "booking_enabled", "requires_prebooking") VALUES ('de79344c-3e12-4b40-b5da-8fd7706309ce', 'fb19b81e-1874-4451-8193-9429d637efc8', 'f367e4cd-d41e-49a7-ba0e-317337f34952', 'TAEKWONDO - CLASS A', 30, 3, NULL, NULL, '2025-10-15T21:25:18.09242+00:00', '2025-10-15T21:25:18.09242+00:00', NULL, 60, NULL, 3, true, false) ON CONFLICT DO NOTHING;
INSERT INTO "activities" ("id", "club_id", "club_facility_id", "title", "monthly_fee", "sessions_per_week", "notes", "picture_url", "created_at", "updated_at", "description", "duration_minutes", "max_capacity", "cost_per_session", "booking_enabled", "requires_prebooking") VALUES ('3fe85c39-4d2c-461e-a578-98fa35ae6e7e', 'fb19b81e-1874-4451-8193-9429d637efc8', 'f367e4cd-d41e-49a7-ba0e-317337f34952', 'TAEKWONDO - CLASS C', 30, 3, NULL, NULL, '2025-10-15T21:28:01.003632+00:00', '2025-10-15T21:28:01.003632+00:00', NULL, 60, NULL, 3, true, false) ON CONFLICT DO NOTHING;
INSERT INTO "activities" ("id", "club_id", "club_facility_id", "title", "monthly_fee", "sessions_per_week", "notes", "picture_url", "created_at", "updated_at", "description", "duration_minutes", "max_capacity", "cost_per_session", "booking_enabled", "requires_prebooking") VALUES ('02a4737f-a194-4e83-ba60-32f7b893a783', 'fb19b81e-1874-4451-8193-9429d637efc8', 'f367e4cd-d41e-49a7-ba0e-317337f34952', 'TAEKWONDO - CLASS B', 30, 3, NULL, NULL, '2025-10-15T21:26:16.620032+00:00', '2025-10-15T21:26:16.620032+00:00', NULL, 60, NULL, 3, true, false) ON CONFLICT DO NOTHING;
INSERT INTO "activities" ("id", "club_id", "club_facility_id", "title", "monthly_fee", "sessions_per_week", "notes", "picture_url", "created_at", "updated_at", "description", "duration_minutes", "max_capacity", "cost_per_session", "booking_enabled", "requires_prebooking") VALUES ('fde2d182-3206-402b-841d-cd5241ecdeff', 'fb19b81e-1874-4451-8193-9429d637efc8', 'f367e4cd-d41e-49a7-ba0e-317337f34952', 'TAEKWONDO - CLASS D', 30, 3, NULL, NULL, '2025-10-15T21:28:49.299418+00:00', '2025-10-15T21:28:49.299418+00:00', NULL, 60, NULL, 3, true, false) ON CONFLICT DO NOTHING;
INSERT INTO "activities" ("id", "club_id", "club_facility_id", "title", "monthly_fee", "sessions_per_week", "notes", "picture_url", "created_at", "updated_at", "description", "duration_minutes", "max_capacity", "cost_per_session", "booking_enabled", "requires_prebooking") VALUES ('2d72f34f-27ad-49af-a9e7-9e5fac8c5cce', 'bbcc719f-7fd5-41b6-b2c0-3834a4e94018', '095e0b27-d269-413f-a057-5c3b227643fd', 'TAEKWONDO (S.M.W) CLASS A', 35, 3, NULL, NULL, '2025-10-15T18:33:57.162888+00:00', '2025-10-16T04:31:20.775223+00:00', NULL, 60, NULL, 3, false, false) ON CONFLICT DO NOTHING;
INSERT INTO "activities" ("id", "club_id", "club_facility_id", "title", "monthly_fee", "sessions_per_week", "notes", "picture_url", "created_at", "updated_at", "description", "duration_minutes", "max_capacity", "cost_per_session", "booking_enabled", "requires_prebooking") VALUES ('0576d84c-ea0e-4082-8a52-112a86d1b7fe', 'bbcc719f-7fd5-41b6-b2c0-3834a4e94018', '095e0b27-d269-413f-a057-5c3b227643fd', 'TAEKWONDO (S.M.W) CLASS B', 35, 3, NULL, NULL, '2025-10-15T20:04:09.150938+00:00', '2025-10-16T04:31:29.387663+00:00', NULL, 60, NULL, 3, false, false) ON CONFLICT DO NOTHING;
INSERT INTO "activities" ("id", "club_id", "club_facility_id", "title", "monthly_fee", "sessions_per_week", "notes", "picture_url", "created_at", "updated_at", "description", "duration_minutes", "max_capacity", "cost_per_session", "booking_enabled", "requires_prebooking") VALUES ('e30baffd-ed4d-4c96-887d-d87473c7c0a5', 'bbcc719f-7fd5-41b6-b2c0-3834a4e94018', '095e0b27-d269-413f-a057-5c3b227643fd', 'TAEKWONDO (S.M.W) CLASS C', 35, 3, NULL, NULL, '2025-10-15T20:04:55.30354+00:00', '2025-10-16T04:31:36.335137+00:00', NULL, 60, NULL, 3, false, false) ON CONFLICT DO NOTHING;
INSERT INTO "activities" ("id", "club_id", "club_facility_id", "title", "monthly_fee", "sessions_per_week", "notes", "picture_url", "created_at", "updated_at", "description", "duration_minutes", "max_capacity", "cost_per_session", "booking_enabled", "requires_prebooking") VALUES ('a347850a-6479-4f0b-8a6f-54eabe26e6c2', 'bbcc719f-7fd5-41b6-b2c0-3834a4e94018', '095e0b27-d269-413f-a057-5c3b227643fd', 'TAEKWONDO (S.M.W) CLASS D', 35, 3, NULL, NULL, '2025-10-15T20:07:08.690219+00:00', '2025-10-16T04:31:44.116319+00:00', NULL, 90, NULL, 3, false, false) ON CONFLICT DO NOTHING;
INSERT INTO "activities" ("id", "club_id", "club_facility_id", "title", "monthly_fee", "sessions_per_week", "notes", "picture_url", "created_at", "updated_at", "description", "duration_minutes", "max_capacity", "cost_per_session", "booking_enabled", "requires_prebooking") VALUES ('335a50f9-3760-476d-82bb-416dd008ae54', 'bbcc719f-7fd5-41b6-b2c0-3834a4e94018', '095e0b27-d269-413f-a057-5c3b227643fd', 'TAEKWONDO (S.T.T) CLASS A', 35, 3, NULL, NULL, '2025-10-15T20:11:13.030325+00:00', '2025-10-16T04:31:51.469998+00:00', NULL, 60, NULL, 3, false, false) ON CONFLICT DO NOTHING;
INSERT INTO "activities" ("id", "club_id", "club_facility_id", "title", "monthly_fee", "sessions_per_week", "notes", "picture_url", "created_at", "updated_at", "description", "duration_minutes", "max_capacity", "cost_per_session", "booking_enabled", "requires_prebooking") VALUES ('c867435b-24c5-4529-9bc2-8fa9928ac1bb', 'bbcc719f-7fd5-41b6-b2c0-3834a4e94018', '095e0b27-d269-413f-a057-5c3b227643fd', 'TAEKWONDO (S.T.T) CLASS B', 35, 3, NULL, NULL, '2025-10-15T20:11:58.13864+00:00', '2025-10-16T04:31:57.362871+00:00', NULL, 60, NULL, 3, false, false) ON CONFLICT DO NOTHING;
INSERT INTO "activities" ("id", "club_id", "club_facility_id", "title", "monthly_fee", "sessions_per_week", "notes", "picture_url", "created_at", "updated_at", "description", "duration_minutes", "max_capacity", "cost_per_session", "booking_enabled", "requires_prebooking") VALUES ('56204342-7612-490a-ab90-870e2175d5f3', 'bbcc719f-7fd5-41b6-b2c0-3834a4e94018', '095e0b27-d269-413f-a057-5c3b227643fd', 'TAEKWONDO (S.T.T) CLASS C', 35, 3, NULL, NULL, '2025-10-15T20:13:00.037773+00:00', '2025-10-16T04:32:05.312493+00:00', NULL, 60, NULL, 3, false, false) ON CONFLICT DO NOTHING;
INSERT INTO "activities" ("id", "club_id", "club_facility_id", "title", "monthly_fee", "sessions_per_week", "notes", "picture_url", "created_at", "updated_at", "description", "duration_minutes", "max_capacity", "cost_per_session", "booking_enabled", "requires_prebooking") VALUES ('35c36113-7081-4127-ad92-44a9378fc94a', 'bbcc719f-7fd5-41b6-b2c0-3834a4e94018', '095e0b27-d269-413f-a057-5c3b227643fd', 'TAEKWONDO (S.T.T) CLASS D', 35, 3, NULL, NULL, '2025-10-15T20:15:23.622164+00:00', '2025-10-16T04:32:11.465804+00:00', NULL, 60, NULL, 3, false, false) ON CONFLICT DO NOTHING;
INSERT INTO "activities" ("id", "club_id", "club_facility_id", "title", "monthly_fee", "sessions_per_week", "notes", "picture_url", "created_at", "updated_at", "description", "duration_minutes", "max_capacity", "cost_per_session", "booking_enabled", "requires_prebooking") VALUES ('d9bb5f9d-1f5b-4665-a330-0e9ff5455842', 'bbcc719f-7fd5-41b6-b2c0-3834a4e94018', '095e0b27-d269-413f-a057-5c3b227643fd', 'TAEKWONDO (S.T.T) CLASS E', 35, 3, NULL, NULL, '2025-10-15T20:17:17.971802+00:00', '2025-10-16T04:32:17.851902+00:00', NULL, 90, NULL, 3, false, false) ON CONFLICT DO NOTHING;

-- Inserting 51 rows into activity_schedules
INSERT INTO "activity_schedules" ("id", "activity_id", "day_of_week", "start_time", "end_time", "created_at", "notes") VALUES ('790538ab-4bdf-473e-a877-9ccd3981c5fc', '7c86302d-4b0d-46ad-a6a0-3acd45a4d025', 'saturday', '16:30:00', '17:30:00', '2025-10-17T19:40:13.31977+00:00', NULL) ON CONFLICT DO NOTHING;
INSERT INTO "activity_schedules" ("id", "activity_id", "day_of_week", "start_time", "end_time", "created_at", "notes") VALUES ('ee3fe87e-181f-4570-b866-2804c0062b03', '7c86302d-4b0d-46ad-a6a0-3acd45a4d025', 'monday', '16:30:00', '17:30:00', '2025-10-17T19:40:13.31977+00:00', NULL) ON CONFLICT DO NOTHING;
INSERT INTO "activity_schedules" ("id", "activity_id", "day_of_week", "start_time", "end_time", "created_at", "notes") VALUES ('f4ffc229-dd4f-4058-b6ab-1bb4cc5a1b04', '7c86302d-4b0d-46ad-a6a0-3acd45a4d025', 'wednesday', '16:30:00', '17:30:00', '2025-10-17T19:40:13.31977+00:00', NULL) ON CONFLICT DO NOTHING;
INSERT INTO "activity_schedules" ("id", "activity_id", "day_of_week", "start_time", "end_time", "created_at", "notes") VALUES ('abab2c20-b9fc-47e6-95b1-094e1bb46755', '16512cae-942a-427d-9d34-09f618141183', 'sunday', '17:30:00', '18:30:00', '2025-10-17T19:41:58.346656+00:00', NULL) ON CONFLICT DO NOTHING;
INSERT INTO "activity_schedules" ("id", "activity_id", "day_of_week", "start_time", "end_time", "created_at", "notes") VALUES ('471dc338-163e-4a1d-b679-7d0631f554fb', '16512cae-942a-427d-9d34-09f618141183', 'tuesday', '17:30:00', '18:30:00', '2025-10-17T19:41:58.346656+00:00', NULL) ON CONFLICT DO NOTHING;
INSERT INTO "activity_schedules" ("id", "activity_id", "day_of_week", "start_time", "end_time", "created_at", "notes") VALUES ('a61ca3da-3c33-4fcd-a5c8-641b0dac6ebc', '16512cae-942a-427d-9d34-09f618141183', 'thursday', '17:30:00', '18:30:00', '2025-10-17T19:41:58.346656+00:00', NULL) ON CONFLICT DO NOTHING;
INSERT INTO "activity_schedules" ("id", "activity_id", "day_of_week", "start_time", "end_time", "created_at", "notes") VALUES ('f2a8f813-00a3-4a04-8ce9-085ea2db5c69', 'b9eccf70-cc83-4124-9468-20d7646443c9', 'saturday', '17:30:00', '18:30:00', '2025-10-17T19:41:11.733244+00:00', NULL) ON CONFLICT DO NOTHING;
INSERT INTO "activity_schedules" ("id", "activity_id", "day_of_week", "start_time", "end_time", "created_at", "notes") VALUES ('574e8f5e-f52e-4115-8596-592af7aaf0cd', 'b9eccf70-cc83-4124-9468-20d7646443c9', 'monday', '17:30:00', '18:30:00', '2025-10-17T19:41:11.733244+00:00', NULL) ON CONFLICT DO NOTHING;
INSERT INTO "activity_schedules" ("id", "activity_id", "day_of_week", "start_time", "end_time", "created_at", "notes") VALUES ('8878e1f4-6a6a-450f-883a-96bf56fa665b', 'b9eccf70-cc83-4124-9468-20d7646443c9', 'wednesday', '17:30:00', '18:30:00', '2025-10-17T19:41:11.733244+00:00', NULL) ON CONFLICT DO NOTHING;
INSERT INTO "activity_schedules" ("id", "activity_id", "day_of_week", "start_time", "end_time", "created_at", "notes") VALUES ('0caa25f1-6057-4651-8df3-dc1f5039012e', '35c36113-7081-4127-ad92-44a9378fc94a', 'sunday', '19:00:00', '20:00:00', '2025-10-15T20:15:23.794711+00:00', NULL) ON CONFLICT DO NOTHING;
INSERT INTO "activity_schedules" ("id", "activity_id", "day_of_week", "start_time", "end_time", "created_at", "notes") VALUES ('d3699b89-4c6d-442a-ad66-2c32e5721406', '4541b920-6b36-4459-b7cb-c3f714e1d3ec', 'sunday', '18:30:00', '19:30:00', '2025-10-17T19:42:36.322407+00:00', NULL) ON CONFLICT DO NOTHING;
INSERT INTO "activity_schedules" ("id", "activity_id", "day_of_week", "start_time", "end_time", "created_at", "notes") VALUES ('2ae5e0f3-7bb2-4cb4-a7b8-5d9c6da6e3b8', '35c36113-7081-4127-ad92-44a9378fc94a', 'tuesday', '19:00:00', '20:00:00', '2025-10-15T20:15:23.794711+00:00', NULL) ON CONFLICT DO NOTHING;
INSERT INTO "activity_schedules" ("id", "activity_id", "day_of_week", "start_time", "end_time", "created_at", "notes") VALUES ('4403c200-7b77-4dc9-96ca-94085abac479', '35c36113-7081-4127-ad92-44a9378fc94a', 'thursday', '19:00:00', '20:00:00', '2025-10-15T20:15:23.794711+00:00', NULL) ON CONFLICT DO NOTHING;
INSERT INTO "activity_schedules" ("id", "activity_id", "day_of_week", "start_time", "end_time", "created_at", "notes") VALUES ('73c11ed8-e448-4e01-b811-a0c7f33df8e9', '02a4737f-a194-4e83-ba60-32f7b893a783', 'saturday', '17:30:00', '18:30:00', '2025-10-15T21:26:16.795842+00:00', NULL) ON CONFLICT DO NOTHING;
INSERT INTO "activity_schedules" ("id", "activity_id", "day_of_week", "start_time", "end_time", "created_at", "notes") VALUES ('52922e65-c786-4964-9454-635f70bfce42', '02a4737f-a194-4e83-ba60-32f7b893a783', 'monday', '17:30:00', '18:30:00', '2025-10-15T21:26:16.795842+00:00', NULL) ON CONFLICT DO NOTHING;
INSERT INTO "activity_schedules" ("id", "activity_id", "day_of_week", "start_time", "end_time", "created_at", "notes") VALUES ('64eade44-b983-4af3-95f3-6e436d665071', '02a4737f-a194-4e83-ba60-32f7b893a783', 'wednesday', '17:30:00', '18:30:00', '2025-10-15T21:26:16.795842+00:00', NULL) ON CONFLICT DO NOTHING;
INSERT INTO "activity_schedules" ("id", "activity_id", "day_of_week", "start_time", "end_time", "created_at", "notes") VALUES ('287cebc0-123e-4e78-9d29-7d3531cbc656', '2d72f34f-27ad-49af-a9e7-9e5fac8c5cce', 'saturday', '16:00:00', '17:00:00', '2025-10-15T19:58:21.02415+00:00', NULL) ON CONFLICT DO NOTHING;
INSERT INTO "activity_schedules" ("id", "activity_id", "day_of_week", "start_time", "end_time", "created_at", "notes") VALUES ('d7d94fde-dbdd-4b0b-a844-c3e7080c4439', '0576d84c-ea0e-4082-8a52-112a86d1b7fe', 'saturday', '17:00:00', '18:00:00', '2025-10-15T20:04:09.352644+00:00', NULL) ON CONFLICT DO NOTHING;
INSERT INTO "activity_schedules" ("id", "activity_id", "day_of_week", "start_time", "end_time", "created_at", "notes") VALUES ('90f3ae9e-6e3b-4a8b-9b45-bb14c9e86e23', '0576d84c-ea0e-4082-8a52-112a86d1b7fe', 'monday', '17:00:00', '18:00:00', '2025-10-15T20:04:09.352644+00:00', NULL) ON CONFLICT DO NOTHING;
INSERT INTO "activity_schedules" ("id", "activity_id", "day_of_week", "start_time", "end_time", "created_at", "notes") VALUES ('97a9fbe9-e49c-4448-8fa4-5738feec046a', '0576d84c-ea0e-4082-8a52-112a86d1b7fe', 'wednesday', '17:00:00', '18:00:00', '2025-10-15T20:04:09.352644+00:00', NULL) ON CONFLICT DO NOTHING;
INSERT INTO "activity_schedules" ("id", "activity_id", "day_of_week", "start_time", "end_time", "created_at", "notes") VALUES ('f26666ed-adfc-4c6b-ab31-bef40ba72ba7', '335a50f9-3760-476d-82bb-416dd008ae54', 'sunday', '16:00:00', '17:00:00', '2025-10-15T20:11:13.189788+00:00', NULL) ON CONFLICT DO NOTHING;
INSERT INTO "activity_schedules" ("id", "activity_id", "day_of_week", "start_time", "end_time", "created_at", "notes") VALUES ('83b6de67-6337-42bc-b287-eaffccc37738', '335a50f9-3760-476d-82bb-416dd008ae54', 'tuesday', '16:00:00', '17:00:00', '2025-10-15T20:11:13.189788+00:00', NULL) ON CONFLICT DO NOTHING;
INSERT INTO "activity_schedules" ("id", "activity_id", "day_of_week", "start_time", "end_time", "created_at", "notes") VALUES ('fc03b342-a781-4f03-b7ea-ae5495ce702d', '335a50f9-3760-476d-82bb-416dd008ae54', 'thursday', '16:00:00', '17:00:00', '2025-10-15T20:11:13.189788+00:00', NULL) ON CONFLICT DO NOTHING;
INSERT INTO "activity_schedules" ("id", "activity_id", "day_of_week", "start_time", "end_time", "created_at", "notes") VALUES ('ecbbf2d9-b151-4612-a56b-948c969a9e5b', 'd9bb5f9d-1f5b-4665-a330-0e9ff5455842', 'sunday', '20:00:00', '21:30:00', '2025-10-15T20:17:18.132457+00:00', NULL) ON CONFLICT DO NOTHING;
INSERT INTO "activity_schedules" ("id", "activity_id", "day_of_week", "start_time", "end_time", "created_at", "notes") VALUES ('fc221f92-bc22-402c-8a56-1fdaae3d0711', '4541b920-6b36-4459-b7cb-c3f714e1d3ec', 'tuesday', '18:30:00', '19:30:00', '2025-10-17T19:42:36.322407+00:00', NULL) ON CONFLICT DO NOTHING;
INSERT INTO "activity_schedules" ("id", "activity_id", "day_of_week", "start_time", "end_time", "created_at", "notes") VALUES ('66dbb22c-aad2-4d31-8401-b338331885e2', '4541b920-6b36-4459-b7cb-c3f714e1d3ec', 'thursday', '18:30:00', '19:30:00', '2025-10-17T19:42:36.322407+00:00', NULL) ON CONFLICT DO NOTHING;
INSERT INTO "activity_schedules" ("id", "activity_id", "day_of_week", "start_time", "end_time", "created_at", "notes") VALUES ('646cf742-213f-4ea8-bc34-5fcdbe967110', 'd9bb5f9d-1f5b-4665-a330-0e9ff5455842', 'tuesday', '20:00:00', '21:30:00', '2025-10-15T20:17:18.132457+00:00', NULL) ON CONFLICT DO NOTHING;
INSERT INTO "activity_schedules" ("id", "activity_id", "day_of_week", "start_time", "end_time", "created_at", "notes") VALUES ('7ffa0de1-5926-4d22-9e36-3297c5301aa2', 'd9bb5f9d-1f5b-4665-a330-0e9ff5455842', 'thursday', '20:00:00', '21:30:00', '2025-10-15T20:17:18.132457+00:00', NULL) ON CONFLICT DO NOTHING;
INSERT INTO "activity_schedules" ("id", "activity_id", "day_of_week", "start_time", "end_time", "created_at", "notes") VALUES ('57ad2106-9a9b-45c7-b586-6a391ca22e9e', '3fe85c39-4d2c-461e-a578-98fa35ae6e7e', 'sunday', '17:30:00', '18:30:00', '2025-10-15T21:28:01.172757+00:00', NULL) ON CONFLICT DO NOTHING;
INSERT INTO "activity_schedules" ("id", "activity_id", "day_of_week", "start_time", "end_time", "created_at", "notes") VALUES ('f2ce15b1-b3e2-4f4d-85b4-c768446e5fc1', '3fe85c39-4d2c-461e-a578-98fa35ae6e7e', 'tuesday', '17:30:00', '18:30:00', '2025-10-15T21:28:01.172757+00:00', NULL) ON CONFLICT DO NOTHING;
INSERT INTO "activity_schedules" ("id", "activity_id", "day_of_week", "start_time", "end_time", "created_at", "notes") VALUES ('a7a18138-5727-4b98-a536-58fd16f6f820', '3fe85c39-4d2c-461e-a578-98fa35ae6e7e', 'tuesday', '17:30:00', '18:30:00', '2025-10-15T21:28:01.172757+00:00', NULL) ON CONFLICT DO NOTHING;
INSERT INTO "activity_schedules" ("id", "activity_id", "day_of_week", "start_time", "end_time", "created_at", "notes") VALUES ('48d24684-fa63-4d28-a877-b93018218389', '2d72f34f-27ad-49af-a9e7-9e5fac8c5cce', 'monday', '16:00:00', '17:00:00', '2025-10-15T19:58:29.551351+00:00', NULL) ON CONFLICT DO NOTHING;
INSERT INTO "activity_schedules" ("id", "activity_id", "day_of_week", "start_time", "end_time", "created_at", "notes") VALUES ('0c51f96c-8922-489b-843d-3b5d5f034d85', 'e30baffd-ed4d-4c96-887d-d87473c7c0a5', 'saturday', '19:00:00', '20:00:00', '2025-10-15T20:04:55.746469+00:00', NULL) ON CONFLICT DO NOTHING;
INSERT INTO "activity_schedules" ("id", "activity_id", "day_of_week", "start_time", "end_time", "created_at", "notes") VALUES ('203cfdee-1b96-43ff-934b-f5a7ebbcde45', 'e30baffd-ed4d-4c96-887d-d87473c7c0a5', 'monday', '19:00:00', '20:00:00', '2025-10-15T20:04:55.746469+00:00', NULL) ON CONFLICT DO NOTHING;
INSERT INTO "activity_schedules" ("id", "activity_id", "day_of_week", "start_time", "end_time", "created_at", "notes") VALUES ('fb6621c8-169d-430d-8d40-23fa3e461307', 'e30baffd-ed4d-4c96-887d-d87473c7c0a5', 'wednesday', '19:00:00', '20:00:00', '2025-10-15T20:04:55.746469+00:00', NULL) ON CONFLICT DO NOTHING;
INSERT INTO "activity_schedules" ("id", "activity_id", "day_of_week", "start_time", "end_time", "created_at", "notes") VALUES ('d10d5d7a-51ec-461a-90e3-c456031b9907', 'c867435b-24c5-4529-9bc2-8fa9928ac1bb', 'sunday', '17:00:00', '18:00:00', '2025-10-15T20:11:58.317012+00:00', NULL) ON CONFLICT DO NOTHING;
INSERT INTO "activity_schedules" ("id", "activity_id", "day_of_week", "start_time", "end_time", "created_at", "notes") VALUES ('765eaa42-2081-4b7b-97c9-8bc89a72070c', 'c867435b-24c5-4529-9bc2-8fa9928ac1bb', 'tuesday', '17:00:00', '18:00:00', '2025-10-15T20:11:58.317012+00:00', NULL) ON CONFLICT DO NOTHING;
INSERT INTO "activity_schedules" ("id", "activity_id", "day_of_week", "start_time", "end_time", "created_at", "notes") VALUES ('092e77e0-c0af-47dc-b96d-b13dc904fd55', 'c867435b-24c5-4529-9bc2-8fa9928ac1bb', 'thursday', '17:00:00', '18:00:00', '2025-10-15T20:11:58.317012+00:00', NULL) ON CONFLICT DO NOTHING;
INSERT INTO "activity_schedules" ("id", "activity_id", "day_of_week", "start_time", "end_time", "created_at", "notes") VALUES ('9a7fbed8-5455-402a-940e-9e9fbbfb608c', 'de79344c-3e12-4b40-b5da-8fd7706309ce', 'saturday', '16:30:00', '17:30:00', '2025-10-15T21:25:18.35585+00:00', NULL) ON CONFLICT DO NOTHING;
INSERT INTO "activity_schedules" ("id", "activity_id", "day_of_week", "start_time", "end_time", "created_at", "notes") VALUES ('3c68a1ee-ec6f-48cc-9719-8635a6b42281', 'de79344c-3e12-4b40-b5da-8fd7706309ce', 'monday', '16:30:00', '17:30:00', '2025-10-15T21:25:18.35585+00:00', NULL) ON CONFLICT DO NOTHING;
INSERT INTO "activity_schedules" ("id", "activity_id", "day_of_week", "start_time", "end_time", "created_at", "notes") VALUES ('8ceaa4dc-e1a4-4fd7-83d4-3dff68cd2774', 'de79344c-3e12-4b40-b5da-8fd7706309ce', 'wednesday', '16:30:00', '17:30:00', '2025-10-15T21:25:18.35585+00:00', NULL) ON CONFLICT DO NOTHING;
INSERT INTO "activity_schedules" ("id", "activity_id", "day_of_week", "start_time", "end_time", "created_at", "notes") VALUES ('ca5fcd76-0015-490b-b82b-454a4aed2611', 'fde2d182-3206-402b-841d-cd5241ecdeff', 'sunday', '18:30:00', '19:30:00', '2025-10-15T21:28:49.465586+00:00', NULL) ON CONFLICT DO NOTHING;
INSERT INTO "activity_schedules" ("id", "activity_id", "day_of_week", "start_time", "end_time", "created_at", "notes") VALUES ('74949720-e3c2-4db4-8d20-694aaeef96d4', 'fde2d182-3206-402b-841d-cd5241ecdeff', 'tuesday', '18:30:00', '19:30:00', '2025-10-15T21:28:49.465586+00:00', NULL) ON CONFLICT DO NOTHING;
INSERT INTO "activity_schedules" ("id", "activity_id", "day_of_week", "start_time", "end_time", "created_at", "notes") VALUES ('3e88927d-664e-47b8-aac3-c9e9766797f3', 'fde2d182-3206-402b-841d-cd5241ecdeff', 'tuesday', '18:30:00', '19:30:00', '2025-10-15T21:28:49.465586+00:00', NULL) ON CONFLICT DO NOTHING;
INSERT INTO "activity_schedules" ("id", "activity_id", "day_of_week", "start_time", "end_time", "created_at", "notes") VALUES ('af76710d-884f-468e-88b7-d306feb51041', '2d72f34f-27ad-49af-a9e7-9e5fac8c5cce', 'wednesday', '16:00:00', '17:00:00', '2025-10-15T19:58:35.340141+00:00', NULL) ON CONFLICT DO NOTHING;
INSERT INTO "activity_schedules" ("id", "activity_id", "day_of_week", "start_time", "end_time", "created_at", "notes") VALUES ('efe3a333-b4eb-4fda-a2b5-d24445931d87', 'a347850a-6479-4f0b-8a6f-54eabe26e6c2', 'saturday', '20:00:00', '21:30:00', '2025-10-15T20:07:08.848032+00:00', NULL) ON CONFLICT DO NOTHING;
INSERT INTO "activity_schedules" ("id", "activity_id", "day_of_week", "start_time", "end_time", "created_at", "notes") VALUES ('38d342fd-9d10-452c-a970-7a81312297c6', 'a347850a-6479-4f0b-8a6f-54eabe26e6c2', 'monday', '20:00:00', '21:30:00', '2025-10-15T20:07:08.848032+00:00', NULL) ON CONFLICT DO NOTHING;
INSERT INTO "activity_schedules" ("id", "activity_id", "day_of_week", "start_time", "end_time", "created_at", "notes") VALUES ('24b5c8a2-8fe7-421b-8d8c-40fd02529bc6', 'a347850a-6479-4f0b-8a6f-54eabe26e6c2', 'wednesday', '20:00:00', '21:30:00', '2025-10-15T20:07:08.848032+00:00', NULL) ON CONFLICT DO NOTHING;
INSERT INTO "activity_schedules" ("id", "activity_id", "day_of_week", "start_time", "end_time", "created_at", "notes") VALUES ('46537522-efa0-419c-8a9c-5d2c78658e84', '56204342-7612-490a-ab90-870e2175d5f3', 'sunday', '18:00:00', '19:00:00', '2025-10-15T20:13:00.304773+00:00', NULL) ON CONFLICT DO NOTHING;
INSERT INTO "activity_schedules" ("id", "activity_id", "day_of_week", "start_time", "end_time", "created_at", "notes") VALUES ('bb157b04-3281-465d-a7b1-f72a5398a74f', '56204342-7612-490a-ab90-870e2175d5f3', 'tuesday', '18:00:00', '19:00:00', '2025-10-15T20:13:00.304773+00:00', NULL) ON CONFLICT DO NOTHING;
INSERT INTO "activity_schedules" ("id", "activity_id", "day_of_week", "start_time", "end_time", "created_at", "notes") VALUES ('2929b64e-8685-418d-afec-033e3da8e76e', '56204342-7612-490a-ab90-870e2175d5f3', 'thursday', '18:00:00', '19:00:00', '2025-10-15T20:13:00.304773+00:00', NULL) ON CONFLICT DO NOTHING;

-- Inserting 13 rows into package_activities
INSERT INTO "package_activities" ("id", "package_id", "class_id", "created_at", "activity_id", "instructor_id") VALUES ('ff5ab9d2-766f-45bd-a4fa-cd7778ccbce1', '6858ac77-8e42-4335-9304-8f65a4d02144', NULL, '2025-10-18T03:38:49.067045+00:00', 'd9bb5f9d-1f5b-4665-a330-0e9ff5455842', '31735e81-f023-4543-999a-c91a09f6add5') ON CONFLICT DO NOTHING;
INSERT INTO "package_activities" ("id", "package_id", "class_id", "created_at", "activity_id", "instructor_id") VALUES ('79b08695-c037-4bc9-a345-148a57539d75', 'cedf7781-6296-4958-86e3-051b1f90eacc', NULL, '2025-10-18T03:41:45.14433+00:00', '2d72f34f-27ad-49af-a9e7-9e5fac8c5cce', '0f4b8a8b-4231-4ead-9753-c85ce320ddb6') ON CONFLICT DO NOTHING;
INSERT INTO "package_activities" ("id", "package_id", "class_id", "created_at", "activity_id", "instructor_id") VALUES ('5996ae1c-9d8b-4356-8647-dd75161d713f', '6cc31494-f8f3-41de-aa09-7ad8849868ab', NULL, '2025-10-18T03:43:53.248947+00:00', '56204342-7612-490a-ab90-870e2175d5f3', '0f4b8a8b-4231-4ead-9753-c85ce320ddb6') ON CONFLICT DO NOTHING;
INSERT INTO "package_activities" ("id", "package_id", "class_id", "created_at", "activity_id", "instructor_id") VALUES ('36cf9fad-7cc4-44f3-958f-d08b26813156', 'cd1b7b06-5cb1-4f32-a28c-1b461c7177cd', NULL, '2025-10-18T03:53:52.873014+00:00', '0576d84c-ea0e-4082-8a52-112a86d1b7fe', '0f4b8a8b-4231-4ead-9753-c85ce320ddb6') ON CONFLICT DO NOTHING;
INSERT INTO "package_activities" ("id", "package_id", "class_id", "created_at", "activity_id", "instructor_id") VALUES ('6bf7d7c6-84cb-45bf-a767-5315e79c65ee', '537d775e-a067-4683-8404-d68fcb57ebf9', NULL, '2025-10-18T11:55:25.43246+00:00', '7c86302d-4b0d-46ad-a6a0-3acd45a4d025', '3acb6516-0e33-4c5e-85ca-93ae89384d94') ON CONFLICT DO NOTHING;
INSERT INTO "package_activities" ("id", "package_id", "class_id", "created_at", "activity_id", "instructor_id") VALUES ('49fc81ab-e495-4e03-ba0c-dccef6211108', 'b2d65d14-110e-44eb-b1c7-41b3932531e1', NULL, '2025-10-18T11:56:09.293285+00:00', '16512cae-942a-427d-9d34-09f618141183', '3acb6516-0e33-4c5e-85ca-93ae89384d94') ON CONFLICT DO NOTHING;
INSERT INTO "package_activities" ("id", "package_id", "class_id", "created_at", "activity_id", "instructor_id") VALUES ('46bd5a79-cf1e-4498-a5e8-6cc8c9e6baf8', '4eb0796f-8c81-49da-ad52-a6820915fc92', NULL, '2025-10-18T03:37:37.988628+00:00', '35c36113-7081-4127-ad92-44a9378fc94a', '31735e81-f023-4543-999a-c91a09f6add5') ON CONFLICT DO NOTHING;
INSERT INTO "package_activities" ("id", "package_id", "class_id", "created_at", "activity_id", "instructor_id") VALUES ('f1f9bf5b-6419-46cf-9961-f01d6353a1fd', '27089697-a56b-4c29-8689-7a8882dd99e0', NULL, '2025-10-18T03:40:33.261333+00:00', 'd9bb5f9d-1f5b-4665-a330-0e9ff5455842', '31735e81-f023-4543-999a-c91a09f6add5') ON CONFLICT DO NOTHING;
INSERT INTO "package_activities" ("id", "package_id", "class_id", "created_at", "activity_id", "instructor_id") VALUES ('c8ed802c-76ac-4e09-a328-8327b07f2da8', '70640995-dd65-4d9b-8938-6eee5e370667', NULL, '2025-10-18T03:42:34.322713+00:00', 'e30baffd-ed4d-4c96-887d-d87473c7c0a5', '31735e81-f023-4543-999a-c91a09f6add5') ON CONFLICT DO NOTHING;
INSERT INTO "package_activities" ("id", "package_id", "class_id", "created_at", "activity_id", "instructor_id") VALUES ('abd6923b-c973-48c5-a724-ea229cd366eb', '86b3de2b-db80-4dcb-9399-444cf6901105', NULL, '2025-10-18T03:45:10.404929+00:00', '335a50f9-3760-476d-82bb-416dd008ae54', '0f4b8a8b-4231-4ead-9753-c85ce320ddb6') ON CONFLICT DO NOTHING;
INSERT INTO "package_activities" ("id", "package_id", "class_id", "created_at", "activity_id", "instructor_id") VALUES ('4a833122-33de-40fc-ba3a-80551dc39a1b', '15ff2ba3-5455-423a-a813-2d4a3575c803', NULL, '2025-10-18T03:55:51.581488+00:00', 'c867435b-24c5-4529-9bc2-8fa9928ac1bb', '0f4b8a8b-4231-4ead-9753-c85ce320ddb6') ON CONFLICT DO NOTHING;
INSERT INTO "package_activities" ("id", "package_id", "class_id", "created_at", "activity_id", "instructor_id") VALUES ('94b4b833-86c0-4892-a615-0316849a601f', '56665c17-7819-4dc7-9c77-db50fe9325e9', NULL, '2025-10-18T11:55:49.821541+00:00', 'b9eccf70-cc83-4124-9468-20d7646443c9', '3acb6516-0e33-4c5e-85ca-93ae89384d94') ON CONFLICT DO NOTHING;
INSERT INTO "package_activities" ("id", "package_id", "class_id", "created_at", "activity_id", "instructor_id") VALUES ('1496678b-0466-4de3-b2b5-defa8fc78a4a', '1e5d4692-6eea-47de-a351-8ef2b440875e', NULL, '2025-10-18T11:56:33.81907+00:00', '4541b920-6b36-4459-b7cb-c3f714e1d3ec', '3acb6516-0e33-4c5e-85ca-93ae89384d94') ON CONFLICT DO NOTHING;

-- Inserting 1 rows into package_enrollments
INSERT INTO "package_enrollments" ("id", "package_id", "member_id", "enrolled_at", "is_active", "created_at", "updated_at", "package_price_version_id", "enrollment_transaction_id", "package_transaction_id") VALUES ('6edd3ff4-60d6-4b18-969f-4e6a841d2604', 'b2d65d14-110e-44eb-b1c7-41b3932531e1', '4b9a8e69-8bda-4de9-8d80-8bf80db0c93f', '2025-10-26T07:04:06.711572+00:00', true, '2025-10-26T07:04:06.711572+00:00', '2025-10-26T07:04:06.711572+00:00', NULL, NULL, NULL) ON CONFLICT DO NOTHING;

-- Inserting 2 rows into membership_history
INSERT INTO "membership_history" ("id", "user_id", "child_id", "club_id", "member_name", "joined_date", "left_date", "duration_days", "leave_reason", "created_at") VALUES ('4202cf07-f8b6-4c58-b4d5-9f7528e12b29', '3f9a5abf-a9c8-46de-ad7f-0466a8c1e054', NULL, 'fb19b81e-1874-4451-8193-9429d637efc8', 'Ghassan Mohamed Yusuf', '2025-10-15', '2025-10-15', 0, 'Instructor position ended', '2025-10-15T05:00:31.328171+00:00') ON CONFLICT DO NOTHING;
INSERT INTO "membership_history" ("id", "user_id", "child_id", "club_id", "member_name", "joined_date", "left_date", "duration_days", "leave_reason", "created_at") VALUES ('09a140e4-44b5-4277-b3ee-686efaceeb56', '3f9a5abf-a9c8-46de-ad7f-0466a8c1e054', NULL, 'fb19b81e-1874-4451-8193-9429d637efc8', 'Ghassan Mohamed Yusuf', '2025-10-15', '2025-10-15', 0, 'found better oppertunity', '2025-10-15T05:20:12.09636+00:00') ON CONFLICT DO NOTHING;

-- Inserting 18 rows into facility_operating_hours
INSERT INTO "facility_operating_hours" ("id", "club_facility_id", "day_of_week", "start_time", "end_time", "created_at") VALUES ('35d28b95-95e3-4694-a82d-cc61eb5f7f58', '095e0b27-d269-413f-a057-5c3b227643fd', 'Saturday', '16:00:00', '22:00:00', '2025-10-15T18:31:12.430126+00:00') ON CONFLICT DO NOTHING;
INSERT INTO "facility_operating_hours" ("id", "club_facility_id", "day_of_week", "start_time", "end_time", "created_at") VALUES ('103660aa-733e-4172-a24f-ad750d506e32', '095e0b27-d269-413f-a057-5c3b227643fd', 'Sunday', '16:00:00', '22:00:00', '2025-10-15T18:31:12.430126+00:00') ON CONFLICT DO NOTHING;
INSERT INTO "facility_operating_hours" ("id", "club_facility_id", "day_of_week", "start_time", "end_time", "created_at") VALUES ('4829ff2a-831b-4362-a8b4-61b4f8d115be', '095e0b27-d269-413f-a057-5c3b227643fd', 'Monday', '16:00:00', '22:00:00', '2025-10-15T18:31:12.430126+00:00') ON CONFLICT DO NOTHING;
INSERT INTO "facility_operating_hours" ("id", "club_facility_id", "day_of_week", "start_time", "end_time", "created_at") VALUES ('70e58913-e216-4080-8cd4-dabd6f72fe14', '095e0b27-d269-413f-a057-5c3b227643fd', 'Tuesday', '16:00:00', '22:00:00', '2025-10-15T18:31:12.430126+00:00') ON CONFLICT DO NOTHING;
INSERT INTO "facility_operating_hours" ("id", "club_facility_id", "day_of_week", "start_time", "end_time", "created_at") VALUES ('a7a0a800-b9b3-4e14-9d46-a04820d5f319', '095e0b27-d269-413f-a057-5c3b227643fd', 'Wednesday', '16:00:00', '22:00:00', '2025-10-15T18:31:12.430126+00:00') ON CONFLICT DO NOTHING;
INSERT INTO "facility_operating_hours" ("id", "club_facility_id", "day_of_week", "start_time", "end_time", "created_at") VALUES ('f412df44-8bb0-4739-bc90-9751cd12fd3f', '095e0b27-d269-413f-a057-5c3b227643fd', 'Thursday', '16:00:00', '22:00:00', '2025-10-15T18:31:12.430126+00:00') ON CONFLICT DO NOTHING;
INSERT INTO "facility_operating_hours" ("id", "club_facility_id", "day_of_week", "start_time", "end_time", "created_at") VALUES ('128da3f7-c7f4-4d18-b7de-ee4bead3b5db', 'f367e4cd-d41e-49a7-ba0e-317337f34952', 'Saturday', '16:30:00', '19:30:00', '2025-10-15T19:06:41.390703+00:00') ON CONFLICT DO NOTHING;
INSERT INTO "facility_operating_hours" ("id", "club_facility_id", "day_of_week", "start_time", "end_time", "created_at") VALUES ('5019d121-79fe-4a69-97f7-6103f9e9529a', 'f367e4cd-d41e-49a7-ba0e-317337f34952', 'Sunday', '16:30:00', '19:30:00', '2025-10-15T19:06:41.390703+00:00') ON CONFLICT DO NOTHING;
INSERT INTO "facility_operating_hours" ("id", "club_facility_id", "day_of_week", "start_time", "end_time", "created_at") VALUES ('65fdbc33-c3f0-475f-8011-92b5375b1df4', 'f367e4cd-d41e-49a7-ba0e-317337f34952', 'Monday', '16:30:00', '19:30:00', '2025-10-15T19:06:41.390703+00:00') ON CONFLICT DO NOTHING;
INSERT INTO "facility_operating_hours" ("id", "club_facility_id", "day_of_week", "start_time", "end_time", "created_at") VALUES ('0f3991da-a992-45d7-a3be-56803e675790', 'f367e4cd-d41e-49a7-ba0e-317337f34952', 'Tuesday', '16:30:00', '19:30:00', '2025-10-15T19:06:41.390703+00:00') ON CONFLICT DO NOTHING;
INSERT INTO "facility_operating_hours" ("id", "club_facility_id", "day_of_week", "start_time", "end_time", "created_at") VALUES ('184e0bf3-c129-4870-b557-6e199b7b4e7b', 'f367e4cd-d41e-49a7-ba0e-317337f34952', 'Wednesday', '16:30:00', '19:30:00', '2025-10-15T19:06:41.390703+00:00') ON CONFLICT DO NOTHING;
INSERT INTO "facility_operating_hours" ("id", "club_facility_id", "day_of_week", "start_time", "end_time", "created_at") VALUES ('62eb4df1-3de9-4b2e-bb9d-b7a67c881dce', 'f367e4cd-d41e-49a7-ba0e-317337f34952', 'Thursday', '16:30:00', '19:30:00', '2025-10-15T19:06:41.390703+00:00') ON CONFLICT DO NOTHING;
INSERT INTO "facility_operating_hours" ("id", "club_facility_id", "day_of_week", "start_time", "end_time", "created_at") VALUES ('bc7d9afb-0246-4a10-93e9-463eee60a3ca', '842d7a64-a4a8-43ae-8eef-7359a604960d', 'Saturday', '16:30:00', '19:30:00', '2025-10-17T19:38:49.467837+00:00') ON CONFLICT DO NOTHING;
INSERT INTO "facility_operating_hours" ("id", "club_facility_id", "day_of_week", "start_time", "end_time", "created_at") VALUES ('d0ac9f31-edd1-4c6b-ba0d-cd008d490519', '842d7a64-a4a8-43ae-8eef-7359a604960d', 'Sunday', '16:30:00', '19:30:00', '2025-10-17T19:38:49.467837+00:00') ON CONFLICT DO NOTHING;
INSERT INTO "facility_operating_hours" ("id", "club_facility_id", "day_of_week", "start_time", "end_time", "created_at") VALUES ('4310218d-92d9-4a5c-8518-a1a6d3c92983', '842d7a64-a4a8-43ae-8eef-7359a604960d', 'Monday', '16:30:00', '19:30:00', '2025-10-17T19:38:49.467837+00:00') ON CONFLICT DO NOTHING;
INSERT INTO "facility_operating_hours" ("id", "club_facility_id", "day_of_week", "start_time", "end_time", "created_at") VALUES ('c0693019-a054-4555-8614-91332b2be955', '842d7a64-a4a8-43ae-8eef-7359a604960d', 'Tuesday', '16:30:00', '19:30:00', '2025-10-17T19:38:49.467837+00:00') ON CONFLICT DO NOTHING;
INSERT INTO "facility_operating_hours" ("id", "club_facility_id", "day_of_week", "start_time", "end_time", "created_at") VALUES ('a3e2472a-a68d-404a-9818-22195a488fae', '842d7a64-a4a8-43ae-8eef-7359a604960d', 'Wednesday', '16:30:00', '19:30:00', '2025-10-17T19:38:49.467837+00:00') ON CONFLICT DO NOTHING;
INSERT INTO "facility_operating_hours" ("id", "club_facility_id", "day_of_week", "start_time", "end_time", "created_at") VALUES ('8adde875-4167-49b5-bdd5-bfd2db9a593f', '842d7a64-a4a8-43ae-8eef-7359a604960d', 'Thursday', '16:30:00', '19:30:00', '2025-10-17T19:38:49.467837+00:00') ON CONFLICT DO NOTHING;

-- Inserting 2 rows into facility_pictures
INSERT INTO "facility_pictures" ("id", "club_facility_id", "image_url", "display_order", "created_at") VALUES ('26c2bfaf-7d4e-434f-b17d-fa61c5f58a40', '095e0b27-d269-413f-a057-5c3b227643fd', 'https://zcwfreuywtlrrgevhtmo.supabase.co/storage/v1/object/public/avatars/3f9a5abf-a9c8-46de-ad7f-0466a8c1e054/club-bbcc719f-7fd5-41b6-b2c0-3834a4e94018-facility-new-picture-1760553038712-1760553063159.jpg', 0, '2025-10-15T18:31:12.631169+00:00') ON CONFLICT DO NOTHING;
INSERT INTO "facility_pictures" ("id", "club_facility_id", "image_url", "display_order", "created_at") VALUES ('baa48a00-a781-4f04-9316-af8a15165835', 'f367e4cd-d41e-49a7-ba0e-317337f34952', 'https://zcwfreuywtlrrgevhtmo.supabase.co/storage/v1/object/public/avatars/3f9a5abf-a9c8-46de-ad7f-0466a8c1e054/club-fb19b81e-1874-4451-8193-9429d637efc8-facility-new-picture-1760554986704-1760555005424.jpg', 0, '2025-10-15T19:06:41.59404+00:00') ON CONFLICT DO NOTHING;

-- Re-enable triggers and foreign key constraints
SET session_replication_role = DEFAULT;

-- Import completed successfully